Delivery_person_Age,Delivery_person_Ratings,Restaurant_latitude,Restaurant_longitude,Delivery_location_latitude,Delivery_location_longitude,Weatherconditions,Road_traffic_density,Vehicle_condition,Type_of_vehicle,Type_of_order,City,Time_Orderd,Time_Order_picked,Time_taken(min)
47,4.9,12.94107680030018,77.62450509646014,12.948582706475957,77.60268005409337,conditions Stormy,Jam ,1,electric_scooter,Buffet,Metropolitan ,09:08,09:32,(min) 61
50,4.6,12.968953783193976,77.55945639020801,12.93502689713996,77.57794017814473,conditions Sunny,High ,2,bicycle,Drinks,Metropolitan ,16:41,17:01,(min) 44
24,4,12.962752910515666,77.57186152678952,12.876831963704776,77.60257808173024,conditions Cloudy,Low ,0,scooter,Buffet,Urban ,21:34,21:49,(min) 71
46,4.5,12.972338679505885,77.56398997047022,13.010853270580833,77.60573728191929,conditions Cloudy,High ,2,scooter,Snack,Metropolitan ,18:52,19:14,(min) 54
26,4.9,12.96602115003243,77.55824316985012,12.894917951448615,77.55691939902336,conditions Sunny,Jam ,2,bicycle,Snack,Metropolitan ,12:29,12:51,(min) 67
49,NaN ,12.951986181399226,77.60207898479923,12.962234746196179,77.5389031023076,conditions Sandstorms,High ,1,motorcycle,Meal,Metropolitan ,22:14,22:37,(min) 63
29,4.4,12.988209475016594,77.61988743384406,12.971313654146027,77.75308962973845,conditions Cloudy,High ,2,motorcycle,Meal,Metropolitan ,19:58,20:08,(min) 90
20,4.6,12.990114022585004,77.62692874255627,12.970126010442545,77.64041495569572,conditions Sandstorms,High ,2,bicycle,Drinks,Urban ,16:36,16:49,(min) 49
48,3.9,12.937164249474556,77.56584207191169,12.900398136363899,77.50757015692437,conditions Sunny,Medium ,0,electric_scooter,Meal,Urban ,16:21,16:41,(min) 62
43,4.3,12.93986057193801,77.58199055071026,12.977314351613925,77.58590927765702,conditions Windy,Jam ,1,bicycle,Meal,Metropolitan ,14:21,14:41,(min) 68
35,3.7,12.97291448727101,77.61041021720544,12.95214517865125,77.57688923218024,conditions Sunny,Medium ,0,bicycle,Snack,Metropolitan ,22:40,22:59,(min) 47
33,4.6,12.949510337168723,77.61746120705307,13.02563033771151,77.6996854541197,conditions Stormy,Jam ,2,motorcycle,Drinks,Urban ,16:53,17:14,(min) 91
28,4.8,12.995084991770238,77.60941179270894,13.049360026856816,77.65493771230943,conditions Cloudy,Low ,0,bicycle,Buffet,Metropolitan ,14:07,14:18,(min) 57
21,4.8,12.935585839895905,77.62363816753998,12.800754026615179,77.63479395408432,conditions Cloudy,Medium ,0,bicycle,Buffet,Metropolitan ,08:47,09:03,(min) 81
35,3.6,12.997293741757423,77.56898421182335,13.036014689815994,77.6650435753227,conditions Cloudy,High ,0,scooter,Buffet,Urban ,15:42,15:54,(min) 81
39,4.8,13.00763881834075,77.60758407230526,12.984966476217021,77.65501049533668,conditions Foggy,Jam ,1,motorcycle,Buffet,Metropolitan ,09:04,09:24,(min) 67
24,4.4,12.949208425430953,77.55782589570656,13.029763316731898,77.54631379145921,conditions Sunny,Jam ,1,scooter,Meal,Urban ,16:52,17:05,(min) 71
41,3.7,12.97655171122253,77.62060811859592,12.97316777627525,77.73324231620315,conditions Cloudy,Medium ,2,electric_scooter,Snack,Metropolitan ,12:58,13:13,(min) 81
40,4.2,13.00260017664954,77.62252301449925,13.055576060536525,77.57946487320764,conditions Sandstorms,Medium ,1,motorcycle,Snack,Metropolitan ,19:11,19:32,(min) 66
31,4.5,13.01104786887616,77.57742652670518,13.051312081973187,77.53275817252539,conditions Sandstorms,Low ,2,scooter,Meal,Metropolitan ,21:47,22:01,(min) 49
23,4.7,12.941985001618416,77.58830433025062,12.89007240431263,77.63096949477743,conditions Windy,Low ,2,scooter,Buffet,Metropolitan ,16:06,16:16,(min) 48
27,4.7,12.966206674313545,77.5680471916966,12.907595935460003,77.57850225434515,conditions Sunny,High ,1,scooter,Snack,Urban ,22:42,23:05,(min) 52
44,4.7,12.978369795231522,77.62689318553582,12.949933565499457,77.59325810568805,conditions Stormy,Medium ,0,scooter,Buffet,Urban ,16:20,16:41,(min) 58
24,4.3,12.97138269390762,77.58206201654896,12.939235006637247,77.60823059937906,conditions Windy,Medium ,1,bicycle,Meal,Metropolitan ,12:37,12:52,(min) 49
41,3.7,12.980057988481969,77.58676338668019,13.032118865762097,77.50932863969153,conditions Sandstorms,High ,0,electric_scooter,Buffet,Metropolitan ,17:06,17:26,(min) 86
47,4.4,12.96843982949704,77.5906789971985,12.933335936890883,77.58501942293483,conditions Sunny,Jam ,0,scooter,Drinks,Semi-Urban ,12:52,13:10,(min) 69
45,4.9,12.993927427193523,77.61423473578915,13.042289984421014,77.72449329363586,conditions Sunny,High ,2,scooter,Buffet,Metropolitan ,15:32,15:45,(min) 72
34,3.7,12.952710692005605,77.56809606666714,12.890573983873834,77.58122474151183,conditions Stormy,Low ,0,electric_scooter,Drinks,Metropolitan ,20:07,20:22,(min) 69
27,4.6,12.958523596672714,77.6132370866932,12.891565709866217,77.608357819561,conditions Windy,Medium ,1,scooter,Buffet,Urban ,15:01,15:13,(min) 50
29,4.3,12.972079155108332,77.57914213520512,12.943755774670892,77.61116661245025,conditions Sandstorms,Jam ,1,bicycle,Meal,Urban ,22:38,22:52,(min) 65
25,4.4,13.00725790925175,77.5748827061899,13.023166826603461,77.51875369402003,conditions Foggy,High ,0,motorcycle,Drinks,Urban ,22:42,22:56,(min) 64
36,5,12.934778593367339,77.62161020641253,12.895820558933368,77.635707131624,conditions Cloudy,High ,1,electric_scooter,Meal,Metropolitan ,10:04,10:19,(min) 53
42,NaN ,13.00261233979687,77.62838582444041,13.092801480862507,77.68003081405897,conditions Foggy,High ,1,scooter,Meal,Urban ,11:53,12:05,(min) 73
24,NaN ,12.976264539434016,77.6159868428953,12.953901692318947,77.61537954905687,conditions Windy,High ,0,electric_scooter,Snack,Metropolitan ,10:07,10:30,(min) 44
50,4.9,12.947794829754532,77.6324825991787,12.898713705416071,77.6436382536288,conditions Windy,Low ,0,bicycle,Buffet,Metropolitan ,14:01,14:25,(min) 51
21,4.7,12.943084946925193,77.59476609482468,12.915229291723596,77.57620450647858,conditions Foggy,High ,0,electric_scooter,Snack,Metropolitan ,20:41,20:53,(min) 61
23,4.4,12.942703934645653,77.6303014930062,12.942747455722612,77.58157106281986,conditions Sunny,Low ,0,scooter,Drinks,Metropolitan ,22:17,22:40,(min) 40
27,4.6,12.93976457008943,77.62451354566068,12.878730367330306,77.57441926485323,conditions Sandstorms,Medium ,0,electric_scooter,Drinks,Urban ,08:44,08:58,(min) 60
38,4.2,12.939679386670143,77.59458255662621,12.858940176729288,77.58604943681726,conditions Sandstorms,Low ,2,bicycle,Buffet,Urban ,16:25,16:42,(min) 54
26,4.9,12.941303073482961,77.62187466259152,13.019034813040616,77.65755955330775,conditions Sandstorms,Low ,1,bicycle,Meal,Metropolitan ,16:38,16:52,(min) 53
24,4.4,13.004308494476975,77.56025472299233,12.916741080094855,77.66079050302787,conditions Foggy,Jam ,1,scooter,Meal,Metropolitan ,21:48,22:02,(min) 99
32,3.7,12.988039268309624,77.58656851305663,13.019425087395904,77.51891302346085,conditions Sunny,Jam ,2,motorcycle,Buffet,Semi-Urban ,14:16,14:35,(min) 75
38,3.9,12.978337185698003,77.58750940556675,12.927569995281385,77.65998985252922,conditions Stormy,Low ,0,electric_scooter,Snack,Metropolitan ,16:25,16:44,(min) 67
21,3.9,12.95344530120343,77.62347107664719,13.011460306876783,77.5393994196811,conditions Foggy,NaN ,2,bicycle,Snack,Metropolitan ,14:54,15:04,(min) 76
24,4.7,12.960062515361608,77.58186771684363,12.970494025164664,77.56376226129096,conditions Sandstorms,Medium ,0,bicycle,Drinks,Urban ,14:28,14:39,(min) 52
27,5,12.956194820141793,77.62648195465133,12.94561995966164,77.58022391505804,conditions Foggy,High ,1,bicycle,Buffet,Metropolitan ,16:54,17:10,(min) 55
45,4.6,12.945391271205992,77.56918959084004,12.925023137730838,77.5504570069213,conditions Windy,Jam ,2,scooter,Drinks,Urban ,10:32,10:55,(min) 57
50,4.7,12.98286785727218,77.56361140980422,13.008351063242179,77.54130891766268,conditions Sandstorms,High ,1,scooter,Meal,Metropolitan ,11:04,11:21,(min) 52
23,3.7,12.983634286856653,77.62481550534294,12.96577068032089,77.61234988266354,conditions Foggy,High ,1,electric_scooter,Drinks,Urban ,14:12,14:24,(min) 61
43,4.3,12.93980698838681,77.59082999245301,12.909448644267902,77.70355691269397,conditions Stormy,High ,2,scooter,Buffet,Metropolitan ,22:38,22:48,(min) 83
29,4.7,12.970742814595253,77.60694960012138,12.938822979373766,77.53088581346927,conditions Windy,High ,2,bicycle,Meal,Metropolitan ,12:53,13:09,(min) 65
49,4.4,12.966529381012917,77.60141596277282,13.044799158450566,77.51323391348306,conditions Windy,Medium ,2,bicycle,Meal,Urban ,11:26,11:39,(min) 68
39,4.6,12.991563118843734,77.60387880460397,12.915290811711689,77.61728402340248,conditions Sandstorms,Medium ,1,bicycle,Meal,Metropolitan ,08:55,09:18,(min) 56
22,3.6,12.933195713812859,77.59901978506744,13.047242941545115,77.55496371219105,conditions Cloudy,Medium ,1,electric_scooter,Snack,Metropolitan ,10:48,11:12,(min) 78
37,4,12.965270727610589,77.58136145194098,13.010002570794628,77.46413189928919,conditions Sunny,Low ,2,motorcycle,Buffet,Metropolitan ,15:43,15:54,(min) 65
38,4.5,13.003413297029585,77.56172360721081,13.073201331790994,77.60031063915126,conditions Sunny,Jam ,1,scooter,Snack,Urban ,11:14,11:35,(min) 65
33,3.9,12.980929679924996,77.5789625896424,13.067251152514665,77.6027704033208,conditions Stormy,Low ,1,electric_scooter,Snack,Metropolitan ,15:57,16:15,(min) 70
21,3.6,12.980248951649667,77.60973009784743,12.878996100389246,77.63403913450692,conditions Sunny,High ,1,bicycle,Buffet,Metropolitan ,11:24,11:40,(min) 73
24,3.7,12.998373072239012,77.58155407848805,12.96138140307913,77.55450343924252,conditions Stormy,Medium ,2,motorcycle,Snack,Urban ,17:40,17:55,(min) 53
45,3.8,13.004647837931664,77.60591863884628,13.051467127343678,77.65890511079753,conditions Sandstorms,High ,2,electric_scooter,Meal,Metropolitan ,09:46,10:07,(min) 71
27,4.2,12.95185467813015,77.59160002549216,12.934412572867656,77.57581464768222,conditions Foggy,Jam ,0,bicycle,Drinks,Urban ,10:56,11:08,(min) 65
21,5,13.008320157675445,77.63394015804901,13.113001270472273,77.55244307085616,conditions Cloudy,Jam ,2,motorcycle,Drinks,Urban ,16:27,16:51,(min) 85
41,4.9,12.976028557679058,77.61845617038234,12.940672996408527,77.62828766028349,conditions Foggy,High ,0,electric_scooter,Snack,Metropolitan ,20:34,20:58,(min) 65
42,4.2,12.989049359875173,77.62923165912777,12.933226388734585,77.67599536757719,conditions Foggy,Low ,2,scooter,Meal,Metropolitan ,08:20,08:39,(min) 54
20,4.2,12.985287469772995,77.6291093315281,12.99380375426379,77.57276409363025,conditions Cloudy,Low ,2,electric_scooter,Snack,Metropolitan ,20:27,20:40,(min) 53
42,4.8,12.962849229628594,77.57743297114074,12.895042281996737,77.51803586427884,conditions Stormy,Low ,1,scooter,Meal,Metropolitan ,13:08,13:19,(min) 70
45,4.6,12.946511138415337,77.61615622599646,12.911759644941279,77.6804930432557,conditions Sandstorms,Medium ,0,bicycle,Snack,Metropolitan ,16:29,16:47,(min) 63
34,5,12.968703447671981,77.5897216397807,13.064704911522172,77.57263657645697,conditions Sandstorms,Jam ,2,bicycle,Drinks,Urban ,10:15,10:26,(min) 83
42,4,12.938738713318855,77.58027250423133,13.027125784644252,77.60254209274757,conditions Sandstorms,Low ,2,scooter,Drinks,Urban ,19:41,19:59,(min) 67
46,4.5,12.945998748856038,77.61092503423839,12.970418667145442,77.61334350607302,conditions Foggy,Medium ,2,motorcycle,Meal,Metropolitan ,08:56,09:19,(min) 45
44,3.8,12.969888292698563,77.63388951198235,12.888719941799724,77.6818149841655,conditions Windy,High ,1,motorcycle,Snack,Metropolitan ,18:00,18:19,(min) 75
26,4.7,12.973424888903649,77.58668778195083,12.942434435514109,77.58102183113334,conditions Sandstorms,Low ,2,motorcycle,Drinks,Metropolitan ,10:04,10:14,(min) 38
41,4.2,12.952365108466148,77.61565505345389,12.95276951288211,77.64710752463557,conditions Sunny,Jam ,2,motorcycle,Meal,Urban ,15:53,16:03,(min) 51
41,3.7,12.952053053526582,77.63240676895752,13.000909199152675,77.59401086546285,conditions Foggy,High ,1,scooter,Drinks,Metropolitan ,20:02,20:23,(min) 77
50,4.7,12.977610881382972,77.59581942929924,13.004886599541432,77.59176979845924,conditions Stormy,High ,2,motorcycle,Meal,Metropolitan ,08:46,09:10,(min) 54
42,3.6,12.992967722153663,77.60120326479003,13.120547923364036,77.58038238152548,conditions Stormy,High ,0,bicycle,Drinks,Metropolitan ,11:59,12:11,(min) 101
22,4.9,12.93510102281198,77.59348154726476,12.859883644234097,77.5913396023511,conditions Foggy,High ,2,bicycle,Snack,Semi-Urban ,10:58,11:17,(min) 61
40,4.6,12.961999815756828,77.62680807127654,13.066307277646086,77.64408273795439,conditions Stormy,Low ,0,bicycle,Drinks,Metropolitan ,22:44,23:04,(min) 69
31,3.9,12.972541588282585,77.63072150786445,12.914108668915764,77.50823566993766,conditions Sunny,Medium ,1,scooter,Buffet,Metropolitan ,09:54,10:14,(min) 76
21,4.3,12.944779731126875,77.56543939891309,12.966181114160019,77.55498834515215,conditions Stormy,Low ,2,motorcycle,Buffet,Metropolitan ,18:32,18:51,(min) 38
31,4.4,12.945914141757786,77.58029481702522,12.932605929491604,77.47184273639829,conditions Sunny,Jam ,0,electric_scooter,Drinks,Metropolitan ,10:37,10:48,(min) 82
23,4.7,12.999540163705499,77.59447733185291,12.87614749460945,77.59725144292773,conditions Windy,Medium ,2,electric_scooter,Drinks,Metropolitan ,22:14,22:35,(min) 70
24,3.6,12.9997721932441,77.57344507274256,13.007129093473452,77.61447421547088,conditions Windy,Low ,0,bicycle,Meal,Metropolitan ,10:04,10:16,(min) 43
29,4,12.947435328828544,77.6342037690714,12.936674814338609,77.61292209982696,conditions Sunny,High ,2,electric_scooter,Snack,Metropolitan ,09:35,09:59,(min) 40
32,4.8,12.933649694024027,77.58043078036084,12.85720061913119,77.68264588195107,conditions Stormy,Jam ,2,electric_scooter,Snack,Urban ,10:01,10:18,(min) 93
23,4,12.960042794755102,77.556425172659,12.961709822158358,77.53062806610887,conditions Sandstorms,Jam ,1,motorcycle,Drinks,Urban ,13:20,13:40,(min) 66
50,3.6,12.99389482460767,77.58641552024558,12.947468880690032,77.57745491919891,conditions Stormy,High ,2,scooter,Snack,Urban ,09:56,10:16,(min) 64
45,3.7,12.968996951317788,77.57387767751739,13.00152239666046,77.46535281232988,conditions Windy,High ,2,electric_scooter,Drinks,Metropolitan ,09:08,09:28,(min) 82
27,4,12.97504815587625,77.55514535131901,13.038186611414377,77.63873899105862,conditions Sunny,High ,2,bicycle,Drinks,Metropolitan ,09:43,09:53,(min) 70
38,4.9,13.002502933366598,77.59864747219756,13.133140455507375,77.55226382194532,conditions Sandstorms,High ,2,bicycle,Meal,Metropolitan ,18:31,18:54,(min) 86
NaN ,3.8,13.007878456542642,77.61136207721233,13.033565052410731,77.61037118340012,conditions Stormy,Low ,1,motorcycle,Meal,Metropolitan ,20:26,20:36,(min) 52
48,3.8,12.94904422601536,77.60379365353883,13.021428003275611,77.66996041562535,conditions Sunny,Jam ,2,motorcycle,Meal,Metropolitan ,17:45,17:55,(min) 78
32,4.8,12.9631407307446,77.5883280936353,12.895243274207433,77.56548288731429,conditions Stormy,Jam ,2,scooter,Buffet,Metropolitan ,08:08,08:21,(min) 73
44,3.7,12.992165829779953,77.6312999137029,12.91504266308195,77.56345047469647,conditions Sandstorms,High ,1,bicycle,Buffet,Metropolitan ,17:56,18:14,(min) 84
45,4,12.961427588237823,77.61979699858502,12.983667789482311,77.65731305218355,conditions Foggy,Low ,2,bicycle,Meal,Metropolitan ,10:36,10:50,(min) 45
44,5,12.981256111840159,77.57304617798924,12.974155476465084,77.6395189774702,conditions Sandstorms,High ,0,bicycle,Buffet,Urban ,11:43,12:06,(min) 69
28,4.4,12.961213320138306,77.60518865066618,13.01640293805619,77.52214383808943,conditions Sunny,High ,2,scooter,Buffet,Metropolitan ,19:10,19:27,(min) 74
20,3.7,12.945986052526534,77.5975671661742,12.979038806540569,77.67055152111361,conditions Cloudy,Medium ,1,electric_scooter,Snack,Metropolitan ,16:57,17:12,(min) 58
23,4.1,12.97547718046084,77.5972920183003,13.071646085226266,77.50218274792527,conditions Windy,Medium ,2,bicycle,Meal,Metropolitan ,13:06,13:29,(min) 84
37,4.7,12.93710168119371,77.57937439692243,12.921401267316392,77.48319060456292,conditions Cloudy,High ,0,bicycle,Snack,Metropolitan ,08:00,08:19,(min) 72
23,5,12.989526745694132,77.6098619606629,12.998677731267588,77.67252685898099,conditions Sandstorms,High ,0,motorcycle,Snack,Metropolitan ,09:27,09:40,(min) 63
39,3.9,12.942144010512532,77.62258380816355,12.977257252276248,77.65851549176546,conditions Foggy,Medium ,1,scooter,Snack,Urban ,12:03,12:26,(min) 57
46,5,12.945463751515746,77.57447718513235,12.919602517867489,77.71052548284658,conditions Sunny,High ,0,bicycle,Drinks,Metropolitan ,14:27,14:42,(min) 94
46,5,12.966028707640618,77.57807093764693,12.927750418331089,77.59923810261529,conditions Sandstorms,Medium ,0,bicycle,Buffet,Urban ,17:20,17:34,(min) 54
27,4.6,12.943029119948298,77.62936737812161,12.952669615648896,77.67323518364356,conditions Windy,Medium ,0,bicycle,Snack,Metropolitan ,10:47,11:00,(min) 50
41,4.8,12.97335859771669,77.56334980976806,12.957263267496238,77.60685357142015,conditions Sandstorms,Medium ,0,scooter,Buffet,Metropolitan ,11:34,11:57,(min) 50
34,4.8,12.996598357575387,77.6046286084786,13.083070646497717,77.6098898913089,conditions Foggy,Medium ,1,bicycle,Snack,Urban ,09:15,09:35,(min) 65
45,4.9,12.955266240815074,77.58297814763188,13.028848192260664,77.67155431784072,conditions Stormy,Jam ,0,motorcycle,Snack,Metropolitan ,18:16,18:35,(min) 99
34,4,12.944926844796539,77.55982039582953,12.928195806667578,77.54642290211373,conditions Sandstorms,Low ,2,electric_scooter,Buffet,Metropolitan ,22:05,22:27,(min) 38
20,4.8,12.991313820498437,77.60055059815794,12.950689333226105,77.61974969850286,conditions Cloudy,Medium ,1,bicycle,Snack,Metropolitan ,14:11,14:26,(min) 51
32,3.7,12.982624727933109,77.58874829576388,12.84810407283074,77.55259083725272,conditions Stormy,Low ,0,scooter,Buffet,Metropolitan ,19:45,20:04,(min) 96
45,4.5,12.972656045312435,77.5873091177553,12.998555505594217,77.58194142060843,conditions Foggy,Low ,0,electric_scooter,Snack,Urban ,18:55,19:06,(min) 40
50,4.7,12.960253221409769,77.57685253168493,12.987235209008754,77.54522596472472,conditions Stormy,Jam ,1,scooter,Snack,Metropolitan ,18:25,18:37,(min) 63
46,4.9,12.943216078726948,77.62692840979471,12.964892101272008,77.73145321282259,conditions Sandstorms,Low ,2,electric_scooter,Snack,Urban ,15:25,15:48,(min) 63
41,4.2,12.995646041592956,77.57086795222983,13.03970872282962,77.5703479403156,conditions Windy,Low ,2,electric_scooter,Meal,Metropolitan ,17:18,17:40,(min) 43
32,4.4,12.93349468530938,77.56455003405958,12.940146118397218,77.6738286582974,conditions Cloudy,Low ,2,scooter,Buffet,Semi-Urban ,17:33,17:52,(min) 63
31,4.3,12.959259707907588,77.60879031456113,12.975950311141153,77.58218772939368,conditions Windy,Jam ,0,electric_scooter,Meal,Metropolitan ,11:14,11:32,(min) 64
27,3.9,12.943078241309523,77.63310117256864,12.903364368369155,77.6473596503885,conditions Sandstorms,Medium ,0,scooter,Meal,Metropolitan ,11:41,11:56,(min) 58
45,4.6,12.961116337197275,77.61465873028189,12.962876992631909,77.68622482144,conditions Stormy,Medium ,1,motorcycle,Buffet,Metropolitan ,20:48,21:06,(min) 72
NaN ,4.8,12.968639197795094,77.60419531510249,12.981735774083417,77.52216057140319,conditions Cloudy,High ,2,electric_scooter,Buffet,Metropolitan ,21:46,21:56,(min) 67
35,4.7,13.003977940006555,77.58407484733537,12.99280155797122,77.56100856726256,conditions Windy,Low ,0,electric_scooter,Drinks,Metropolitan ,08:37,08:48,(min) 33
37,3.9,12.932148514518888,77.62961498788596,12.980572373637868,77.66518525071288,conditions Cloudy,Low ,0,motorcycle,Drinks,Metropolitan ,16:33,16:48,(min) 56
21,4.9,12.932844596019388,77.55467460838183,12.84187462703352,77.48844009940353,conditions Foggy,Jam ,1,bicycle,Drinks,Metropolitan ,10:44,11:02,(min) 88
36,4,12.936215757297726,77.5769014326766,12.92380832223719,77.52648643512487,conditions Windy,Low ,2,scooter,Drinks,Metropolitan ,17:26,17:43,(min) 38
38,4.5,12.987817756532133,77.59467708588615,12.86899738572683,77.5499824434778,conditions Foggy,Jam ,0,motorcycle,Buffet,Metropolitan ,21:44,21:57,(min) 97
20,NaN ,12.95258506288603,77.5752858060509,12.866564820900756,77.56141092119954,conditions Sandstorms,Medium ,1,bicycle,Meal,Metropolitan ,19:29,19:48,(min) 71
21,4.4,12.968456591645628,77.57169437713027,12.893906866479334,77.5954237124901,conditions Windy,Medium ,1,electric_scooter,Buffet,Urban ,17:24,17:37,(min) 55
22,4.1,12.982864175977559,77.596004482387,12.909944070140684,77.6456087448301,conditions Cloudy,Low ,1,scooter,Snack,Metropolitan ,16:38,16:55,(min) 57
50,3.7,12.979679315163196,77.59555745520666,13.015450216563893,77.65733396133868,conditions Sunny,Low ,1,bicycle,Buffet,Metropolitan ,22:05,22:20,(min) 55
29,4,12.979485597888381,77.62831059402824,12.938287607808755,77.61344369869047,conditions Cloudy,Jam ,2,bicycle,Meal,Metropolitan ,22:11,22:25,(min) 62
33,3.7,12.939830428621173,77.5676860956572,12.99338218065859,77.51643554777917,conditions Stormy,High ,2,bicycle,Drinks,Metropolitan ,18:05,18:21,(min) 71
28,4.4,12.980548047738523,77.62264740164429,13.015912541713893,77.65632923866904,conditions Sandstorms,High ,1,bicycle,Snack,Metropolitan ,10:01,10:15,(min) 58
40,3.8,12.972035169152916,77.56341969446316,12.95711737131725,77.6750441687624,conditions Sandstorms,Medium ,0,scooter,Drinks,Metropolitan ,17:22,17:36,(min) 84
26,4.7,12.99129000371173,77.55691370560825,13.070900604170397,77.62296741396456,conditions Windy,Medium ,1,motorcycle,Drinks,Metropolitan ,19:32,19:51,(min) 67
24,4,12.971661247348786,77.56122867484615,12.968372781722389,77.5925907513751,conditions Cloudy,High ,0,bicycle,Snack,Metropolitan ,22:02,22:23,(min) 51
22,4.2,12.989080090018362,77.58032325151413,13.0010527697646,77.55015444490554,conditions Sandstorms,Low ,2,scooter,Drinks,Metropolitan ,11:40,12:02,(min) 41
32,3.7,12.953289573414624,77.61067341440395,12.94507650367288,77.64475391268364,conditions Cloudy,Low ,2,bicycle,Snack,Metropolitan ,09:32,09:56,(min) 39
29,4.3,12.999512200186402,77.60850070796013,13.091856805616894,77.61895097786302,conditions Sandstorms,High ,2,motorcycle,Meal,Metropolitan ,20:23,20:40,(min) 77
34,3.6,12.994328301361204,77.5993086945735,12.915455552978235,77.66215251154742,conditions Windy,Low ,1,electric_scooter,Drinks,Metropolitan ,08:37,08:52,(min) 62
NaN ,4.3,12.932521372305603,77.62072241972238,12.874602891784713,77.67908395788778,conditions Windy,High ,2,scooter,Snack,Metropolitan ,21:02,21:15,(min) 74
21,3.5,13.002594915869087,77.58582242983431,13.03199186347607,77.70640123618143,conditions Sandstorms,Low ,2,motorcycle,Drinks,Metropolitan ,10:43,10:57,(min) 78
28,4.3,12.943564154280722,77.56738955684975,12.909992554559018,77.5077370380658,conditions Stormy,Jam ,1,bicycle,Buffet,Metropolitan ,11:35,11:57,(min) 73
39,4.8,12.937118275741488,77.60141403771043,12.990606661344668,77.68052386197635,conditions Windy,Low ,1,motorcycle,Meal,Metropolitan ,16:56,17:09,(min) 59
40,4.2,12.939814522823692,77.57208854270205,12.938422163295087,77.44195500094301,conditions Sandstorms,High ,0,scooter,Meal,Metropolitan ,18:55,19:06,(min) 89
22,4,12.976134257333726,77.5581738575831,13.031838567559582,77.60353682695387,conditions Stormy,NaN ,0,scooter,Meal,Metropolitan ,10:29,10:52,(min) 59
23,4.7,12.98479920724258,77.62392089041919,13.015990200004428,77.59726555932635,conditions Sandstorms,High ,0,scooter,Buffet,Metropolitan ,13:43,13:55,(min) 62
37,4.6,12.954582624955476,77.60728945040181,13.0310978676167,77.67305341019514,conditions Foggy,Jam ,1,bicycle,Snack,Semi-Urban ,17:31,17:48,(min) 81
20,NaN ,12.98037917200327,77.5647641794853,12.954747794948378,77.63231600382278,conditions Stormy,Medium ,1,bicycle,Snack,Semi-Urban ,11:35,11:45,(min) 63
49,4.5,13.010666498931498,77.57761938842982,13.00401508924034,77.45801411868635,conditions Foggy,Jam ,0,electric_scooter,Snack,Urban ,08:54,09:18,(min) 90
31,4.8,13.004369836802036,77.58608834608495,12.983829337705092,77.59926805862517,conditions Windy,Medium ,0,electric_scooter,Buffet,Urban ,19:52,20:05,(min) 44
26,3.9,12.975094602125138,77.58608778323084,13.045610138965754,77.58534749592408,conditions Sandstorms,High ,1,motorcycle,Drinks,Metropolitan ,10:27,10:44,(min) 71
43,4,12.972530838100612,77.57677485928907,12.859277550336854,77.61615001715197,conditions Sandstorms,High ,2,bicycle,Drinks,Metropolitan ,09:59,10:16,(min) 87
24,3.9,12.93768050884679,77.61247364028394,12.982057260813036,77.56956552885778,conditions Sandstorms,NaN ,1,motorcycle,Drinks,Urban ,11:16,11:32,(min) 52
30,4.3,12.992352374231816,77.57920365025326,13.115047026052665,77.5656265846665,conditions Foggy,Jam ,1,electric_scooter,Buffet,Urban ,19:55,20:14,(min) 98
21,4.2,13.00692086443156,77.59535338030234,12.962010373729212,77.48949374101521,conditions Stormy,High ,2,electric_scooter,Meal,Urban ,08:44,09:03,(min) 82
44,3.7,13.011212022861839,77.61583953929171,13.141176039309725,77.63304041203641,conditions Foggy,Jam ,0,motorcycle,Buffet,Metropolitan ,09:49,10:13,(min) 103
30,4.9,12.945169448869676,77.6203652342692,12.96146891845238,77.65219431799544,conditions Sandstorms,High ,0,scooter,Buffet,Metropolitan ,21:38,21:57,(min) 58
21,4.3,12.950055092422664,77.57620027289764,12.94501405339361,77.60708143317643,conditions Foggy,High ,1,bicycle,Drinks,Metropolitan ,21:42,21:55,(min) 60
20,4.9,12.986805209869893,77.62544411881863,12.958085346508021,77.63382847605632,conditions Sandstorms,Low ,0,electric_scooter,Buffet,Urban ,17:46,18:05,(min) 45
38,4.7,12.942070122974366,77.59492934430986,13.0234211091724,77.49428144073823,conditions Cloudy,Jam ,1,scooter,Meal,Metropolitan ,15:32,15:56,(min) 89
36,3.7,12.954199147073926,77.61876866207496,12.946722253820893,77.72225576239606,conditions Foggy,High ,1,bicycle,Meal,Metropolitan ,08:06,08:27,(min) 77
21,4.5,12.93402548884824,77.58031055315435,12.920477913860998,77.49283328223356,conditions Windy,Jam ,0,bicycle,Meal,Metropolitan ,21:22,21:38,(min) 80
39,3.9,12.943700086510182,77.58998379756734,12.864351714643064,77.59413029296414,conditions Windy,Low ,2,scooter,Drinks,Metropolitan ,20:57,21:19,(min) 64
32,4.7,12.996462613137812,77.57461865338534,12.9458227659459,77.5951422912367,conditions Foggy,Medium ,1,bicycle,Drinks,Semi-Urban ,17:29,17:44,(min) 52
50,4.8,12.937288553471118,77.59295195086897,12.88680589357902,77.66980281043782,conditions Windy,High ,2,scooter,Buffet,Metropolitan ,19:12,19:22,(min) 77
48,3.8,12.935281932985783,77.60298859764859,12.994798551771792,77.72880269628327,conditions Foggy,High ,2,bicycle,Drinks,Urban ,18:49,19:07,(min) 97
27,3.7,12.974579236356915,77.58688243017569,12.896798024971167,77.68733061329235,conditions Foggy,Medium ,1,bicycle,Drinks,Metropolitan ,22:23,22:40,(min) 80
40,4.1,13.002297528738529,77.61750893696248,12.993541134702824,77.73625802142908,conditions Stormy,Medium ,0,bicycle,Snack,Metropolitan ,13:13,13:26,(min) 93
40,5,12.93308112565279,77.58416264821813,12.934780240397501,77.48616403892213,conditions Cloudy,Low ,0,scooter,Buffet,Metropolitan ,11:37,11:51,(min) 57
21,4.5,13.007253898175806,77.61834652098864,12.97509065787398,77.59441487703923,conditions Cloudy,Medium ,0,scooter,Meal,Metropolitan ,16:43,17:01,(min) 49
31,4.8,12.93646080069095,77.61775553965047,13.042886577090236,77.68882003124438,conditions Stormy,Low ,2,electric_scooter,Buffet,Metropolitan ,21:19,21:39,(min) 77
26,3.5,13.006677948365361,77.5754882895112,12.954761794605398,77.53818849780274,conditions Sandstorms,Low ,1,electric_scooter,Snack,Urban ,15:40,15:51,(min) 57
41,4.4,13.004920506270976,77.62918613228052,13.015121745273099,77.67132542120855,conditions Cloudy,High ,0,bicycle,Buffet,Metropolitan ,17:36,17:46,(min) 59
47,4.2,12.985109421534837,77.58336571120694,12.88760178773872,77.5826960680786,conditions Sandstorms,High ,0,electric_scooter,Buffet,Urban ,14:17,14:41,(min) 86
34,4,12.948894049561025,77.63133100082204,12.929595483069544,77.56238723179136,conditions Foggy,Low ,2,scooter,Buffet,Metropolitan ,15:10,15:26,(min) 53
31,4.2,12.932538591416925,77.56236369523258,12.972314968506698,77.55762712157434,conditions Sunny,Low ,1,motorcycle,Buffet,Metropolitan ,08:41,08:52,(min) 38
29,4.9,12.98012431435138,77.58783116840794,12.984847194818625,77.65832035101424,conditions Foggy,Low ,2,scooter,Buffet,Metropolitan ,15:50,16:11,(min) 49
43,NaN ,12.988523787388951,77.60068903080224,12.903793667041036,77.55548029761842,conditions Foggy,Jam ,2,motorcycle,Snack,Metropolitan ,15:08,15:27,(min) 84
29,NaN ,12.95659819772318,77.61855061410964,12.99488556312282,77.55922325738065,conditions Sandstorms,High ,0,bicycle,Drinks,Metropolitan ,21:48,22:09,(min) 71
46,4.9,13.006858297268302,77.6107459569633,13.069505633333465,77.61600371411622,conditions Foggy,Jam ,0,bicycle,Buffet,Metropolitan ,15:56,16:12,(min) 73
35,4.3,12.94639620270431,77.5827918301247,12.952168826876965,77.68975008378551,conditions Cloudy,Low ,0,motorcycle,Meal,Metropolitan ,09:11,09:35,(min) 69
21,4.9,13.011323156671972,77.56084485049396,13.037311849848413,77.65552966195214,conditions Sunny,Medium ,1,scooter,Snack,Metropolitan ,21:44,22:03,(min) 60
23,4.5,12.995536811499298,77.5946463061966,12.957161980543567,77.61767086870975,conditions Cloudy,Medium ,2,electric_scooter,Buffet,Urban ,17:43,18:02,(min) 39
47,4.3,12.96097340669334,77.62326166850552,12.923480053261509,77.71682282482061,conditions Foggy,High ,1,motorcycle,Meal,Metropolitan ,08:32,08:45,(min) 81
32,3.8,12.979011260586232,77.60201273555904,13.06813569947538,77.6559355769947,conditions Cloudy,Jam ,2,motorcycle,Drinks,Metropolitan ,08:25,08:35,(min) 85
39,4.9,12.938365940003097,77.56976909295693,12.8950276838259,77.48984023072384,conditions Stormy,High ,0,scooter,Snack,Metropolitan ,14:16,14:31,(min) 83
33,3.9,13.006723254973442,77.62947010531127,13.030991703876897,77.61164360174757,conditions Sandstorms,Jam ,1,bicycle,Snack,Metropolitan ,21:59,22:12,(min) 73
34,4.2,12.947367394900322,77.59648189623877,12.87849815215909,77.693222612985,conditions Foggy,Jam ,1,scooter,Buffet,Metropolitan ,21:28,21:41,(min) 98
47,3.9,12.99984225878343,77.55928692641706,13.013452250594629,77.54138085318209,conditions Sunny,Low ,1,scooter,Drinks,Metropolitan ,21:33,21:47,(min) 36
43,4.6,12.960803005321324,77.58591791444495,13.086704833783564,77.57621706165713,conditions Windy,Jam ,2,bicycle,Drinks,Metropolitan ,14:24,14:35,(min) 93
31,4.1,12.948711616227776,77.56648697636128,13.023433751109938,77.62496830779317,conditions Windy,High ,2,bicycle,Buffet,Metropolitan ,20:54,21:16,(min) 78
22,4.6,12.963072807601094,77.56855764922723,12.969090726430855,77.50888443799518,conditions Stormy,Medium ,0,motorcycle,Drinks,Metropolitan ,12:34,12:55,(min) 62
38,4.6,12.989507515298575,77.60038779865056,12.939803853854647,77.50994401037927,conditions Stormy,Medium ,1,scooter,Meal,Metropolitan ,19:45,19:55,(min) 77
33,4.8,12.959035460053384,77.62263079733626,13.013543980047217,77.5278188135858,conditions Cloudy,Jam ,0,motorcycle,Meal,Metropolitan ,19:22,19:44,(min) 90
48,4.2,12.959897099340708,77.60276552825272,12.937852782652433,77.69846082207503,conditions Cloudy,Low ,2,electric_scooter,Buffet,Metropolitan ,14:24,14:39,(min) 67
37,5,13.003386447316409,77.58970478211567,13.129835434988497,77.64470061056836,conditions Sunny,Medium ,0,electric_scooter,Drinks,Metropolitan ,15:00,15:13,(min) 78
44,4,12.937002486827225,77.58787152367681,13.052069797437754,77.59834052612231,conditions Cloudy,Low ,0,scooter,Snack,Metropolitan ,20:26,20:37,(min) 74
27,4.7,12.98800137258917,77.62819442757443,13.076463481616335,77.52357861529619,conditions Cloudy,Medium ,1,motorcycle,Buffet,Metropolitan ,16:53,17:13,(min) 75
37,4.4,12.99807108996287,77.56450588381887,13.039430431333999,77.48297141197396,conditions Foggy,Low ,0,electric_scooter,Meal,Metropolitan ,18:05,18:16,(min) 65
47,4.1,12.997605665883423,77.57449004066214,12.970607462311714,77.44474973886591,conditions Foggy,Low ,0,electric_scooter,Drinks,Semi-Urban ,11:21,11:39,(min) 78
50,4.5,13.007118552698195,77.61241540082767,13.082700712453418,77.63385520296058,conditions Stormy,Medium ,2,scooter,Snack,Metropolitan ,19:24,19:38,(min) 68
40,4.3,12.951604292372615,77.61824696338773,12.887062126848841,77.73451404903795,conditions Sandstorms,High ,0,scooter,Snack,Urban ,17:32,17:54,(min) 93
42,3.7,13.002247430922836,77.58844227152913,13.02936031950726,77.57671114498513,conditions Foggy,Jam ,2,motorcycle,Drinks,Metropolitan ,21:56,22:12,(min) 66
44,3.7,12.957084426654875,77.59876314410046,12.84670106251334,77.5854030605701,conditions Windy,Low ,1,electric_scooter,Meal,Metropolitan ,17:02,17:22,(min) 68
43,4,12.95642930386439,77.610500311023,12.959024894482871,77.55216933131344,conditions Foggy,Low ,1,scooter,Snack,Metropolitan ,11:01,11:12,(min) 51
50,4.6,12.992166415414214,77.56610278260932,12.90840581544194,77.4904300246567,conditions Foggy,High ,1,motorcycle,Drinks,Metropolitan ,13:27,13:49,(min) 84
22,4,12.998697891848535,77.61191461945921,13.10607741589753,77.52529557453533,conditions Windy,High ,0,bicycle,Buffet,Urban ,15:07,15:24,(min) 93
35,4.1,12.941999249438197,77.62415655172467,12.981884077677854,77.54667751993038,conditions Stormy,Jam ,1,scooter,Buffet,Semi-Urban ,15:47,16:03,(min) 87
32,4.3,12.967884220721572,77.56598201352209,12.995987672726887,77.47340235909049,conditions Sandstorms,Jam ,0,electric_scooter,Snack,Metropolitan ,21:56,22:15,(min) 92
46,4.2,12.953624756111205,77.61065144070461,12.927103737067464,77.59278963812629,conditions Sunny,High ,2,electric_scooter,Snack,Semi-Urban ,11:42,12:05,(min) 44
NaN ,4.8,12.979106310492755,77.57495838915035,13.001937006293176,77.61834754611363,conditions Cloudy,Jam ,1,motorcycle,Buffet,Metropolitan ,15:50,16:00,(min) 61
45,4.6,13.007983268460633,77.59341987025961,12.942801257955594,77.61252823535828,conditions Cloudy,Jam ,1,motorcycle,Drinks,Metropolitan ,17:24,17:40,(min) 70
39,4.2,12.976210787909478,77.58523046161085,13.003360881712544,77.66441549631752,conditions Stormy,Jam ,1,motorcycle,Buffet,Metropolitan ,20:48,21:00,(min) 91
21,4.6,12.989516848771274,77.6161864428319,13.064999999613338,77.64674123196765,conditions Windy,Jam ,2,bicycle,Drinks,Metropolitan ,09:17,09:38,(min) 73
43,4.5,12.935338523740322,77.5597142963022,12.867899600709086,77.54309864357666,conditions Sunny,High ,2,bicycle,Meal,Metropolitan ,17:29,17:45,(min) 59
25,3.5,12.97429984215498,77.56824845542238,12.918586204161477,77.6373642145713,conditions Sandstorms,High ,0,bicycle,Buffet,Metropolitan ,22:35,22:45,(min) 79
28,3.7,12.97053101816997,77.62650480601043,13.010880400392123,77.51283511498853,conditions Sunny,Low ,1,scooter,Buffet,Metropolitan ,18:25,18:48,(min) 69
40,4,12.944825603885949,77.6017936965175,12.919914758861426,77.57218931355061,conditions Sandstorms,High ,1,electric_scooter,Drinks,Urban ,14:20,14:40,(min) 59
49,4.4,12.94045673135519,77.58424443592355,12.882454530706696,77.70191219470426,conditions Sunny,Low ,2,motorcycle,Buffet,Urban ,22:56,23:07,(min) 72
33,NaN ,12.935182277409734,77.56379087255374,12.945723577813737,77.52035585913588,conditions Sandstorms,Low ,0,bicycle,Meal,Metropolitan ,08:52,09:14,(min) 48
41,4,12.985969799681008,77.6242994674392,12.996084039586359,77.55092384602277,conditions Foggy,Medium ,1,bicycle,Buffet,Urban ,21:09,21:21,(min) 68
36,3.5,12.979666904246807,77.577276854413,12.923340286046198,77.54182691019079,conditions Foggy,Jam ,0,scooter,Drinks,Metropolitan ,18:08,18:19,(min) 79
34,4.1,12.947143531235309,77.6098148879692,13.024472080273966,77.53228637457703,conditions Cloudy,High ,0,scooter,Meal,Metropolitan ,08:21,08:37,(min) 82
45,5,12.965472454948724,77.60155896150545,12.994526921634098,77.5931255514346,conditions Sandstorms,Low ,2,scooter,Buffet,Metropolitan ,10:57,11:09,(min) 36
36,3.9,12.960951789150387,77.56032098582983,12.969468947201564,77.64038217895927,conditions Cloudy,Jam ,2,electric_scooter,Buffet,Metropolitan ,15:24,15:41,(min) 73
31,4.9,12.994555270782113,77.55558403459415,12.973049411681007,77.42454040039317,conditions Foggy,Low ,0,electric_scooter,Buffet,Metropolitan ,13:23,13:34,(min) 85
41,4.6,12.979107490944118,77.6198491946891,12.962641808581372,77.64543626574236,conditions Sandstorms,Medium ,1,scooter,Snack,Metropolitan ,18:39,19:01,(min) 42
37,4.5,12.941431145070494,77.60023390055672,12.8606682112839,77.56432905196621,conditions Stormy,Low ,0,scooter,Buffet,Metropolitan ,20:34,20:46,(min) 73
20,3.8,12.97775266399458,77.59652101694644,12.899507054797093,77.64196163420226,conditions Windy,Jam ,1,motorcycle,Drinks,Metropolitan ,09:27,09:51,(min) 83
41,4.9,12.933188293164969,77.56716585700437,12.895101592328635,77.6875449046668,conditions Foggy,Medium ,0,motorcycle,Meal,Metropolitan ,11:15,11:38,(min) 84
42,NaN ,12.947910336198658,77.57584650862069,12.969360575532042,77.58172054583916,conditions Sunny,Medium ,0,bicycle,Meal,Metropolitan ,18:51,19:14,(min) 38
21,4.3,12.99081050010249,77.57116853530556,13.006044503050314,77.66542528992314,conditions Foggy,Jam ,1,electric_scooter,Drinks,Metropolitan ,08:31,08:43,(min) 85
23,3.7,12.99816786363572,77.60670368270054,13.081049681663451,77.67428240820507,conditions Sandstorms,Low ,1,motorcycle,Buffet,Urban ,08:34,08:56,(min) 74
34,3.6,12.994303020498156,77.59868013185486,13.028004073879238,77.61463289975941,conditions Cloudy,Jam ,2,scooter,Drinks,Semi-Urban ,22:03,22:16,(min) 62
34,4,12.932421900106966,77.5667609862335,12.956075104303956,77.63204792717032,conditions Foggy,Low ,1,bicycle,Snack,Metropolitan ,13:28,13:50,(min) 63
28,3.6,12.94102022556439,77.61444300479293,12.967674728210655,77.74820020275715,conditions Windy,Jam ,1,electric_scooter,Buffet,Metropolitan ,15:52,16:13,(min) 97
31,4.4,12.944649114868046,77.59141117018684,12.96334254796733,77.51702001106752,conditions Sunny,Low ,2,scooter,Snack,Metropolitan ,11:59,12:15,(min) 48
42,4.4,13.009312318282575,77.59007474000603,13.089452812681255,77.66007809292104,conditions Foggy,Medium ,1,scooter,Buffet,Urban ,11:22,11:44,(min) 71
NaN ,4.1,12.974101233760267,77.61961024708152,13.027273237862985,77.7256968555655,conditions Sunny,Jam ,1,electric_scooter,Snack,Metropolitan ,13:10,13:28,(min) 90
26,4.1,12.961280117685348,77.59137564136684,12.862635263489475,77.67591672699568,conditions Stormy,Medium ,1,bicycle,Meal,Urban ,09:19,09:30,(min) 86
37,3.6,12.94574874373004,77.63114268000275,12.82553038374403,77.69391079799075,conditions Cloudy,Low ,1,motorcycle,Meal,Semi-Urban ,08:29,08:43,(min) 74
43,3.9,12.957399832288177,77.55932491368651,12.899709092231998,77.57840719658775,conditions Windy,High ,1,scooter,Meal,Metropolitan ,08:43,08:55,(min) 66
26,3.7,12.93462322499454,77.56706947487817,12.833730532895872,77.5107546665663,conditions Sunny,Jam ,2,electric_scooter,Drinks,Metropolitan ,15:44,16:03,(min) 86
49,3.7,12.980413013415784,77.57464134509712,13.028991837763977,77.53211590933384,conditions Sandstorms,Medium ,1,motorcycle,Meal,Metropolitan ,17:47,18:07,(min) 60
49,4.2,12.955824709682167,77.56836914614811,13.007051835513355,77.48302413421584,conditions Stormy,Jam ,2,electric_scooter,Drinks,Metropolitan ,09:51,10:01,(min) 87
32,4.4,12.960682376081497,77.59553249075115,12.96372904587568,77.70837060478493,conditions Foggy,High ,0,bicycle,Buffet,Urban ,18:15,18:35,(min) 87
50,NaN ,12.96838325233981,77.57658636028916,12.910794163240537,77.63728651335077,conditions Sandstorms,Jam ,0,electric_scooter,Drinks,Urban ,21:11,21:31,(min) 84
22,4.9,13.00525372221917,77.55546230034008,13.107439264400842,77.59847827512708,conditions Sandstorms,Medium ,1,motorcycle,Buffet,Metropolitan ,20:33,20:55,(min) 74
50,4.7,12.988676199371367,77.61424406363666,13.006051823125821,77.5276744151262,conditions Cloudy,High ,1,electric_scooter,Snack,Urban ,11:08,11:22,(min) 66
50,4.1,12.944737585502118,77.57299335057884,12.891361550089147,77.57322771133242,conditions Foggy,Medium ,1,bicycle,Drinks,Metropolitan ,13:01,13:15,(min) 63
34,3.6,12.951219905166328,77.55613241986408,12.972324005613956,77.62224232992388,conditions Foggy,High ,0,motorcycle,Buffet,Metropolitan ,10:07,10:19,(min) 74
26,4.3,12.949802652055771,77.62289856865108,12.996988502461285,77.53682440426849,conditions Sandstorms,Jam ,1,scooter,Snack,Metropolitan ,09:50,10:13,(min) 83
21,5,12.980309207773209,77.5875541379027,12.932889749099658,77.57243619214184,conditions Foggy,High ,1,scooter,Drinks,Urban ,17:56,18:15,(min) 55
25,4.5,12.940988883523643,77.60483262972012,12.923293283928349,77.59080916962996,conditions Foggy,High ,1,electric_scooter,Drinks,Metropolitan ,19:44,19:58,(min) 52
26,3.6,12.984764859134705,77.57063663079441,13.088951030857459,77.5036992897246,conditions Windy,Medium ,0,scooter,Drinks,Metropolitan ,15:35,15:49,(min) 81
36,4.2,12.958285326099396,77.56591103454157,13.014611626023967,77.61510411923194,conditions Stormy,Low ,0,motorcycle,Snack,Urban ,09:47,09:59,(min) 66
37,4.7,12.981826282291115,77.59601605490819,12.945067401679125,77.62669159951253,conditions Stormy,Jam ,0,electric_scooter,Meal,Metropolitan ,18:53,19:13,(min) 74
41,4.1,12.93426594560817,77.58659887506664,12.92086317546902,77.64168516696408,conditions Sandstorms,Medium ,0,scooter,Buffet,Metropolitan ,21:43,21:58,(min) 63
22,3.7,12.93597488436699,77.59788640041873,13.026784380993357,77.64807859642501,conditions Windy,Medium ,2,motorcycle,Buffet,Semi-Urban ,20:56,21:20,(min) 78
24,4.8,12.940997726468742,77.60413582042828,12.830176237896707,77.67722425502683,conditions Windy,Low ,2,bicycle,Buffet,Metropolitan ,11:16,11:27,(min) 66
42,4.5,12.979009036476166,77.57992592646778,13.036849131777824,77.57445308984818,conditions Sandstorms,High ,2,bicycle,Meal,Metropolitan ,20:47,21:02,(min) 66
30,4.1,12.943768507575989,77.55855836053416,12.850526648464335,77.48090833168592,conditions Sunny,Low ,0,electric_scooter,Buffet,Metropolitan ,09:29,09:53,(min) 68
28,4.3,13.01010244080648,77.56876884105652,13.033914427672867,77.56283118072669,conditions Sunny,High ,2,bicycle,Snack,Metropolitan ,18:47,19:09,(min) 43
50,4.7,12.970106630547345,77.62269725673869,12.970736591114896,77.60201149468814,conditions Sunny,Low ,1,bicycle,Snack,Metropolitan ,09:07,09:24,(min) 28
42,NaN ,12.982174813578279,77.57505682072639,12.99191930782,77.65998320749563,conditions Windy,Medium ,2,motorcycle,Snack,Metropolitan ,21:45,22:05,(min) 61
46,3.8,12.989212613309176,77.60865389197171,12.943772364258887,77.68864279425202,conditions Stormy,High ,1,bicycle,Drinks,Metropolitan ,10:00,10:22,(min) 81
50,4.7,12.934589895492792,77.60928057764694,12.913342901788905,77.58588019866593,conditions Sunny,High ,0,bicycle,Buffet,Metropolitan ,13:11,13:26,(min) 53
32,4.8,12.966742342951148,77.60188619869798,12.900382216635519,77.65273866280228,conditions Windy,Low ,1,motorcycle,Meal,Metropolitan ,19:33,19:53,(min) 57
30,4.8,12.966389283312857,77.60529177137688,12.846266680491796,77.63001024822721,conditions Sandstorms,High ,1,scooter,Meal,Metropolitan ,08:55,09:07,(min) 84
21,3.6,13.001309896091373,77.59827692843079,13.049005484816462,77.60916584275901,conditions Stormy,Jam ,2,bicycle,Snack,Metropolitan ,12:37,12:56,(min) 78
43,4.3,12.943284049591423,77.56613159966692,12.94462535391207,77.6954849808114,conditions Cloudy,Jam ,0,scooter,Meal,Metropolitan ,15:22,15:32,(min) 99
37,4.5,12.999596908109636,77.5669566282168,13.0675812027942,77.59488446630273,conditions Cloudy,Medium ,0,scooter,Drinks,Urban ,13:17,13:36,(min) 60
37,4.3,12.98312053380385,77.5900152919352,13.012839841701176,77.58677160621167,conditions Sandstorms,High ,1,motorcycle,Snack,Metropolitan ,21:56,22:09,(min) 57
49,4.9,12.933480378946662,77.59125163030848,13.025145334121186,77.59689858958853,conditions Sandstorms,Medium ,1,electric_scooter,Buffet,Metropolitan ,08:19,08:33,(min) 66
NaN ,3.9,12.955913475769014,77.5617398544684,12.996690762309454,77.6340562604881,conditions Sunny,Jam ,2,electric_scooter,Meal,Metropolitan ,11:08,11:20,(min) 68
35,4.5,12.934292151721568,77.6073297789976,12.860654885860072,77.51640007025367,conditions Sandstorms,Jam ,1,bicycle,Buffet,Metropolitan ,08:18,08:33,(min) 87
26,3.9,12.936859978957475,77.57995962762311,12.882425226207657,77.47964047203072,conditions Stormy,NaN ,1,motorcycle,Meal,Metropolitan ,09:29,09:52,(min) 74
47,4.1,12.94212789773792,77.60246764958873,12.954147923085195,77.67371492235038,conditions Windy,Jam ,1,motorcycle,Meal,Metropolitan ,11:17,11:32,(min) 75
28,4.3,12.976108744645865,77.57166709422171,13.050650365733846,77.68549972003255,conditions Sandstorms,Low ,2,scooter,Snack,Semi-Urban ,19:59,20:11,(min) 81
45,4.3,13.002893293666094,77.60312499384433,12.956711679932502,77.56574645853567,conditions Foggy,Medium ,1,motorcycle,Buffet,Metropolitan ,14:45,15:06,(min) 62
38,4.1,12.966235674618185,77.5997792714931,12.957375845827709,77.69826219338829,conditions Foggy,High ,2,electric_scooter,Drinks,Metropolitan ,09:55,10:15,(min) 75
30,4.7,13.008678335452826,77.5898050510794,13.094242049867011,77.51864728258118,conditions Cloudy,Medium ,2,scooter,Buffet,Metropolitan ,09:54,10:12,(min) 67
29,4,13.000086247509719,77.60462155108377,12.984281723192284,77.54614616201793,conditions Sandstorms,High ,2,bicycle,Buffet,Urban ,22:40,23:04,(min) 64
32,4.2,12.984175543783605,77.60050184310451,12.890966868492283,77.69203337707512,conditions Sandstorms,High ,0,bicycle,Meal,Metropolitan ,18:13,18:35,(min) 88
24,3.9,12.932183290029318,77.59432148694098,12.968319186133527,77.46899874901125,conditions Stormy,High ,1,bicycle,Buffet,Metropolitan ,15:40,15:57,(min) 97
35,4.5,12.983697551077604,77.56969288711473,12.92834622778409,77.55973904919126,conditions Windy,Low ,2,electric_scooter,Drinks,Metropolitan ,16:08,16:24,(min) 45
26,4.5,12.975636503043026,77.59371313023418,12.896525685115048,77.57790123979817,conditions Sunny,Jam ,2,bicycle,Drinks,Metropolitan ,11:34,11:49,(min) 68
32,4.9,12.947775698377193,77.62782673337534,12.951844692212912,77.69763555609747,conditions Stormy,Jam ,1,motorcycle,Snack,Urban ,17:11,17:31,(min) 73
24,NaN ,12.971660966461897,77.57368542675897,12.997511584067022,77.58724511230268,conditions Windy,Low ,2,electric_scooter,Drinks,Metropolitan ,13:36,13:52,(min) 35
29,3.8,12.99451966252029,77.56474202257618,13.004821757071817,77.53018712172825,conditions Stormy,High ,2,scooter,Buffet,Urban ,17:35,17:56,(min) 58
29,4.2,12.98569864936024,77.5678117904909,12.90394705358205,77.62061989793403,conditions Cloudy,Jam ,0,scooter,Meal,Metropolitan ,14:20,14:42,(min) 93
22,4.2,12.967757913748175,77.56486711866259,13.053828107715361,77.6480338116675,conditions Sandstorms,Low ,0,bicycle,Meal,Metropolitan ,10:08,10:22,(min) 76
47,3.7,12.940792423149944,77.63162909728513,12.881965751471052,77.59094511513588,conditions Stormy,Low ,1,electric_scooter,Meal,Metropolitan ,20:52,21:14,(min) 73
28,3.7,12.969980389194935,77.57081013794094,12.844469341901464,77.53562322666733,conditions Windy,Medium ,2,motorcycle,Meal,Metropolitan ,22:32,22:50,(min) 76
31,4.2,12.94529818430394,77.58371395246164,13.035644024770177,77.65404672044347,conditions Foggy,High ,0,bicycle,Buffet,Metropolitan ,20:11,20:35,(min) 90
31,4.5,12.950709389502556,77.6300471784085,12.898749805221323,77.64240806730326,conditions Sandstorms,Low ,2,electric_scooter,Buffet,Metropolitan ,11:22,11:33,(min) 42
22,4.4,12.96018636558056,77.5736534174256,12.902563397795625,77.53976818650906,conditions Windy,Jam ,2,scooter,Meal,Metropolitan ,14:44,15:02,(min) 77
35,NaN ,12.938581544252486,77.56843230548353,13.013984450560777,77.46486724693032,conditions Stormy,Jam ,1,scooter,Buffet,Urban ,21:10,21:22,(min) 101
40,4.5,12.996692845447361,77.60205370717719,12.944087469345089,77.52459455410745,conditions Sandstorms,Low ,0,bicycle,Snack,Metropolitan ,13:32,13:53,(min) 70
42,4.9,12.983786389062555,77.60273978493214,13.026073104969331,77.4805645489158,conditions Sandstorms,Jam ,1,motorcycle,Drinks,Urban ,08:18,08:40,(min) 91
21,4.3,12.945596983524412,77.58248640957326,12.983705859299455,77.48294361299384,conditions Foggy,High ,0,electric_scooter,Snack,Metropolitan ,09:54,10:07,(min) 79
40,3.8,12.960822804792226,77.58263221674636,12.874837915817563,77.47217730001596,conditions Cloudy,Medium ,0,scooter,Meal,Metropolitan ,08:23,08:39,(min) 86
30,4.6,12.938984134624153,77.61017070672511,12.862811589514509,77.62239062750422,conditions Foggy,Low ,2,scooter,Snack,Metropolitan ,10:57,11:14,(min) 52
43,4.5,13.00630955081284,77.56855218109712,12.93841579378915,77.65075008076347,conditions Sunny,High ,1,scooter,Meal,Metropolitan ,17:22,17:36,(min) 67
42,4.5,12.953929556476325,77.59847919235975,12.894213402422602,77.62203460786975,conditions Windy,High ,2,motorcycle,Buffet,Urban ,20:57,21:08,(min) 63
45,3.5,12.967377986142784,77.56586975595951,13.035339999770747,77.4999987153163,conditions Sunny,Low ,2,motorcycle,Snack,Metropolitan ,17:45,18:01,(min) 61
23,4.5,12.943322400859,77.56277526197061,12.90905758655516,77.55082410941341,conditions Windy,NaN ,0,bicycle,Snack,Metropolitan ,17:07,17:25,(min) 36
35,4.5,12.957976130133869,77.62149651323482,12.848974645413307,77.64602846178813,conditions Sandstorms,Jam ,2,motorcycle,Meal,Metropolitan ,11:19,11:35,(min) 82
35,4.1,12.933284288289398,77.59345034795851,12.963914298593874,77.62274815908445,conditions Windy,High ,1,electric_scooter,Snack,Metropolitan ,20:55,21:06,(min) 60
31,4.8,12.971973389162123,77.60908052095249,13.00656183865306,77.6316480164148,conditions Foggy,Low ,2,motorcycle,Meal,Urban ,09:48,10:04,(min) 43
20,4.9,12.939252610093355,77.6143010798566,12.86435910117247,77.60439534718488,conditions Windy,Low ,1,motorcycle,Drinks,Semi-Urban ,15:57,16:08,(min) 51
20,3.8,12.980538730917871,77.63456650705113,12.968917826991815,77.61771581298584,conditions Windy,Medium ,0,motorcycle,Meal,Metropolitan ,20:16,20:40,(min) 48
36,3.6,12.9822732349284,77.55985463171304,12.98746203065867,77.53576756458061,conditions Sunny,Jam ,2,electric_scooter,Drinks,Metropolitan ,20:07,20:31,(min) 59
41,4,13.00310385811925,77.61292138134166,13.049179550047324,77.71418071788202,conditions Sandstorms,Jam ,0,bicycle,Snack,Metropolitan ,19:18,19:37,(min) 104
33,5,12.973200252892822,77.59443186241239,13.066373316518666,77.62815316807534,conditions Windy,Medium ,1,motorcycle,Meal,Metropolitan ,08:05,08:16,(min) 62
38,4.6,13.00425041295439,77.60210834392383,12.989310511159925,77.53998815170658,conditions Foggy,NaN ,1,bicycle,Drinks,Metropolitan ,19:05,19:15,(min) 56
47,4.7,13.006424838750064,77.62820588872805,12.92607816645939,77.65553875455495,conditions Sandstorms,Jam ,1,bicycle,Meal,Metropolitan ,16:28,16:41,(min) 78
21,4.7,12.947699957246334,77.55482089086473,12.985723984786825,77.63729002479391,conditions Cloudy,Low ,0,scooter,Drinks,Urban ,17:10,17:28,(min) 56
26,4.7,12.9940535038881,77.63204477812201,12.880049582387763,77.55491058971792,conditions Stormy,Medium ,0,electric_scooter,Drinks,Urban ,09:19,09:38,(min) 86
NaN ,4.6,12.983885270337016,77.63309315837026,12.975727854823466,77.55170505611726,conditions Sunny,Low ,1,bicycle,Meal,Urban ,17:07,17:25,(min) 44
21,4.9,13.009980324468017,77.58307056319937,13.026011630138347,77.52205543900266,conditions Sandstorms,High ,2,electric_scooter,Drinks,Metropolitan ,20:15,20:31,(min) 62
31,4.9,12.943116500990838,77.55729721213729,12.994616287072573,77.64866017331202,conditions Stormy,Jam ,2,motorcycle,Drinks,Metropolitan ,09:31,09:48,(min) 86
47,4.5,12.954039730279147,77.62552833602801,12.87483351546516,77.67922074953346,conditions Sunny,NaN ,0,scooter,Drinks,Metropolitan ,17:17,17:35,(min) 59
27,3.7,12.98792146794349,77.58491407477334,12.97570367555214,77.55486649085447,conditions Stormy,Jam ,2,motorcycle,Snack,Urban ,12:22,12:42,(min) 70
21,4.6,13.008579078948499,77.57487218608186,12.88485360225504,77.54535234349328,conditions Sandstorms,High ,0,electric_scooter,Meal,Metropolitan ,16:15,16:31,(min) 86
45,3.9,12.96126645842418,77.57519394728392,12.883586532563278,77.47724120199264,conditions Windy,Jam ,1,bicycle,Meal,Metropolitan ,17:03,17:25,(min) 94
NaN ,3.9,12.993408620281517,77.56715953075364,12.947560562470457,77.50357408704822,conditions Stormy,Jam ,1,bicycle,Snack,Metropolitan ,18:53,19:16,(min) 82
24,3.8,12.984607868789137,77.61628167511002,13.034697063974127,77.53127851446168,conditions Stormy,Jam ,2,motorcycle,Snack,Metropolitan ,09:50,10:14,(min) 87
33,3.9,13.00300433030203,77.62638142406047,13.086916057010422,77.56217648600514,conditions Stormy,High ,1,scooter,Meal,Metropolitan ,17:42,18:02,(min) 87
31,4.7,12.98453919786811,77.63181685154363,12.996281931384114,77.61296209749192,conditions Windy,Low ,0,bicycle,Buffet,Metropolitan ,15:24,15:37,(min) 37
25,3.6,12.970099725665898,77.56934946524947,12.905213894914112,77.47963310017975,conditions Stormy,High ,1,bicycle,Meal,Urban ,21:12,21:27,(min) 94
29,4.2,13.004982032681257,77.5614342063576,12.933500574819456,77.47909081248444,conditions Foggy,Low ,1,bicycle,Buffet,Urban ,11:25,11:40,(min) 67
40,5,13.006883640455454,77.55511455337555,13.120912583016793,77.57118597193868,conditions Cloudy,Medium ,1,motorcycle,Buffet,Metropolitan ,08:46,09:10,(min) 70
29,3.9,12.973055966494979,77.58611549020782,12.95732442131507,77.57318535073337,conditions Cloudy,Low ,2,scooter,Buffet,Metropolitan ,19:24,19:46,(min) 41
28,3.5,12.935746661330015,77.55493578015864,12.899106592534363,77.61255587310794,conditions Sandstorms,Medium ,2,bicycle,Drinks,Metropolitan ,19:03,19:24,(min) 68
26,4.5,12.934252039378881,77.55933257048055,12.90628820230413,77.5993290051097,conditions Sandstorms,Medium ,0,bicycle,Snack,Metropolitan ,20:38,20:50,(min) 55
35,5,13.00187070125565,77.63249299752563,12.996278281116501,77.6765570745388,conditions Sandstorms,Low ,1,electric_scooter,Meal,Metropolitan ,20:50,21:11,(min) 49
25,4.6,12.986989611460269,77.6065013412483,13.064018594383128,77.52095943097787,conditions Sandstorms,Jam ,1,electric_scooter,Meal,Metropolitan ,22:48,23:12,(min) 88
35,5,12.945342680493743,77.56873428410887,12.877622325679955,77.59862682536871,conditions Sunny,NaN ,1,electric_scooter,Buffet,Metropolitan ,09:05,09:15,(min) 43
40,4.4,12.975710441524535,77.62616406514347,12.990454768368766,77.58489626914853,conditions Windy,NaN ,0,bicycle,Buffet,Metropolitan ,19:52,20:11,(min) 53
21,3.9,12.959872511456162,77.55561700544358,12.951799265839034,77.67479854282102,conditions Foggy,High ,0,electric_scooter,Drinks,Semi-Urban ,22:21,22:31,(min) 91
25,3.6,12.94012898394689,77.56048963430375,13.003237398108256,77.61183243395516,conditions Cloudy,Low ,0,bicycle,Meal,Metropolitan ,20:41,20:57,(min) 64
49,4.9,12.983223488552868,77.60076890104487,13.00379664957409,77.54868102925388,conditions Windy,Jam ,2,scooter,Snack,Metropolitan ,18:57,19:16,(min) 62
25,4.8,12.967387609312684,77.58387663207054,12.90567881086894,77.57027441731546,conditions Cloudy,Jam ,2,motorcycle,Drinks,Metropolitan ,21:20,21:39,(min) 69
45,4.2,12.957695024421811,77.63401115295514,13.013350298124893,77.71950374083276,conditions Windy,Low ,0,scooter,Meal,Metropolitan ,16:43,16:57,(min) 66
26,4.4,12.964025359617919,77.59520345400125,12.900817705922325,77.64235275475295,conditions Foggy,Low ,2,bicycle,Snack,Metropolitan ,22:47,22:59,(min) 57
21,4.1,12.952780224977435,77.62746600062624,12.860184895966166,77.55895642771632,conditions Cloudy,Jam ,0,scooter,Meal,Metropolitan ,21:24,21:47,(min) 92
24,4,13.007166470492631,77.61278218477071,12.988018411104159,77.58326304497378,conditions Windy,Low ,2,scooter,Meal,Metropolitan ,17:09,17:24,(min) 34
28,4.1,12.997234938627482,77.60970434640572,12.87724143574614,77.61433976886191,conditions Cloudy,Jam ,1,motorcycle,Buffet,Metropolitan ,22:36,22:55,(min) 91
33,4.1,12.99101954722628,77.61533226150125,12.99280246605826,77.69297182909476,conditions Sandstorms,Low ,0,scooter,Meal,Metropolitan ,17:36,17:49,(min) 60
40,4.4,12.954185073746741,77.63336373158768,13.058484288702713,77.59561393055095,conditions Sandstorms,Medium ,1,motorcycle,Buffet,Urban ,12:10,12:34,(min) 80
43,4.4,12.980917271858454,77.56542563055679,12.995859697757975,77.58288125591906,conditions Windy,High ,2,motorcycle,Meal,Metropolitan ,14:51,15:01,(min) 54
38,4.8,13.00681157493815,77.60025935906023,13.111124359542384,77.68088319508585,conditions Foggy,Medium ,2,motorcycle,Meal,Metropolitan ,11:01,11:17,(min) 74
23,4.9,12.953065590037406,77.58474245020226,12.911830651008652,77.55303799293787,conditions Sunny,Low ,1,scooter,Buffet,Metropolitan ,09:55,10:18,(min) 37
20,3.9,12.995858460048586,77.62669781065583,12.898526312959156,77.65216242184341,conditions Stormy,High ,1,bicycle,Drinks,Metropolitan ,11:19,11:41,(min) 83
NaN ,4.2,12.943186178764702,77.6176937515758,12.858535579512061,77.66097190906335,conditions Cloudy,High ,1,motorcycle,Meal,Metropolitan ,13:34,13:54,(min) 79
50,3.6,12.974108182823658,77.58649998714253,12.954423413311579,77.53506016199819,conditions Cloudy,High ,1,scooter,Meal,Metropolitan ,10:04,10:16,(min) 65
39,5,12.990514203103633,77.57740651044101,13.012254981958348,77.61116628074194,conditions Cloudy,High ,0,bicycle,Drinks,Urban ,09:23,09:42,(min) 50
48,4.1,13.010118829960376,77.56892523272931,13.124257890664698,77.56324521074428,conditions Sunny,Jam ,2,motorcycle,Drinks,Metropolitan ,21:07,21:31,(min) 87
43,NaN ,12.95110018554926,77.55983681847378,12.961294532258245,77.5327591754,conditions Windy,Low ,0,scooter,Drinks,Metropolitan ,14:29,14:51,(min) 41
47,4.6,12.9910661847502,77.56465676334724,13.042170146698492,77.65864346962583,conditions Stormy,Medium ,2,electric_scooter,Drinks,Urban ,13:38,13:57,(min) 82
39,3.7,12.963637451453508,77.59236608647778,12.92866457972688,77.5758838060257,conditions Sandstorms,Jam ,1,electric_scooter,Snack,Semi-Urban ,21:20,21:30,(min) 72
31,3.7,12.959309534466268,77.58634290029332,12.962774465719253,77.70568866397292,conditions Stormy,Low ,1,electric_scooter,Snack,Metropolitan ,20:05,20:26,(min) 86
NaN ,3.7,12.975094550641627,77.5803921905443,13.05206783033347,77.49469130131642,conditions Sunny,Low ,0,motorcycle,Buffet,Metropolitan ,21:22,21:42,(min) 74
25,4.3,12.990905717181414,77.58237683157473,12.964842776162314,77.49424112804776,conditions Foggy,Medium ,1,motorcycle,Buffet,Semi-Urban ,17:44,17:59,(min) 69
41,4.8,12.943069015870243,77.55712685457468,12.878373846327618,77.55242691037307,conditions Windy,Low ,1,scooter,Snack,Metropolitan ,16:42,17:05,(min) 44
42,4.6,13.009174068680407,77.6301556899868,13.029297454040988,77.71387948595388,conditions Windy,High ,2,bicycle,Snack,Metropolitan ,10:06,10:17,(min) 66
39,4.7,12.941771425770968,77.60596685866862,12.96493400332508,77.67048595349178,conditions Stormy,Low ,1,bicycle,Meal,Metropolitan ,08:03,08:18,(min) 51
22,4,12.950758848188817,77.55526692927852,12.97522835626823,77.60859832893341,conditions Sandstorms,Medium ,0,bicycle,Meal,Urban ,09:39,09:52,(min) 61
35,4.7,12.98838166665137,77.59716830638274,12.931233720983034,77.6116846249737,conditions Windy,Medium ,0,motorcycle,Drinks,Metropolitan ,15:44,16:05,(min) 49
38,4.2,12.951167712973804,77.56092315773517,12.92446134245452,77.60099553292285,conditions Windy,Jam ,1,scooter,Buffet,Metropolitan ,15:24,15:46,(min) 64
36,4.3,12.93287626862377,77.63451641739384,13.009489611227327,77.69632713896584,conditions Cloudy,High ,1,bicycle,Drinks,Metropolitan ,20:02,20:19,(min) 77
44,4.4,12.953757087493688,77.55954586862623,13.049465967546913,77.48442315419582,conditions Sandstorms,High ,0,scooter,Meal,Urban ,12:46,13:08,(min) 94
20,4.2,12.99167270378992,77.61076135377436,12.961395292258231,77.55053975853227,conditions Stormy,High ,2,bicycle,Drinks,Metropolitan ,08:08,08:24,(min) 70
24,4.6,12.931794531343877,77.61577060521617,12.860139468378026,77.59481074164806,conditions Cloudy,Low ,0,scooter,Buffet,Metropolitan ,09:48,10:04,(min) 53
45,NaN ,13.009776080156119,77.61330729960501,12.901245528963651,77.59243866981997,conditions Windy,High ,2,electric_scooter,Meal,Metropolitan ,13:51,14:07,(min) 83
47,5,12.966916768232734,77.6171280277431,13.023746254819809,77.59260678191153,conditions Foggy,Jam ,2,electric_scooter,Meal,Metropolitan ,19:26,19:44,(min) 71
41,3.6,12.98896329011619,77.56396609050259,12.896166199749029,77.60453854350983,conditions Windy,Low ,0,bicycle,Buffet,Metropolitan ,13:38,13:57,(min) 77
28,4.8,12.991215926723928,77.61391558284909,13.0328627382936,77.73841536338993,conditions Foggy,High ,0,electric_scooter,Snack,Metropolitan ,17:39,17:52,(min) 87
30,4.3,12.992994617371261,77.56896533624307,12.981228326915588,77.52027864473871,conditions Foggy,NaN ,2,bicycle,Buffet,Metropolitan ,11:17,11:27,(min) 48
44,4.6,12.971181178911031,77.5953123205252,12.961836980361795,77.64179129211739,conditions Sandstorms,Jam ,1,scooter,Meal,Urban ,19:16,19:30,(min) 74
48,3.7,12.9850655302763,77.56526859362647,12.9634382425545,77.44412323956854,conditions Stormy,Low ,0,electric_scooter,Meal,Urban ,10:00,10:18,(min) 88
45,4.9,12.989294510035217,77.60780180708542,13.077320126780583,77.56654901449326,conditions Stormy,Jam ,2,bicycle,Meal,Urban ,10:10,10:31,(min) 88
50,3.7,12.997712119480967,77.56916449529156,13.07150419525517,77.58447474357463,conditions Cloudy,Jam ,1,bicycle,Buffet,Metropolitan ,17:50,18:01,(min) 78
32,4.1,12.970181917267293,77.57932477827221,12.958812530521657,77.46344797780513,conditions Stormy,Medium ,2,electric_scooter,Meal,Urban ,16:01,16:23,(min) 79
43,4.6,12.947879305759818,77.60490529782176,12.976405202160821,77.56957361013147,conditions Foggy,High ,1,bicycle,Meal,Metropolitan ,13:01,13:18,(min) 65
49,4.3,13.003817338606716,77.61902978044972,12.971117885703364,77.55485216810837,conditions Windy,Medium ,2,electric_scooter,Meal,Metropolitan ,20:48,21:04,(min) 65
20,3.9,12.980034022646398,77.61503093238026,12.869103227284157,77.69351630005667,conditions Cloudy,High ,2,bicycle,Snack,Metropolitan ,22:44,22:58,(min) 87
NaN ,4.2,12.951232369093598,77.58265095726624,12.934561401262297,77.71691137551298,conditions Cloudy,High ,1,scooter,Snack,Metropolitan ,19:52,20:16,(min) 94
39,4.9,12.973025402648748,77.59182934337333,12.916631039785768,77.64785616682849,conditions Stormy,Low ,0,scooter,Snack,Urban ,21:31,21:42,(min) 65
24,3.7,12.945240375733375,77.59990303476378,12.958864694409842,77.508680008482,conditions Foggy,Jam ,0,electric_scooter,Buffet,Urban ,09:18,09:33,(min) 85
33,5,13.011401585488022,77.62756988660469,12.979334438146264,77.60175350340182,conditions Sandstorms,Medium ,0,motorcycle,Drinks,Metropolitan ,12:18,12:29,(min) 56
32,4.9,12.933386734778434,77.55819251074493,12.96108363904241,77.61651449866793,conditions Sunny,Low ,1,bicycle,Snack,Metropolitan ,17:38,18:02,(min) 39
35,3.9,12.950636995768548,77.60886707861945,12.973164307826341,77.68203913027075,conditions Foggy,NaN ,2,electric_scooter,Buffet,Metropolitan ,20:53,21:11,(min) 61
35,NaN ,12.988188887646794,77.59169571814165,13.102094405578397,77.55330254731166,conditions Foggy,Jam ,1,bicycle,Meal,Metropolitan ,21:20,21:38,(min) 98
40,3.9,12.962693633919955,77.62448604975864,13.020516287497788,77.74756266996584,conditions Sandstorms,High ,2,motorcycle,Buffet,Urban ,22:11,22:25,(min) 94
44,4.7,12.993335109053552,77.60588280172125,13.1196881520794,77.65385262009171,conditions Sunny,High ,1,scooter,Meal,Metropolitan ,19:42,19:58,(min) 84
37,4.7,12.940700354183466,77.58053267031013,13.048303138122895,77.54942175091747,conditions Stormy,Medium ,2,electric_scooter,Snack,Metropolitan ,17:12,17:34,(min) 76
43,3.7,12.952232137805224,77.56266567741558,12.923647639073579,77.6419240606111,conditions Cloudy,NaN ,2,motorcycle,Drinks,Metropolitan ,11:17,11:39,(min) 61
32,4.4,13.011333056649566,77.55960505616888,13.054352348361553,77.58802130276058,conditions Cloudy,Medium ,2,bicycle,Snack,Metropolitan ,09:20,09:38,(min) 49
25,3.9,12.94940353454873,77.60183016206174,12.929812370070925,77.5925604439069,conditions Foggy,Low ,2,electric_scooter,Buffet,Metropolitan ,22:40,23:00,(min) 37
37,4.8,12.953578974454105,77.56593865678683,12.901162121814071,77.63700931223114,conditions Sandstorms,Low ,2,bicycle,Drinks,Metropolitan ,12:26,12:50,(min) 60
41,4.1,12.966427827233822,77.60261181398332,12.997798659445749,77.66025144997465,conditions Sunny,Jam ,2,motorcycle,Buffet,Metropolitan ,14:45,15:09,(min) 70
21,4,12.993223933017255,77.59059098233506,13.099094607064984,77.53318011777174,conditions Stormy,Jam ,0,scooter,Snack,Metropolitan ,09:32,09:50,(min) 103
31,4.2,12.994797487648578,77.61161368462294,13.105765672946438,77.64598169875977,conditions Sunny,Low ,2,bicycle,Meal,Metropolitan ,12:46,13:06,(min) 65
31,4.6,12.992550105972589,77.58862945997194,12.97484793428052,77.57819119315211,conditions Cloudy,Jam ,2,bicycle,Buffet,Metropolitan ,22:29,22:47,(min) 48
NaN ,3.8,12.978150079975277,77.58535628608465,12.954117844350122,77.46495484874946,conditions Sandstorms,NaN ,1,electric_scooter,Snack,Metropolitan ,19:37,19:54,(min) 82
27,5,13.00332103021294,77.58130062975958,13.014459308885181,77.55633325091694,conditions Foggy,Low ,1,motorcycle,Drinks,Metropolitan ,20:59,21:09,(min) 41
50,4.3,12.95234936265126,77.5663525242269,13.005463050483836,77.44760790255764,conditions Stormy,High ,0,bicycle,Meal,Urban ,18:58,19:14,(min) 93
48,4.5,12.978530123176427,77.61676567780823,13.016550877773547,77.7418979723008,conditions Cloudy,Jam ,2,motorcycle,Buffet,Urban ,22:35,22:58,(min) 92
21,4.5,12.994754040146619,77.61216048895419,13.046272187808759,77.52850290617509,conditions Sunny,Low ,1,electric_scooter,Meal,Metropolitan ,13:06,13:16,(min) 55
NaN ,3.6,13.01116045255065,77.61576730792449,12.992239341480632,77.54703875447792,conditions Foggy,High ,1,electric_scooter,Drinks,Metropolitan ,08:34,08:53,(min) 71
20,4.4,12.99122008588016,77.57693511170372,12.960618126359895,77.7129211740809,conditions Sunny,Low ,2,bicycle,Drinks,Metropolitan ,10:10,10:20,(min) 70
43,NaN ,12.983876520114393,77.62812884624154,12.988398467340687,77.60675875199341,conditions Sandstorms,Low ,0,scooter,Meal,Urban ,15:19,15:29,(min) 37
48,4.3,12.954216843394935,77.55473739222661,12.932303072915655,77.60088792519292,conditions Stormy,Medium ,1,scooter,Meal,Metropolitan ,22:02,22:19,(min) 60
35,4.6,13.00321074789241,77.61362105085551,12.984061590252923,77.71370968185158,conditions Windy,Medium ,1,bicycle,Meal,Metropolitan ,09:28,09:46,(min) 66
22,3.5,13.010014653539658,77.60466853638216,12.997809490316374,77.66191599640075,conditions Windy,Low ,0,electric_scooter,Buffet,Metropolitan ,14:29,14:48,(min) 60
24,4.5,12.99614194938764,77.58178989890068,12.88761681772387,77.6118820694361,conditions Foggy,Medium ,0,scooter,Snack,Metropolitan ,21:11,21:31,(min) 84
28,NaN ,12.944557341559232,77.63244431727603,12.960081109978708,77.59863025909343,conditions Stormy,High ,2,motorcycle,Snack,Metropolitan ,09:09,09:23,(min) 50
41,4.9,12.951170947252214,77.58446042926089,12.918665795655143,77.58715544125415,conditions Sunny,Low ,2,bicycle,Drinks,Metropolitan ,13:11,13:22,(min) 39
23,4.8,12.985108012164385,77.557433359316,12.922075394682704,77.61009066802325,conditions Sandstorms,Low ,1,electric_scooter,Snack,Metropolitan ,21:30,21:46,(min) 63
29,3.7,12.967340672498942,77.61637673829719,13.084961893064484,77.6847726476529,conditions Sandstorms,High ,0,motorcycle,Snack,Metropolitan ,10:34,10:45,(min) 98
47,NaN ,12.975034315826745,77.55803694861979,12.982376380084894,77.53597936458554,conditions Cloudy,High ,1,motorcycle,Drinks,Urban ,09:57,10:16,(min) 45
39,3.6,12.94296321667582,77.61172275372819,12.89065591851021,77.64799390153048,conditions Windy,Medium ,2,bicycle,Snack,Metropolitan ,08:48,09:05,(min) 54
21,3.6,12.983794936517626,77.59019243932366,13.121087301675693,77.56638820553594,conditions Foggy,Medium ,2,scooter,Snack,Metropolitan ,17:20,17:40,(min) 87
28,3.5,13.008875154814124,77.60055241775736,12.918472084081454,77.6040916154032,conditions Sunny,Low ,0,motorcycle,Drinks,Urban ,11:13,11:37,(min) 58
38,3.7,12.933462385310234,77.56039395281151,12.958202304342626,77.53983926107283,conditions Windy,Medium ,2,bicycle,Buffet,Metropolitan ,15:16,15:33,(min) 41
25,3.6,12.9562925249137,77.61851741171479,12.898156889542957,77.65658887325027,conditions Stormy,High ,1,electric_scooter,Buffet,Metropolitan ,10:30,10:49,(min) 73
37,4.5,12.978250866493584,77.58703566861377,12.956284595010443,77.56841189353887,conditions Sunny,Medium ,2,electric_scooter,Meal,Metropolitan ,19:00,19:13,(min) 37
48,4.1,12.956422073858231,77.57597431029231,13.053204806906193,77.59978299460359,conditions Sunny,Low ,0,motorcycle,Meal,Urban ,10:01,10:11,(min) 58
23,4.3,12.981839734891803,77.58820621467233,12.89756744613139,77.62490149376012,conditions Sunny,Medium ,2,motorcycle,Meal,Metropolitan ,19:43,20:04,(min) 63
44,NaN ,12.969776541551948,77.62131219339594,12.970912817239046,77.59169084918409,conditions Foggy,Low ,1,motorcycle,Meal,Semi-Urban ,19:00,19:18,(min) 45
44,4.9,12.947383416908234,77.62551461662203,12.9639061568366,77.60632329857516,conditions Foggy,High ,0,motorcycle,Snack,Metropolitan ,20:30,20:40,(min) 56
24,4.4,12.979591739027203,77.58288969145194,12.98555468839669,77.68623668167474,conditions Windy,High ,0,motorcycle,Buffet,Metropolitan ,11:04,11:19,(min) 78
38,4.2,12.96319843625501,77.56059280498921,12.905997014310538,77.52029786923549,conditions Stormy,Low ,0,motorcycle,Buffet,Metropolitan ,15:28,15:38,(min) 62
32,3.8,12.97716276589632,77.61638901044653,12.867308464065443,77.57142874742182,conditions Sunny,Medium ,1,electric_scooter,Drinks,Urban ,14:08,14:24,(min) 74
41,3.7,12.999536269752682,77.59289551959411,13.060326581842318,77.5509191112195,conditions Windy,High ,0,electric_scooter,Snack,Metropolitan ,17:48,18:11,(min) 74
46,5,12.9846090838857,77.5588402818054,13.034006299702765,77.64460274340753,conditions Stormy,Jam ,2,bicycle,Buffet,Metropolitan ,13:52,14:11,(min) 93
23,4.5,13.007758894598485,77.55751697947308,13.011815948846905,77.43499239298963,conditions Foggy,High ,0,bicycle,Drinks,Metropolitan ,13:04,13:14,(min) 92
34,3.8,12.976753649505229,77.59192812713832,12.999144500614257,77.61043923452026,conditions Cloudy,High ,0,electric_scooter,Buffet,Metropolitan ,14:24,14:48,(min) 59
20,4.6,13.004946600718796,77.62404689216092,13.00307689341728,77.74901310833349,conditions Windy,Medium ,1,bicycle,Snack,Metropolitan ,13:26,13:45,(min) 79
36,3.9,12.980676763186604,77.63272861949206,12.922498022948222,77.72182105752559,conditions Cloudy,Jam ,2,scooter,Buffet,Metropolitan ,09:42,10:06,(min) 83
31,4.8,13.009782719126344,77.62403921511992,13.097625360479233,77.60952663316186,conditions Foggy,Low ,1,motorcycle,Buffet,Metropolitan ,08:39,08:58,(min) 62
39,4.5,12.99897718982622,77.6303809271291,13.024695324375905,77.74226819417186,conditions Sandstorms,Low ,0,bicycle,Buffet,Metropolitan ,21:18,21:40,(min) 75
30,4.5,12.984884544609487,77.59010154427067,12.981064671535016,77.6750996008927,conditions Windy,Jam ,0,electric_scooter,Meal,Metropolitan ,21:44,21:58,(min) 85
21,4.5,12.98543581178263,77.58809291719496,13.074358336581582,77.52885336901376,conditions Sandstorms,High ,2,bicycle,Drinks,Metropolitan ,19:43,20:07,(min) 82
50,4.8,12.962031149452924,77.62252856736109,12.925244634213234,77.553804852933,conditions Cloudy,High ,2,scooter,Snack,Metropolitan ,11:58,12:14,(min) 65
47,5,12.963868320526927,77.55971052217335,13.024521430131301,77.46002162192873,conditions Foggy,Jam ,2,electric_scooter,Drinks,Urban ,19:33,19:47,(min) 97
27,5,12.991091034913808,77.5683753442675,13.030489600670093,77.56859764501839,conditions Sandstorms,Medium ,1,scooter,Meal,Metropolitan ,16:00,16:18,(min) 47
48,3.7,12.982140866106748,77.62864177350923,12.920084251338794,77.52858831212973,conditions Sunny,High ,0,motorcycle,Meal,Metropolitan ,16:33,16:49,(min) 81
47,3.6,12.956552514376492,77.57747796702236,12.968661412856035,77.44426359912924,conditions Sunny,Low ,2,electric_scooter,Drinks,Metropolitan ,17:00,17:13,(min) 74
34,4.9,12.98097485370785,77.57185349681451,13.093299643891717,77.60309289282078,conditions Cloudy,Low ,1,scooter,Meal,Metropolitan ,16:49,17:05,(min) 64
36,4,12.981689318100363,77.61569644457698,12.896050003136022,77.68748115470135,conditions Cloudy,Jam ,0,bicycle,Snack,Metropolitan ,15:11,15:34,(min) 85
24,4.5,13.011545550486446,77.58090888840184,12.994220002482331,77.61940044505619,conditions Sandstorms,Jam ,0,motorcycle,Meal,Metropolitan ,12:06,12:17,(min) 72
23,4.7,12.945417120771856,77.55643820996434,12.994898798421277,77.54144970948786,conditions Sunny,High ,2,motorcycle,Drinks,Semi-Urban ,21:52,22:15,(min) 50
24,3.8,12.991372956911475,77.63458850986362,12.9321915220343,77.53926639424085,conditions Sunny,High ,1,scooter,Snack,Metropolitan ,18:31,18:46,(min) 74
48,4.1,12.967080396077037,77.57976556760296,13.045370586432178,77.64167516589032,conditions Cloudy,High ,2,electric_scooter,Meal,Urban ,19:31,19:41,(min) 82
29,3.8,12.954933853818476,77.59651263692453,12.929591788070423,77.57045889481493,conditions Sunny,Medium ,2,scooter,Snack,Metropolitan ,22:09,22:26,(min) 41
29,4.4,12.952172623554617,77.61970768696666,13.00435318169784,77.63224045157583,conditions Windy,NaN ,1,scooter,Buffet,Urban ,21:11,21:32,(min) 52
49,4.7,12.976190986296535,77.58495067697987,13.078213804493414,77.6082300776464,conditions Windy,High ,2,bicycle,Snack,Metropolitan ,20:19,20:31,(min) 77
39,NaN ,12.961244073229283,77.59447741027027,12.933610712244045,77.54267635996393,conditions Sunny,Low ,1,scooter,Drinks,Metropolitan ,17:14,17:31,(min) 37
NaN ,3.6,12.937021893354506,77.57052134576291,13.051105959548172,77.62954908561139,conditions Sandstorms,Jam ,2,motorcycle,Snack,Metropolitan ,11:34,11:52,(min) 100
25,4.4,12.971044486629218,77.58759193669111,12.93062802486269,77.63945654056542,conditions Sunny,Medium ,2,bicycle,Snack,Urban ,11:07,11:21,(min) 49
45,4.2,12.993404773900659,77.56476243040562,12.990393801049127,77.5911402316175,conditions Windy,Jam ,1,bicycle,Snack,Metropolitan ,11:42,12:02,(min) 60
26,3.8,12.981011233142018,77.56633115586862,12.954626033327559,77.49377218087689,conditions Cloudy,Jam ,0,electric_scooter,Buffet,Metropolitan ,13:24,13:40,(min) 81
45,4.7,12.992560906278342,77.56600839505941,12.94708149708789,77.51839395439973,conditions Sandstorms,Low ,1,electric_scooter,Snack,Urban ,13:19,13:38,(min) 57
34,4.4,12.961114116141946,77.59765660903454,13.038100683115825,77.50956385788548,conditions Cloudy,Medium ,1,scooter,Meal,Metropolitan ,22:36,22:50,(min) 68
38,3.7,13.001103001645207,77.61729892668352,12.978702453309817,77.72461549529903,conditions Windy,Jam ,0,motorcycle,Snack,Urban ,11:00,11:21,(min) 86
41,3.9,12.971795031650364,77.60854326062874,13.09904197808037,77.55842330352489,conditions Sunny,Jam ,2,motorcycle,Buffet,Metropolitan ,14:23,14:47,(min) 99
47,4.9,12.937488314340264,77.61991266510486,12.97565655626941,77.64760059470176,conditions Cloudy,Low ,2,motorcycle,Buffet,Metropolitan ,15:21,15:45,(min) 39
30,NaN ,12.987436530402304,77.59425333079919,12.964837293086164,77.64151525375526,conditions Sandstorms,Low ,0,motorcycle,Buffet,Urban ,19:23,19:35,(min) 53
40,4.7,13.000072200166434,77.58246747146397,12.888599689542993,77.57247455105751,conditions Foggy,Low ,1,bicycle,Drinks,Metropolitan ,22:52,23:05,(min) 68
45,4.5,12.933380681572855,77.56248049349561,12.940684995299518,77.50010892705247,conditions Cloudy,Medium ,2,scooter,Buffet,Metropolitan ,10:53,11:08,(min) 53
48,5,12.970066848600656,77.5646524444133,12.919371432782656,77.67857705834875,conditions Sunny,Jam ,2,electric_scooter,Meal,Metropolitan ,17:03,17:18,(min) 85
40,3.6,13.007259981518985,77.5842233244054,13.045005723475429,77.61728356125657,conditions Sandstorms,Low ,1,scooter,Meal,Metropolitan ,14:33,14:44,(min) 59
30,4,13.011330217959733,77.63453486043066,13.056967847295894,77.71550748303235,conditions Stormy,Low ,1,electric_scooter,Snack,Metropolitan ,14:38,14:53,(min) 69
32,4.2,13.001601888908446,77.62762076863125,13.043287787730387,77.56197846146732,conditions Windy,Medium ,1,motorcycle,Buffet,Metropolitan ,16:41,16:55,(min) 58
28,4.8,12.934076029042155,77.62572683013082,12.921902204187484,77.66601200389701,conditions Sunny,Low ,2,motorcycle,Snack,Metropolitan ,08:38,08:57,(min) 32
24,4,12.94496728297174,77.59017397296653,12.899485061420862,77.48860493734041,conditions Cloudy,Low ,1,motorcycle,Snack,Metropolitan ,13:42,14:06,(min) 70
36,5,12.941072648184747,77.59320515300185,12.848520211391058,77.68547260423881,conditions Sandstorms,Low ,2,scooter,Buffet,Semi-Urban ,21:49,22:09,(min) 79
34,3.8,12.937236916998774,77.56275282180906,12.907235741917102,77.575020703312,conditions Windy,Low ,1,electric_scooter,Buffet,Metropolitan ,16:01,16:20,(min) 40
34,5,12.964770088157058,77.61447506439909,12.93374726304332,77.65452414397356,conditions Foggy,Jam ,1,bicycle,Snack,Urban ,14:37,14:56,(min) 74
34,4.8,12.963094610942901,77.62076516875103,12.887898264683068,77.54443055311157,conditions Stormy,Low ,2,electric_scooter,Meal,Metropolitan ,15:08,15:26,(min) 69
39,4.1,12.941377114037424,77.5842285815537,12.846772870133567,77.65784939276112,conditions Cloudy,Medium ,0,bicycle,Meal,Metropolitan ,18:29,18:44,(min) 80
27,3.7,13.001683794221282,77.56106161725745,12.893831435857743,77.58766111637513,conditions Cloudy,NaN ,1,bicycle,Snack,Metropolitan ,11:31,11:46,(min) 66
40,5,12.979859416520595,77.61876938213632,12.98076631071397,77.6797833373652,conditions Windy,Low ,2,bicycle,Drinks,Metropolitan ,08:44,09:03,(min) 42
43,3.8,12.947575782927126,77.58356221172065,12.987053788919697,77.59835179679335,conditions Cloudy,High ,0,scooter,Buffet,Metropolitan ,15:40,15:56,(min) 64
35,4.2,12.946823824568094,77.6100746425338,12.859238948103355,77.65445462459702,conditions Stormy,Jam ,1,bicycle,Meal,Metropolitan ,18:15,18:32,(min) 87
48,4.8,12.995631773004682,77.58044605425596,12.954966848870702,77.5075992681785,conditions Sandstorms,Jam ,2,scooter,Buffet,Urban ,18:02,18:25,(min) 75
38,3.7,12.954380727203937,77.62343456837385,12.978406992175023,77.56140535312782,conditions Stormy,Medium ,2,motorcycle,Meal,Urban ,10:53,11:13,(min) 65
35,4.8,12.956099273318797,77.62640640898645,12.885769072501773,77.61217790469216,conditions Sandstorms,Jam ,1,bicycle,Buffet,Metropolitan ,21:58,22:21,(min) 81
34,4.5,13.007851600682736,77.62911186804101,12.961119696411517,77.62009956468367,conditions Sunny,Jam ,2,scooter,Snack,Metropolitan ,17:20,17:30,(min) 52
50,4.3,12.964926211031527,77.56490268918724,13.048528012474407,77.57204542548662,conditions Sandstorms,Low ,1,scooter,Meal,Metropolitan ,09:18,09:34,(min) 61
23,NaN ,12.992542086763681,77.60045575224832,13.020527852561566,77.5784651509218,conditions Sandstorms,High ,1,electric_scooter,Meal,Metropolitan ,14:23,14:38,(min) 58
24,4,12.979451155065,77.5773700070478,12.973605174950478,77.7014960200247,conditions Sandstorms,Jam ,1,electric_scooter,Snack,Metropolitan ,14:13,14:27,(min) 98
44,4.6,13.009347846413403,77.60753670870363,13.080208812825282,77.71881886706109,conditions Cloudy,Low ,1,scooter,Snack,Urban ,15:44,15:54,(min) 67
29,4.8,12.962079169916363,77.63379046957046,12.923655795220006,77.63871873937072,conditions Sandstorms,High ,2,motorcycle,Buffet,Semi-Urban ,19:11,19:27,(min) 53
36,4.2,12.95317195487991,77.5916819196105,12.995374193581398,77.59295629047972,conditions Foggy,Medium ,1,motorcycle,Meal,Metropolitan ,13:28,13:51,(min) 55
28,4.4,12.935601148715616,77.58555129733905,13.025296702724127,77.55127830845012,conditions Windy,Medium ,1,motorcycle,Buffet,Urban ,17:32,17:51,(min) 66
50,3.6,12.957319186849892,77.56297675454095,12.931655169545731,77.45893891750181,conditions Sandstorms,High ,2,scooter,Snack,Metropolitan ,19:01,19:11,(min) 90
35,4.2,12.98753328991905,77.6128879421115,12.971808897738995,77.74178632195037,conditions Stormy,Medium ,1,motorcycle,Snack,Urban ,09:12,09:31,(min) 81
50,4,12.942287149818988,77.56153788658827,12.93568819007195,77.62847116526962,conditions Sandstorms,High ,0,electric_scooter,Meal,Metropolitan ,13:16,13:31,(min) 76
42,4.9,13.005643863601984,77.59554752790406,13.064348338931866,77.66584846795025,conditions Foggy,Jam ,2,scooter,Drinks,Metropolitan ,08:52,09:09,(min) 83
22,3.6,12.99940713716522,77.60847537330389,12.901260695463355,77.69409044235792,conditions Foggy,Medium ,0,electric_scooter,Meal,Urban ,14:40,14:54,(min) 91
40,4.7,12.991076041849704,77.57204531404227,13.048192893946927,77.55437486497148,conditions Cloudy,Medium ,2,bicycle,Meal,Metropolitan ,21:53,22:07,(min) 56
50,4.9,12.94928012482673,77.62326264941171,12.914617643918355,77.5906861150878,conditions Stormy,Low ,1,scooter,Buffet,Metropolitan ,12:59,13:11,(min) 54
33,4.4,12.95074662161842,77.6038348381877,12.990733780237601,77.61539338093783,conditions Stormy,High ,0,scooter,Snack,Metropolitan ,19:54,20:18,(min) 70
23,NaN ,12.937455967774987,77.6182460984312,12.95240932054847,77.52795842792209,conditions Sandstorms,High ,1,electric_scooter,Meal,Metropolitan ,18:13,18:28,(min) 73
42,4.8,12.989554197973014,77.6248664671652,12.99610814571627,77.68957316894897,conditions Stormy,Medium ,2,motorcycle,Snack,Urban ,17:44,18:06,(min) 58
46,4.9,12.976672626136244,77.60650486827865,12.92973904006512,77.71568767658704,conditions Sunny,Low ,0,bicycle,Drinks,Metropolitan ,13:52,14:05,(min) 75
40,4.7,12.965463470125943,77.60609682380259,12.946599312720389,77.50133399198444,conditions Sunny,Jam ,0,bicycle,Meal,Metropolitan ,13:32,13:53,(min) 87
30,4.2,12.965942753738165,77.62565145676062,12.97685788899882,77.51786600534781,conditions Sandstorms,Medium ,2,electric_scooter,Snack,Urban ,10:39,10:50,(min) 73
36,4.7,12.991464759705961,77.56263500214591,12.915267321598686,77.52048169366029,conditions Sunny,Jam ,0,electric_scooter,Meal,Metropolitan ,08:39,08:56,(min) 69
48,3.6,12.934187998677045,77.6019833463341,12.884077016678482,77.6212779349345,conditions Sandstorms,Medium ,0,bicycle,Meal,Urban ,09:07,09:27,(min) 59
48,3.8,13.00692796246931,77.5702146653369,12.964568529439065,77.68325399326872,conditions Sandstorms,Medium ,2,bicycle,Drinks,Metropolitan ,13:36,13:58,(min) 86
34,4.9,12.997159298060835,77.6240901482202,13.019521383054983,77.64847131582364,conditions Windy,Low ,0,electric_scooter,Meal,Metropolitan ,11:07,11:28,(min) 38
45,4.7,12.963886953497678,77.61475616036951,12.923148611292849,77.579561857013,conditions Sunny,Jam ,0,motorcycle,Meal,Metropolitan ,17:55,18:07,(min) 59
37,3.8,12.940721513217689,77.60027410929129,13.005254667386435,77.59507191691489,conditions Windy,Medium ,0,scooter,Snack,Metropolitan ,10:48,11:04,(min) 64
50,4.4,12.95291134590134,77.56152186620086,12.92047351813509,77.50898007924489,conditions Windy,Medium ,2,scooter,Buffet,Metropolitan ,17:06,17:25,(min) 54
48,5,12.968628877474368,77.62576345958784,13.041342476378025,77.50739202126279,conditions Cloudy,Jam ,1,bicycle,Meal,Metropolitan ,20:00,20:20,(min) 99
41,3.8,12.94640983728543,77.55789296693206,12.991750779059673,77.63989723889512,conditions Foggy,Low ,0,motorcycle,Meal,Metropolitan ,22:10,22:25,(min) 68
41,4.5,12.960420816203952,77.58257732075677,13.00326508789381,77.50199112796027,conditions Sunny,High ,2,electric_scooter,Snack,Metropolitan ,09:53,10:05,(min) 66
49,4.1,12.980430975871533,77.63359800155312,12.967756962965666,77.61414439715863,conditions Sunny,Medium ,1,motorcycle,Buffet,Metropolitan ,16:14,16:28,(min) 35
26,3.5,12.965076700000465,77.57755371169225,13.08670908084388,77.63250801192873,conditions Sunny,Jam ,1,motorcycle,Buffet,Metropolitan ,15:06,15:29,(min) 88
21,3.7,12.947738264257461,77.55779858781993,12.970829529332187,77.56651888011288,conditions Stormy,High ,1,scooter,Buffet,Metropolitan ,10:05,10:19,(min) 54
27,4.4,12.981111822462083,77.55976913471743,13.042214375762736,77.6163474375416,conditions Sunny,Jam ,1,scooter,Drinks,Metropolitan ,11:09,11:23,(min) 72
22,3.7,13.009714608880133,77.61283164027184,13.02976728989626,77.62708806065054,conditions Windy,Jam ,2,scooter,Drinks,Urban ,08:08,08:19,(min) 54
46,4.9,13.007215241844207,77.59391616656482,12.963179054574839,77.62195053191982,conditions Foggy,Jam ,1,scooter,Drinks,Metropolitan ,11:48,11:59,(min) 70
44,4.1,12.967750660514833,77.57167888780161,13.023676562449712,77.545447914551,conditions Cloudy,Medium ,2,electric_scooter,Buffet,Metropolitan ,17:55,18:13,(min) 49
26,4.6,12.962617346736044,77.60256125095337,12.916184638616388,77.61906700992945,conditions Sunny,Low ,0,motorcycle,Meal,Metropolitan ,08:24,08:34,(min) 40
32,4.7,12.993074302895367,77.56751234882549,12.992912704910758,77.62889156363718,conditions Sandstorms,Medium ,0,electric_scooter,Drinks,Urban ,09:59,10:20,(min) 57
43,3.9,12.989259188508989,77.61423836012408,12.869365246097576,77.55762113828567,conditions Foggy,Jam ,1,motorcycle,Buffet,Metropolitan ,18:35,18:45,(min) 98
24,3.6,12.936233280392736,77.62453115704507,12.959762431222753,77.61700634434806,conditions Cloudy,Low ,1,bicycle,Snack,Metropolitan ,12:19,12:43,(min) 46
27,3.9,12.968286568148434,77.60333271020129,12.98715209819762,77.63900173188381,conditions Windy,Medium ,2,bicycle,Snack,Urban ,20:42,20:54,(min) 49
24,3.6,12.95602803144455,77.60252567668482,12.926224172038918,77.506675825979,conditions Sandstorms,Jam ,0,scooter,Drinks,Metropolitan ,14:06,14:25,(min) 95
27,5,13.00189053485021,77.60600698354692,13.090760466356528,77.5879768184278,conditions Stormy,Jam ,2,motorcycle,Buffet,Urban ,19:23,19:43,(min) 87
25,3.7,12.955379450971634,77.62411399557293,12.884028294912325,77.56667969811936,conditions Foggy,High ,1,scooter,Buffet,Urban ,10:11,10:35,(min) 76
22,3.7,13.008618962483853,77.56201387341171,13.078489814362314,77.52033741813975,conditions Windy,Medium ,2,bicycle,Snack,Metropolitan ,18:52,19:16,(min) 64
27,5,12.951254355458916,77.61950568870678,12.946016817342551,77.71708316351273,conditions Foggy,Medium ,0,electric_scooter,Snack,Metropolitan ,08:04,08:17,(min) 71
26,4.8,12.970355696136505,77.55859705283343,13.092176567231007,77.51857087716243,conditions Sunny,Jam ,2,bicycle,Buffet,Metropolitan ,14:58,15:11,(min) 85
35,3.9,12.946909162139892,77.57659634252116,12.977594582740554,77.53041026905122,conditions Foggy,High ,0,scooter,Snack,Urban ,21:17,21:31,(min) 75
43,NaN ,12.953538897781074,77.57731448010578,12.870896553629768,77.59744030830005,conditions Windy,High ,1,bicycle,Buffet,Metropolitan ,16:57,17:18,(min) 68
41,3.8,12.984816308243573,77.6089645706959,12.944162286141166,77.54306570745636,conditions Sunny,Medium ,2,motorcycle,Meal,Urban ,17:49,18:09,(min) 56
28,4.7,12.971802699899674,77.57253594179674,13.009724681618625,77.55440287664166,conditions Foggy,High ,2,bicycle,Buffet,Metropolitan ,20:17,20:37,(min) 59
23,4.4,13.004391473027319,77.60012623551339,13.03505880598445,77.57447618756302,conditions Sandstorms,Low ,2,electric_scooter,Meal,Metropolitan ,18:09,18:22,(min) 44
34,4.1,12.949009286387264,77.60590919964984,12.949188122874528,77.53827817094925,conditions Cloudy,Medium ,0,motorcycle,Snack,Metropolitan ,15:20,15:41,(min) 55
27,4,12.97889416081682,77.56651905260087,13.00643122593521,77.57517900351962,conditions Sandstorms,Jam ,1,bicycle,Snack,Metropolitan ,08:35,08:59,(min) 57
23,4.1,12.991543251684309,77.57449526068791,13.043253517293842,77.51572915526414,conditions Cloudy,High ,1,scooter,Drinks,Metropolitan ,10:16,10:37,(min) 62
32,3.6,12.990115069615097,77.60973650525361,13.079270483723954,77.70896439952935,conditions Windy,NaN ,1,bicycle,Meal,Urban ,20:26,20:49,(min) 80
32,3.6,13.009292245803774,77.61893196375146,13.027460326867521,77.63692163993896,conditions Cloudy,NaN ,0,scooter,Meal,Urban ,14:01,14:25,(min) 49
23,4.5,13.006288664544375,77.60283616154491,12.931227770897804,77.54542559331054,conditions Stormy,High ,1,scooter,Buffet,Metropolitan ,11:23,11:47,(min) 73
48,3.9,12.975474397426844,77.60486235474274,12.996291661923074,77.61407958613212,conditions Sunny,Low ,0,motorcycle,Drinks,Urban ,14:20,14:42,(min) 47
39,3.7,12.960770246683062,77.61834556014314,12.83567888251063,77.56805311112642,conditions Cloudy,High ,1,bicycle,Drinks,Metropolitan ,16:58,17:15,(min) 92
41,4.1,12.969752954448015,77.55998801915943,12.862911031046423,77.51743931802127,conditions Windy,Low ,2,electric_scooter,Snack,Urban ,08:40,08:54,(min) 67
34,3.7,12.994386312233656,77.59985616515428,12.925560662070671,77.6524539470266,conditions Windy,High ,1,electric_scooter,Drinks,Metropolitan ,21:50,22:14,(min) 74
44,4.8,12.971920183597506,77.60708807499185,12.88220157585989,77.64383192402052,conditions Foggy,Jam ,1,motorcycle,Snack,Metropolitan ,15:45,16:09,(min) 80
36,4.3,13.006008076871186,77.59763944952786,12.935263043489229,77.6721693231627,conditions Cloudy,NaN ,2,motorcycle,Meal,Metropolitan ,11:39,11:51,(min) 59
29,4.8,12.935818342546375,77.59011244035364,12.904615239795634,77.49628714188175,conditions Sunny,High ,0,scooter,Snack,Metropolitan ,16:59,17:23,(min) 69
36,NaN ,12.993709325155617,77.617940089228,12.916689858379993,77.66529773106815,conditions Sandstorms,High ,1,motorcycle,Buffet,Metropolitan ,17:44,18:03,(min) 69
22,4.6,12.942015419638157,77.57985864092633,12.940374003013096,77.60330479531916,conditions Sandstorms,Medium ,1,scooter,Buffet,Metropolitan ,19:53,20:12,(min) 42
34,4.9,12.970640873702616,77.60378528389185,12.984972282366256,77.49217315652164,conditions Stormy,Jam ,1,motorcycle,Snack,Urban ,19:58,20:10,(min) 93
50,4.4,12.93270595168546,77.57771467550695,12.910814093166168,77.52997430683644,conditions Cloudy,Jam ,1,electric_scooter,Meal,Urban ,21:47,22:03,(min) 71
43,3.9,13.005269629972428,77.63431529368312,12.98625749226637,77.60653495107023,conditions Windy,Medium ,2,electric_scooter,Drinks,Metropolitan ,08:08,08:21,(min) 48
24,3.6,12.9582206593439,77.6064798401393,12.913631749628399,77.50871120269551,conditions Windy,High ,2,electric_scooter,Buffet,Metropolitan ,09:08,09:30,(min) 73
33,4.5,12.995647971386463,77.58305748923719,12.994207771050924,77.53377811545785,conditions Sandstorms,Medium ,0,bicycle,Snack,Urban ,19:46,20:06,(min) 61
41,4.3,12.932084244506807,77.61057312930971,13.002898887008206,77.7210667895408,conditions Foggy,High ,0,motorcycle,Drinks,Metropolitan ,11:14,11:25,(min) 93
42,4.2,12.940259611456097,77.63324439630881,13.043241766310967,77.5567450547664,conditions Sandstorms,High ,0,motorcycle,Buffet,Urban ,15:22,15:32,(min) 89
31,4.1,12.963878391346336,77.60284119677767,13.036068665915662,77.59401851510118,conditions Sandstorms,Low ,1,bicycle,Buffet,Urban ,12:24,12:42,(min) 58
28,3.5,12.939562471283972,77.62599939175918,13.017729197956806,77.58785340926956,conditions Sunny,Low ,2,motorcycle,Snack,Metropolitan ,16:29,16:39,(min) 50
37,3.9,13.004902324060351,77.60444199300409,12.957222807606337,77.5339002139158,conditions Sandstorms,High ,1,bicycle,Buffet,Semi-Urban ,12:42,12:56,(min) 79
47,3.5,13.010811447145791,77.56754578369707,13.079726591606953,77.65195072606247,conditions Windy,Medium ,2,electric_scooter,Drinks,Metropolitan ,10:53,11:08,(min) 73
21,3.7,12.988298944605887,77.58425555178002,12.957164890152928,77.61366240632593,conditions Cloudy,Medium ,2,electric_scooter,Meal,Metropolitan ,09:54,10:18,(min) 49
20,4.8,12.986906748393924,77.59885583258271,12.957270018855029,77.58821419909893,conditions Stormy,Jam ,2,electric_scooter,Snack,Metropolitan ,12:30,12:43,(min) 66
35,4.2,12.963516960701346,77.59249684643969,12.858935690498868,77.61792619132652,conditions Windy,Medium ,2,bicycle,Meal,Metropolitan ,16:26,16:45,(min) 68
41,4.8,13.003731091039628,77.57779817427546,13.024670406329479,77.53380099660048,conditions Windy,Low ,2,bicycle,Meal,Metropolitan ,16:54,17:04,(min) 37
NaN ,4.9,12.976654177753629,77.61871079430952,13.031257359183572,77.63112387854603,conditions Windy,High ,2,motorcycle,Buffet,Metropolitan ,20:03,20:27,(min) 59
35,4.2,12.965538042111696,77.57303140663579,12.947788375153038,77.67545273739468,conditions Windy,Jam ,0,electric_scooter,Meal,Urban ,16:51,17:08,(min) 84
40,4.7,13.00902267280817,77.62794145752713,12.97540781796576,77.63868398528419,conditions Stormy,Jam ,2,scooter,Snack,Metropolitan ,11:28,11:45,(min) 63
45,4.1,12.959840290340036,77.60276368650645,12.852393326102213,77.6037518723704,conditions Stormy,High ,0,electric_scooter,Snack,Urban ,08:36,08:46,(min) 88
32,4.8,12.942796729559452,77.60975538357198,12.833814970439878,77.63958305663459,conditions Cloudy,NaN ,1,electric_scooter,Meal,Metropolitan ,17:21,17:40,(min) 61
33,4.2,12.995143389830739,77.61444344750643,12.970385117008064,77.64701643050864,conditions Sandstorms,High ,1,scooter,Drinks,Metropolitan ,13:00,13:23,(min) 60
30,4.7,12.944996349325777,77.57184692529067,13.052018169510266,77.59904802235192,conditions Windy,Low ,0,bicycle,Buffet,Metropolitan ,09:34,09:54,(min) 66
25,4.2,12.936770671176166,77.564924944444,12.929345578848348,77.5459115214261,conditions Stormy,NaN ,2,electric_scooter,Snack,Metropolitan ,16:47,16:59,(min) 39
45,4,12.991209167780728,77.56348565268368,12.866058845243744,77.57625304585852,conditions Sunny,Jam ,0,motorcycle,Drinks,Metropolitan ,08:12,08:36,(min) 94
38,4.1,12.964844096376002,77.60300570228175,13.049477431092674,77.63739545507572,conditions Foggy,Jam ,0,bicycle,Snack,Metropolitan ,16:09,16:32,(min) 86
39,4.8,13.00071925489083,77.58123259550929,13.075096892663709,77.61769961561065,conditions Stormy,Jam ,2,electric_scooter,Snack,Metropolitan ,19:24,19:48,(min) 81
46,4.8,12.976170675417782,77.61698521954045,13.058604810049918,77.52669198095349,conditions Cloudy,Jam ,0,electric_scooter,Meal,Metropolitan ,13:04,13:21,(min) 98
38,3.9,12.932231901007146,77.62850935692936,12.934732103768333,77.54347281802092,conditions Stormy,Jam ,0,electric_scooter,Snack,Metropolitan ,22:16,22:33,(min) 92
48,3.6,12.933498368410767,77.61516436831131,12.946018732061141,77.63167306713466,conditions Foggy,Jam ,0,motorcycle,Drinks,Metropolitan ,14:24,14:36,(min) 68
23,NaN ,12.971255664879829,77.57906953468024,12.870515144255611,77.5334084288969,conditions Sunny,Jam ,1,electric_scooter,Drinks,Semi-Urban ,15:03,15:23,(min) 77
30,3.6,12.968269409871102,77.60295113285109,13.016088070547971,77.56870488117728,conditions Sunny,Medium ,0,bicycle,Meal,Metropolitan ,16:39,16:55,(min) 51
43,4.8,12.965343802066894,77.6156208318755,12.878285887161182,77.62798372522356,conditions Stormy,High ,2,electric_scooter,Drinks,Urban ,08:26,08:42,(min) 71
25,4.4,13.000066596323997,77.61473163857163,13.069948501735828,77.6119930808751,conditions Stormy,Low ,2,bicycle,Buffet,Metropolitan ,17:53,18:12,(min) 53
33,4.2,12.990690566039087,77.61792164643332,12.98118303195538,77.64871484580492,conditions Sunny,Medium ,1,electric_scooter,Buffet,Metropolitan ,17:03,17:19,(min) 36
26,3.6,12.951265796514601,77.6234289032504,12.928627007651407,77.70669380200798,conditions Sunny,Medium ,2,bicycle,Drinks,Metropolitan ,09:44,09:57,(min) 55
30,4.6,12.986042203529179,77.58231484466269,12.930192424226982,77.61509838243046,conditions Stormy,High ,2,electric_scooter,Buffet,Metropolitan ,10:57,11:09,(min) 66
45,3.7,12.99675706786886,77.62187984964848,12.924359893737,77.68810329660954,conditions Foggy,Low ,1,bicycle,Drinks,Metropolitan ,21:04,21:18,(min) 72
31,3.9,12.998191747477652,77.6019556742631,13.01447344122078,77.7285206899405,conditions Sunny,Jam ,2,motorcycle,Snack,Urban ,08:08,08:23,(min) 90
26,4.1,12.956527753694356,77.56270353489593,13.009638979904897,77.56947286762242,conditions Stormy,High ,2,bicycle,Buffet,Metropolitan ,22:14,22:28,(min) 66
30,4,12.983376322219522,77.59622788569928,12.955280479644228,77.62215211793114,conditions Windy,High ,0,motorcycle,Drinks,Metropolitan ,14:49,15:09,(min) 60
39,NaN ,13.004952217152715,77.61274156031236,13.00331702729307,77.58682734166122,conditions Cloudy,High ,0,scooter,Meal,Metropolitan ,22:18,22:29,(min) 46
23,3.9,13.003664803391695,77.56035099898502,12.959836982739114,77.58021624554567,conditions Sandstorms,High ,1,bicycle,Drinks,Urban ,09:51,10:03,(min) 64
34,4.9,12.979682674704492,77.58759793252722,13.041793866617956,77.47007632423372,conditions Sandstorms,Jam ,2,scooter,Snack,Metropolitan ,22:59,23:09,(min) 92
24,3.8,12.996514987552912,77.63314194708168,12.998720567107064,77.65799717313487,conditions Cloudy,High ,0,electric_scooter,Meal,Urban ,09:53,10:14,(min) 57
34,4.5,12.938031847345085,77.62418751369268,12.945310615868337,77.67409973364664,conditions Cloudy,Low ,1,motorcycle,Buffet,Metropolitan ,19:06,19:24,(min) 50
46,4.6,12.996581665574015,77.58037502379194,12.945364096242274,77.53576895088187,conditions Stormy,Medium ,1,electric_scooter,Drinks,Metropolitan ,22:34,22:45,(min) 59
30,4.3,13.008770018423348,77.55840156226456,12.943705701230117,77.52654851460754,conditions Sandstorms,Jam ,1,motorcycle,Meal,Metropolitan ,20:28,20:39,(min) 79
50,4.7,12.98618816125989,77.57260655556843,12.974824734808376,77.5348899039834,conditions Sandstorms,Low ,2,bicycle,Drinks,Metropolitan ,21:09,21:22,(min) 46
30,3.9,12.948783197047561,77.59455102997869,12.967279722123779,77.54460105065334,conditions Stormy,Medium ,1,bicycle,Meal,Urban ,20:24,20:43,(min) 64
49,4.5,12.952370569313318,77.58537168770134,13.042688873107105,77.62942140420577,conditions Cloudy,High ,0,bicycle,Snack,Urban ,08:28,08:52,(min) 74
43,5,12.98965324865505,77.61720298658162,13.01352913146135,77.63135212828911,conditions Cloudy,Jam ,1,scooter,Meal,Urban ,22:04,22:17,(min) 57
38,3.6,12.985408149192482,77.62302005431653,12.920851726615403,77.72397874676847,conditions Windy,Jam ,0,bicycle,Meal,Urban ,18:50,19:12,(min) 98
47,4.4,12.950407687517256,77.59955009761303,12.946259878430507,77.55134858306894,conditions Cloudy,High ,0,motorcycle,Drinks,Metropolitan ,20:58,21:22,(min) 65
27,4.5,12.975133177860082,77.55636298948005,12.98179449524488,77.57607105293486,conditions Stormy,Medium ,0,scooter,Snack,Metropolitan ,12:10,12:26,(min) 55
22,4.3,12.9945704333283,77.59402122757434,12.977545219449238,77.5269116688369,conditions Windy,Low ,1,motorcycle,Snack,Metropolitan ,09:17,09:28,(min) 47
44,4.1,12.948005969336629,77.55959549007044,12.875704691593697,77.52844760249647,conditions Cloudy,Low ,0,motorcycle,Snack,Metropolitan ,20:09,20:29,(min) 66
22,3.6,13.005475089418143,77.6266991723612,13.0024649179467,77.70649132537717,conditions Cloudy,High ,2,bicycle,Meal,Metropolitan ,16:36,17:00,(min) 64
21,4.7,12.942537614403665,77.58610069842115,13.028337776335132,77.6744414807169,conditions Windy,High ,2,electric_scooter,Meal,Metropolitan ,10:41,11:04,(min) 73
33,4,12.983276592100411,77.59295137553514,12.921912658993698,77.62476759104793,conditions Foggy,Jam ,1,motorcycle,Snack,Semi-Urban ,09:50,10:06,(min) 74
23,4.7,12.956406487094611,77.63141659508497,13.014594205793188,77.6668726370146,conditions Foggy,Jam ,1,bicycle,Buffet,Metropolitan ,22:17,22:36,(min) 72
20,3.7,12.987444722948968,77.63095206947104,13.019988315101953,77.59061781909088,conditions Windy,Low ,0,electric_scooter,Meal,Metropolitan ,22:00,22:12,(min) 47
27,4.8,12.964290473068505,77.60316979198754,12.980046374824212,77.6512088396781,conditions Foggy,Medium ,2,scooter,Buffet,Metropolitan ,20:45,21:00,(min) 55
34,4.5,12.995562809592485,77.58912236963435,12.994718447572271,77.49076069917366,conditions Sunny,Low ,2,bicycle,Meal,Metropolitan ,19:52,20:04,(min) 60
33,3.6,13.0028768500112,77.59225033002943,12.989548395744796,77.4567194689241,conditions Cloudy,Jam ,2,electric_scooter,Buffet,Metropolitan ,17:56,18:14,(min) 94
46,4.4,12.97560079432875,77.59566549905612,13.095588916343782,77.54124124691891,conditions Sunny,High ,2,electric_scooter,Meal,Metropolitan ,09:18,09:28,(min) 77
37,3.8,12.965002019385249,77.58980266845822,13.035357310212364,77.54749031965174,conditions Sandstorms,Jam ,1,scooter,Snack,Metropolitan ,16:17,16:38,(min) 80
40,3.6,12.964599170646071,77.59800508988127,12.850729573443749,77.67419370254058,conditions Stormy,Low ,2,electric_scooter,Meal,Metropolitan ,16:49,17:07,(min) 81
34,4,12.949577536004037,77.6316025569573,12.953275466279129,77.6760843749054,conditions Sandstorms,Jam ,0,motorcycle,Drinks,Metropolitan ,20:15,20:30,(min) 75
31,4.5,12.976693406550586,77.5560240523614,13.024824424339053,77.60508413057796,conditions Stormy,Low ,0,scooter,Buffet,Urban ,20:05,20:21,(min) 64
33,4.2,12.932211118897795,77.59616879117712,12.845958770046444,77.57207702923084,conditions Stormy,High ,2,scooter,Snack,Urban ,08:27,08:44,(min) 78
26,4.1,12.945656138433517,77.56731148608998,12.895354283856776,77.60456636501632,conditions Foggy,Jam ,2,bicycle,Meal,Metropolitan ,08:24,08:38,(min) 72
26,3.7,12.96522851941958,77.56477231538892,12.939134497335722,77.53473644163404,conditions Sunny,Low ,1,scooter,Snack,Metropolitan ,20:25,20:47,(min) 48
22,3.5,12.979824593028427,77.57419607889875,12.980671419636234,77.62074043857993,conditions Cloudy,High ,0,motorcycle,Snack,Urban ,10:32,10:44,(min) 64
40,4.4,12.957777163757385,77.55698869713619,13.058680657721265,77.50640093332758,conditions Sandstorms,Jam ,2,bicycle,Snack,Urban ,21:53,22:15,(min) 97
32,4.3,12.971283353453876,77.58739324842617,12.97037359449314,77.60917626895532,conditions Sunny,High ,0,scooter,Buffet,Metropolitan ,18:12,18:27,(min) 42
21,4.3,12.962915078046173,77.58377024370283,12.89145021085014,77.58365921067427,conditions Sandstorms,High ,2,electric_scooter,Snack,Urban ,22:34,22:48,(min) 66
28,4.3,13.003839553201944,77.55577890305817,12.982954439982791,77.56326329722881,conditions Sunny,High ,2,bicycle,Snack,Metropolitan ,19:17,19:36,(min) 47
39,3.6,12.972666034585238,77.57470343028233,13.040205321717647,77.52233790043101,conditions Foggy,Jam ,2,motorcycle,Buffet,Urban ,09:16,09:39,(min) 80
26,4.2,12.98355271845907,77.61217852086797,12.949749583690254,77.64905861982062,conditions Cloudy,High ,1,scooter,Drinks,Metropolitan ,09:23,09:40,(min) 57
41,3.6,12.977067179287225,77.63008850603401,13.064262603017161,77.63225270238108,conditions Foggy,Low ,0,motorcycle,Drinks,Metropolitan ,22:54,23:16,(min) 66
48,3.9,13.008810983783007,77.58626684700177,13.043130250163166,77.55265308507782,conditions Windy,Medium ,2,bicycle,Snack,Urban ,11:11,11:26,(min) 47
50,4.4,13.001827441750468,77.62596513361707,12.97700732286452,77.65568463843583,conditions Windy,Jam ,2,bicycle,Snack,Metropolitan ,17:38,18:02,(min) 62
27,4.6,12.936874700392037,77.60415549426376,12.908151568095057,77.48856824951203,conditions Sandstorms,Medium ,0,electric_scooter,Snack,Metropolitan ,21:25,21:46,(min) 79
NaN ,5,13.002608826047183,77.61966162358448,13.057108239322307,77.6511274729698,conditions Stormy,NaN ,0,electric_scooter,Snack,Urban ,14:39,14:58,(min) 64
37,NaN ,12.99310624834001,77.6215035940431,13.044764663366593,77.63897029002311,conditions Sunny,High ,0,bicycle,Snack,Metropolitan ,09:02,09:19,(min) 53
NaN ,3.7,12.95718864325285,77.62989588727281,12.916002257065042,77.51455143481842,conditions Sandstorms,High ,0,electric_scooter,Snack,Metropolitan ,11:57,12:21,(min) 93
49,4.6,13.005887676587701,77.5883575805746,12.921584223416685,77.5410845774751,conditions Windy,Low ,1,electric_scooter,Meal,Metropolitan ,22:34,22:57,(min) 59
44,5,13.007632665800303,77.60652668754608,12.889707308119515,77.60484259208594,conditions Sunny,High ,1,scooter,Buffet,Urban ,13:46,14:08,(min) 82
34,4.9,13.005316160450132,77.56545869163274,12.923418029468795,77.67254795829885,conditions Cloudy,Medium ,2,electric_scooter,Drinks,Metropolitan ,21:17,21:34,(min) 76
32,4.9,12.935876066794991,77.59356737104282,12.995844857175713,77.68871468870566,conditions Cloudy,Jam ,1,electric_scooter,Meal,Metropolitan ,17:05,17:23,(min) 82
45,4.8,12.997386771606655,77.61949400345831,12.995836338877561,77.65093437048778,conditions Windy,High ,1,scooter,Meal,Metropolitan ,11:15,11:29,(min) 51
41,4.1,12.952011851666867,77.61088123084083,12.967166956234056,77.59247059468517,conditions Cloudy,Medium ,0,electric_scooter,Snack,Metropolitan ,10:06,10:19,(min) 48
26,5,12.982542984391005,77.60457887350618,13.047822381487698,77.62172270962252,conditions Sandstorms,Jam ,0,electric_scooter,Snack,Metropolitan ,17:15,17:36,(min) 76
45,4.3,12.998199503606559,77.63222614352628,13.063360594848596,77.5999494055524,conditions Windy,Low ,1,scooter,Buffet,Metropolitan ,11:04,11:27,(min) 52
33,4.3,12.980760463418813,77.59385763513893,13.083141841299602,77.54432011410029,conditions Sandstorms,Low ,1,electric_scooter,Buffet,Urban ,11:47,12:09,(min) 74
32,3.9,13.004643672610074,77.6326367217213,12.922326418599898,77.57640816025291,conditions Sunny,High ,0,bicycle,Meal,Metropolitan ,13:51,14:14,(min) 78
41,3.6,12.98098942655921,77.5887289065592,13.046032109265202,77.61961777052626,conditions Windy,Low ,0,motorcycle,Buffet,Metropolitan ,19:19,19:38,(min) 64
24,5,12.940760483684391,77.58759019839614,12.956435958549841,77.64003022576081,conditions Stormy,Medium ,0,scooter,Buffet,Metropolitan ,15:12,15:33,(min) 60
45,3.8,12.936180936171114,77.61626566209867,12.926593335265572,77.69838519380058,conditions Sandstorms,High ,2,scooter,Meal,Metropolitan ,08:28,08:48,(min) 75
NaN ,3.5,12.979202803651244,77.63023302382827,12.957543160498169,77.65811786513,conditions Windy,Low ,1,electric_scooter,Buffet,Metropolitan ,11:32,11:46,(min) 37
25,3.6,12.983474106246979,77.56018618895709,12.984158469791886,77.4614990669248,conditions Foggy,Low ,1,electric_scooter,Snack,Metropolitan ,12:00,12:15,(min) 76
NaN ,4.2,13.003821326828003,77.6175238194041,12.92019548287061,77.62726160433706,conditions Foggy,Medium ,1,electric_scooter,Meal,Metropolitan ,20:51,21:02,(min) 68
34,4.5,12.99482659738362,77.58549540516958,12.956024170662653,77.54572467423878,conditions Windy,Jam ,1,electric_scooter,Drinks,Metropolitan ,18:25,18:37,(min) 63
49,4.1,12.951575075852126,77.62661819766313,12.88468970985976,77.5853528654617,conditions Windy,High ,0,bicycle,Snack,Urban ,15:42,15:59,(min) 68
46,4.2,12.988440801928192,77.62931496224404,12.952630997141426,77.64770223497881,conditions Sandstorms,Jam ,2,bicycle,Drinks,Metropolitan ,20:03,20:17,(min) 67
20,4.7,13.003118896892667,77.60533570406065,13.10614684253342,77.60655404454174,conditions Stormy,Low ,2,electric_scooter,Buffet,Urban ,19:49,20:13,(min) 70
32,4,12.99136830471307,77.57088796132281,12.946604905462141,77.60708497965885,conditions Sandstorms,Jam ,0,electric_scooter,Drinks,Metropolitan ,16:18,16:41,(min) 73
35,4.4,12.970400174687057,77.59425641260147,13.017499184653477,77.63928737348074,conditions Stormy,Medium ,0,electric_scooter,Drinks,Urban ,08:50,09:03,(min) 65
37,4.4,12.992654823752494,77.57399205568284,13.035945762639148,77.52319273219481,conditions Cloudy,Jam ,2,electric_scooter,Snack,Urban ,14:35,14:46,(min) 73
44,3.7,12.94498914545253,77.58081980898082,12.856632848920786,77.59252970222897,conditions Cloudy,Jam ,2,electric_scooter,Snack,Metropolitan ,13:26,13:38,(min) 88
46,NaN ,12.989036302900315,77.57557058353946,12.963837311932904,77.56348776984926,conditions Stormy,Jam ,1,electric_scooter,Buffet,Metropolitan ,09:36,09:57,(min) 63
23,3.9,12.944952214172483,77.62778088924512,12.952251998106867,77.5975360319319,conditions Stormy,Low ,1,bicycle,Snack,Metropolitan ,17:10,17:22,(min) 49
27,4.6,12.991437597738951,77.63086186598092,13.04647272284158,77.62534758867284,conditions Foggy,Low ,0,motorcycle,Meal,Metropolitan ,19:20,19:35,(min) 52
49,4.5,12.972440330682696,77.56491505057588,12.991387455270127,77.45676943409359,conditions Stormy,Medium ,0,motorcycle,Drinks,Urban ,15:41,15:52,(min) 81
44,3.5,12.96177448194325,77.59304202553854,13.05352476240847,77.67759200386544,conditions Foggy,Low ,0,bicycle,Drinks,Metropolitan ,21:46,22:04,(min) 90
50,4.2,13.009090949761124,77.59663657019884,12.959094930805776,77.55525106244625,conditions Sandstorms,Medium ,1,motorcycle,Meal,Metropolitan ,12:05,12:17,(min) 64
36,4.6,12.978280209003389,77.62837680370585,13.035893137882379,77.64449579574894,conditions Stormy,Jam ,0,scooter,Drinks,Urban ,09:40,09:50,(min) 78
44,4.2,12.964721322467923,77.56276635763273,13.017304780937078,77.54112749914493,conditions Sunny,Medium ,1,scooter,Snack,Urban ,14:24,14:48,(min) 56
40,3.8,13.009117390139401,77.60730722420887,13.0634376816277,77.70212338688754,conditions Windy,High ,1,electric_scooter,Snack,Metropolitan ,20:46,21:06,(min) 87
35,3.8,12.963245600292833,77.58631286344529,12.875195923669835,77.52830311301676,conditions Stormy,Jam ,0,scooter,Drinks,Metropolitan ,13:04,13:19,(min) 106
42,4.3,13.005433360746503,77.6082820105277,13.118116273744253,77.6709172287314,conditions Windy,Jam ,0,electric_scooter,Meal,Urban ,17:38,17:57,(min) 98
36,4.9,12.932819950802624,77.5720951759167,12.977521267402913,77.59137595896715,conditions Sandstorms,Jam ,0,scooter,Buffet,Metropolitan ,18:29,18:49,(min) 65
49,4,12.942474565336854,77.59935276350976,13.009502026922227,77.54808835740214,conditions Windy,Medium ,1,bicycle,Snack,Metropolitan ,19:09,19:23,(min) 72
47,4.5,12.995551221778989,77.58091710922345,13.044459684051947,77.63439209448929,conditions Sandstorms,Low ,1,scooter,Drinks,Metropolitan ,13:03,13:20,(min) 63
31,5,12.981242290007323,77.6062598771885,13.011589939472609,77.73703520003724,conditions Sandstorms,Low ,2,bicycle,Buffet,Metropolitan ,09:08,09:30,(min) 76
30,4.7,12.975237710176408,77.6330168238379,12.980733058232014,77.59349957758803,conditions Sandstorms,Jam ,0,motorcycle,Meal,Urban ,20:27,20:42,(min) 71
32,3.6,12.946715530565381,77.59199977872,12.831068526300045,77.64921498219545,conditions Sunny,Jam ,2,bicycle,Buffet,Metropolitan ,16:33,16:51,(min) 92
22,4,13.01028358148262,77.56195279429704,13.13291497372155,77.52473128713868,conditions Foggy,Low ,2,motorcycle,Drinks,Metropolitan ,12:44,13:03,(min) 78
31,3.9,12.959921582637728,77.55582550079599,12.925934253211079,77.49775784446793,conditions Sandstorms,Low ,1,electric_scooter,Buffet,Metropolitan ,19:24,19:45,(min) 60
21,4.2,12.947595157826692,77.59356691210569,12.930250273566086,77.56395426813074,conditions Sandstorms,Jam ,0,electric_scooter,Meal,Metropolitan ,12:00,12:15,(min) 70
31,NaN ,12.966158417946101,77.5641171703212,13.045663917986582,77.60416324380304,conditions Stormy,NaN ,2,electric_scooter,Buffet,Metropolitan ,11:16,11:30,(min) 64
40,4.6,12.947723235840352,77.58262259705961,12.92445504365647,77.5347147567657,conditions Sunny,Low ,1,motorcycle,Buffet,Metropolitan ,17:26,17:50,(min) 34
49,5,12.973603358900547,77.61445937086866,12.99190908562121,77.6583621829208,conditions Stormy,Medium ,1,motorcycle,Drinks,Metropolitan ,20:55,21:16,(min) 63
24,4.8,12.962746410163492,77.6318628242895,12.941839509368167,77.59580432970226,conditions Sunny,Low ,0,electric_scooter,Snack,Metropolitan ,16:55,17:18,(min) 34
23,4.2,12.941785365863145,77.60959878825619,12.983509383567656,77.64669079998532,conditions Stormy,High ,1,scooter,Meal,Metropolitan ,18:59,19:23,(min) 69
27,3.8,12.996554052958638,77.61848641387225,13.040356062564836,77.5317725921062,conditions Stormy,Jam ,2,electric_scooter,Meal,Metropolitan ,11:24,11:35,(min) 85
26,4.2,12.954342164507509,77.59486229804382,12.898020699184,77.4722102612129,conditions Cloudy,Jam ,0,scooter,Meal,Urban ,16:10,16:32,(min) 97
40,4.8,12.937267787976564,77.58826712631658,13.007172881510666,77.60923331744569,conditions Windy,Low ,1,bicycle,Drinks,Metropolitan ,18:44,18:57,(min) 52
50,3.8,12.957467359433323,77.55994619003535,13.045106889343293,77.51145969983902,conditions Sunny,Low ,0,electric_scooter,Meal,Metropolitan ,13:00,13:13,(min) 75
32,4.4,12.976538348904253,77.61869528797493,12.850150330402535,77.63135799859936,conditions Stormy,High ,2,scooter,Meal,Metropolitan ,20:52,21:12,(min) 93
42,3.8,12.942978679703922,77.59031960706264,12.983406364650355,77.70737407643742,conditions Windy,Low ,1,bicycle,Drinks,Metropolitan ,09:18,09:31,(min) 73
29,3.8,13.001912095545233,77.57432286561504,12.978989243387723,77.54289284196041,conditions Cloudy,Low ,1,scooter,Meal,Metropolitan ,12:19,12:41,(min) 47
48,3.6,12.951628435159476,77.5645192623049,12.916225059128456,77.57112521922613,conditions Stormy,Medium ,0,electric_scooter,Snack,Metropolitan ,21:47,22:08,(min) 63
30,3.7,13.000114999598265,77.6231917393677,13.090978311139969,77.62853464071395,conditions Foggy,Low ,2,bicycle,Meal,Metropolitan ,10:48,10:59,(min) 67
35,4.9,12.995614275278896,77.57504404234737,12.949387410049397,77.6052140253651,conditions Windy,High ,2,electric_scooter,Drinks,Urban ,18:48,18:59,(min) 56
46,3.6,12.99155520370081,77.62892552970946,12.952876467735093,77.7380740233176,conditions Sunny,Jam ,2,motorcycle,Meal,Metropolitan ,09:00,09:20,(min) 87
23,3.9,12.99765422064662,77.59510725264475,12.96013957809821,77.61258248899759,conditions Stormy,Low ,0,bicycle,Meal,Metropolitan ,14:32,14:42,(min) 61
45,4.3,13.001840034069867,77.62619558143467,12.96198690431063,77.53470936522221,conditions Cloudy,High ,1,motorcycle,Meal,Metropolitan ,12:57,13:18,(min) 84
40,4.7,13.008908109141887,77.57385483601168,13.05073053757302,77.582941728973,conditions Cloudy,Low ,0,bicycle,Snack,Semi-Urban ,11:21,11:36,(min) 45
33,4.5,12.946342428511382,77.59430334453508,12.92220380683512,77.57837719691189,conditions Windy,Low ,2,scooter,Snack,Metropolitan ,20:46,21:01,(min) 41
30,4.9,12.987128598036618,77.59313233780712,12.9687635694373,77.60133260838516,conditions Sandstorms,High ,2,electric_scooter,Snack,Metropolitan ,13:45,13:59,(min) 47
34,4.8,12.984897161199154,77.63073045709207,12.954481911004459,77.723938570954,conditions Windy,High ,0,motorcycle,Buffet,Metropolitan ,12:55,13:19,(min) 81
44,4.2,12.936376481930166,77.58707024819255,12.937309559744234,77.54991062925889,conditions Windy,Jam ,0,bicycle,Drinks,Metropolitan ,09:54,10:07,(min) 63
33,4.9,12.958451389929653,77.58330809217915,12.91761695427842,77.67800143501144,conditions Stormy,Jam ,0,scooter,Meal,Metropolitan ,16:42,17:05,(min) 88
29,NaN ,12.996668215113134,77.56424662585407,12.92154527643565,77.48749922500586,conditions Windy,Low ,1,bicycle,Buffet,Semi-Urban ,19:50,20:02,(min) 68
22,4.7,13.004325244574249,77.60121038929597,12.89976353970504,77.63538786624386,conditions Cloudy,Medium ,2,electric_scooter,Buffet,Metropolitan ,12:00,12:19,(min) 69
29,4,12.959719631726296,77.56348464860618,12.999582162719115,77.49573849857406,conditions Cloudy,Medium ,0,bicycle,Snack,Urban ,08:11,08:28,(min) 63
27,4.3,13.001206904964894,77.60697212810665,12.93247415969036,77.52764762886423,conditions Cloudy,Medium ,1,bicycle,Buffet,Metropolitan ,11:04,11:14,(min) 67
41,3.7,12.933946365265548,77.5571290744938,12.916826920053982,77.54361157521588,conditions Foggy,Medium ,2,bicycle,Snack,Semi-Urban ,18:05,18:24,(min) 47
44,3.8,12.962187401911617,77.62865237099156,13.02383887512628,77.55994492767809,conditions Foggy,Medium ,1,electric_scooter,Snack,Urban ,22:54,23:09,(min) 73
35,4.1,12.999089292956889,77.58884450295047,13.025535414972387,77.5293013671487,conditions Foggy,High ,2,motorcycle,Snack,Metropolitan ,12:45,12:55,(min) 72
48,NaN ,12.968585662523658,77.61339762813449,12.849399042864809,77.6718950484189,conditions Sandstorms,Medium ,0,electric_scooter,Drinks,Metropolitan ,09:39,09:53,(min) 84
50,3.9,12.964825930649788,77.60570027484596,12.947105206869592,77.6205279657501,conditions Cloudy,High ,0,electric_scooter,Buffet,Urban ,09:24,09:43,(min) 52
43,4.6,12.93696000488326,77.59561374540478,12.86827223975332,77.71357683479154,conditions Cloudy,Low ,2,scooter,Buffet,Metropolitan ,14:33,14:50,(min) 75
43,4.1,12.971979805378616,77.56903327838555,13.038024392633961,77.58812732683576,conditions Sunny,Medium ,2,scooter,Drinks,Metropolitan ,20:12,20:36,(min) 60
33,4.5,12.93803505545333,77.6041638924092,12.973914184021702,77.72303209203193,conditions Windy,Low ,2,motorcycle,Snack,Metropolitan ,14:08,14:20,(min) 72
20,3.6,12.97063635442257,77.60133066494987,13.018949873914382,77.5021579071811,conditions Sandstorms,Medium ,1,scooter,Snack,Metropolitan ,10:43,10:59,(min) 76
46,4.9,12.948131769987196,77.59792337480039,13.041297962759478,77.55167152548579,conditions Sandstorms,High ,2,scooter,Buffet,Metropolitan ,19:33,19:48,(min) 81
48,3.7,12.952907509429753,77.57561899715141,12.86978919769422,77.50274512110944,conditions Cloudy,Jam ,2,bicycle,Drinks,Metropolitan ,15:33,15:43,(min) 88
34,4.1,13.00902049464956,77.60234199545384,13.065357328026744,77.71718209888763,conditions Sunny,Jam ,0,electric_scooter,Drinks,Urban ,20:31,20:49,(min) 94
47,4.8,13.00845226297006,77.6065056771323,13.078027830589848,77.56703663238243,conditions Stormy,Jam ,2,scooter,Buffet,Urban ,20:12,20:31,(min) 89
38,4.8,12.939280880744011,77.63150586142243,12.879193183078634,77.69266154077378,conditions Stormy,Low ,2,bicycle,Snack,Metropolitan ,14:32,14:49,(min) 67
48,4.7,13.011393888926506,77.61645083029792,13.143655049608759,77.57117164655071,conditions Windy,High ,2,scooter,Snack,Metropolitan ,13:09,13:19,(min) 92
48,4.2,12.990306264253705,77.61799233737439,12.964182399199673,77.70409375401768,conditions Stormy,Medium ,0,bicycle,Drinks,Metropolitan ,15:31,15:49,(min) 73
20,4.4,12.970261971576512,77.63172383123114,13.014012740088996,77.71780240762504,conditions Sunny,High ,2,electric_scooter,Snack,Metropolitan ,21:40,22:04,(min) 73
44,3.5,12.963118683526666,77.61018265984059,12.977608945802762,77.69521224889014,conditions Cloudy,Low ,1,bicycle,Meal,Metropolitan ,18:57,19:10,(min) 61
22,4.2,13.008145215323568,77.55802189883813,12.965756613854875,77.55530751667969,conditions Cloudy,Jam ,1,electric_scooter,Buffet,Metropolitan ,11:44,12:06,(min) 62
22,4.3,13.006504189836233,77.63007259498387,13.059413690365439,77.7374993108969,conditions Foggy,Medium ,2,motorcycle,Snack,Metropolitan ,13:33,13:46,(min) 79
39,NaN ,13.004025813637675,77.59093068690076,13.096261326908266,77.51035984299729,conditions Stormy,High ,1,electric_scooter,Snack,Metropolitan ,18:13,18:23,(min) 90
21,3.8,12.965908924116194,77.55539994605854,13.091931475842483,77.52856589972185,conditions Windy,High ,0,scooter,Snack,Metropolitan ,17:35,17:58,(min) 88
22,3.9,12.996652932146937,77.5653673175633,12.987546706050868,77.66923060133513,conditions Sunny,Medium ,1,bicycle,Meal,Urban ,08:28,08:40,(min) 68
32,3.7,12.983389496447892,77.60506036358923,13.04969486922765,77.48358502095628,conditions Stormy,NaN ,0,scooter,Meal,Urban ,16:54,17:07,(min) 90
45,4.2,12.936864177955687,77.60929712780789,12.98424999906781,77.67123877165425,conditions Windy,High ,2,motorcycle,Snack,Metropolitan ,18:35,18:45,(min) 66
26,4.1,12.989154335240276,77.56335125601888,12.939071773055526,77.6199060294548,conditions Sandstorms,Low ,1,electric_scooter,Drinks,Metropolitan ,09:16,09:27,(min) 55
30,3.8,13.003767703732848,77.56054135692344,12.898167526001766,77.60353010474725,conditions Windy,High ,1,scooter,Meal,Metropolitan ,13:08,13:24,(min) 90
29,4.7,12.946110289710015,77.59346500064284,12.968322505137726,77.61437615364235,conditions Cloudy,High ,0,bicycle,Meal,Metropolitan ,14:49,15:13,(min) 51
32,4.7,12.9661653892681,77.56805692241565,13.016427513023226,77.48328804528869,conditions Foggy,Medium ,2,motorcycle,Meal,Metropolitan ,20:06,20:25,(min) 72
46,4.7,12.953910358304531,77.56264228626192,12.896745943498228,77.57107463578544,conditions Foggy,Jam ,0,scooter,Buffet,Metropolitan ,18:10,18:22,(min) 74
41,4.7,12.94473118904829,77.5659360431604,12.969855371266934,77.64946908374515,conditions Cloudy,High ,2,electric_scooter,Meal,Metropolitan ,08:41,08:52,(min) 67
30,3.9,12.942573769482225,77.60713283869475,13.01047735976899,77.56418488408355,conditions Sunny,Low ,2,motorcycle,Buffet,Semi-Urban ,19:56,20:20,(min) 59
25,4.2,12.978395804519208,77.5600027696699,12.934286092912554,77.52310136331594,conditions Cloudy,High ,1,scooter,Drinks,Metropolitan ,18:35,18:49,(min) 59
24,4,12.943891007936001,77.62347010959908,12.935629598930579,77.67854255980969,conditions Windy,Jam ,0,motorcycle,Snack,Urban ,11:46,12:02,(min) 69
42,4.3,12.99853980228156,77.58787814901248,13.017710268102459,77.51508550595828,conditions Sunny,Jam ,1,bicycle,Buffet,Metropolitan ,15:28,15:46,(min) 68
47,4.2,12.945681848878413,77.56298977895678,13.03889650941874,77.53279955152395,conditions Sandstorms,High ,0,bicycle,Buffet,Urban ,16:32,16:49,(min) 85
50,4.5,12.968790614026041,77.56029713179022,12.90401853837521,77.67089074054432,conditions Stormy,High ,1,scooter,Snack,Metropolitan ,10:26,10:42,(min) 92
31,4.7,12.971651905028523,77.61070303843394,12.994843276228508,77.52165138870215,conditions Foggy,Jam ,0,bicycle,Drinks,Metropolitan ,15:51,16:12,(min) 86
28,3.7,12.991471616382153,77.61574393912255,12.948924689407434,77.69851487642373,conditions Windy,Medium ,1,bicycle,Snack,Urban ,12:07,12:17,(min) 74
22,4.8,12.957975681441278,77.594636479868,12.954487601930978,77.56329289115558,conditions Sandstorms,Jam ,0,electric_scooter,Drinks,Metropolitan ,08:53,09:11,(min) 61
27,4.5,12.965734771935642,77.59474161193744,12.984136408204208,77.50564850430655,conditions Cloudy,Medium ,1,electric_scooter,Buffet,Metropolitan ,12:29,12:44,(min) 64
20,4.1,12.951468232030422,77.62240587516725,12.907170264649421,77.71939845331134,conditions Windy,Low ,0,motorcycle,Meal,Metropolitan ,21:19,21:35,(min) 76
30,5,12.95375266674757,77.56110343684479,12.997605621663093,77.63524616439453,conditions Windy,Jam ,2,scooter,Buffet,Metropolitan ,20:21,20:32,(min) 77
43,3.8,12.936600797566028,77.60605402800292,12.93026970294171,77.54845081467101,conditions Sandstorms,High ,2,electric_scooter,Meal,Metropolitan ,14:59,15:09,(min) 72
27,3.9,13.010875451488793,77.62437482082322,12.89900102527245,77.63934118552493,conditions Windy,Jam ,2,electric_scooter,Buffet,Metropolitan ,13:23,13:36,(min) 90
34,NaN ,12.98299116683975,77.6154693704009,12.98888767680786,77.67746194251106,conditions Foggy,High ,1,motorcycle,Buffet,Metropolitan ,19:24,19:35,(min) 70
31,4.5,12.941736344004424,77.61148939906657,12.916061489981969,77.6559104769265,conditions Sunny,Medium ,1,motorcycle,Snack,Metropolitan ,19:39,19:59,(min) 48
23,4.9,12.991729997581244,77.61770935718938,12.96909435031456,77.54477034090604,conditions Sunny,Low ,2,motorcycle,Snack,Metropolitan ,20:50,21:05,(min) 50
34,3.7,12.933855085315555,77.61937031257004,13.01384275576188,77.5561049003246,conditions Sandstorms,Jam ,2,scooter,Buffet,Metropolitan ,08:14,08:32,(min) 87
46,4.2,12.980113226248324,77.61140642919615,12.898406219517552,77.69073766186459,conditions Sandstorms,High ,0,bicycle,Drinks,Metropolitan ,17:49,18:04,(min) 88
37,3.9,13.005418781320007,77.58046212024092,12.98125267462926,77.57986221126139,conditions Sunny,Low ,1,scooter,Buffet,Metropolitan ,18:35,18:47,(min) 30
28,3.9,12.991047563812137,77.60963983458504,12.999813286516735,77.67826092837467,conditions Stormy,Jam ,1,electric_scooter,Snack,Metropolitan ,21:48,22:00,(min) 89
24,4.6,12.952174466567486,77.56744868333489,12.884925148881733,77.68071627408884,conditions Cloudy,Medium ,2,motorcycle,Buffet,Urban ,15:02,15:26,(min) 70
46,NaN ,12.934920687953383,77.58160104221702,12.858583711940105,77.63717525065142,conditions Sunny,Jam ,0,motorcycle,Snack,Metropolitan ,21:14,21:32,(min) 83
25,4.1,12.974250145608933,77.56710514499844,12.893641085269042,77.51688733406289,conditions Cloudy,Jam ,0,bicycle,Snack,Metropolitan ,10:34,10:56,(min) 80
21,3.6,13.001486838197708,77.56283647795244,12.966286571602332,77.51209232886796,conditions Sunny,Jam ,2,electric_scooter,Drinks,Metropolitan ,19:35,19:45,(min) 71
NaN ,NaN ,12.995012367459386,77.60443077328652,12.887888206745489,77.59340941285177,conditions Windy,Jam ,2,bicycle,Meal,Metropolitan ,08:55,09:06,(min) 83
46,4.1,12.987451614624263,77.58231788729354,13.060213056528832,77.48293331764059,conditions Cloudy,Jam ,2,motorcycle,Snack,Urban ,16:47,17:10,(min) 89
27,3.6,13.003592934308946,77.61246603638902,13.0339772290088,77.52574597914384,conditions Foggy,Medium ,2,scooter,Drinks,Metropolitan ,16:14,16:26,(min) 69
30,4.7,12.96168627401665,77.56874299972355,12.924444510364692,77.6559621694168,conditions Windy,Low ,1,scooter,Buffet,Urban ,17:56,18:14,(min) 52
48,4.5,12.93861247466728,77.61288099358826,12.815924200028116,77.64080817163605,conditions Windy,Jam ,2,motorcycle,Drinks,Metropolitan ,19:55,20:06,(min) 90
24,4.4,13.010075512824953,77.62647039205804,12.893089869893753,77.62468665773727,conditions Sunny,Low ,2,electric_scooter,Buffet,Urban ,22:25,22:37,(min) 59
NaN ,4.5,12.98309718888104,77.61180765030012,13.061958845963947,77.5112065201322,conditions Sandstorms,Medium ,0,motorcycle,Meal,Metropolitan ,10:34,10:56,(min) 76
28,4.8,12.958124081379175,77.5700431094043,12.859125452948783,77.56037618370256,conditions Cloudy,Jam ,1,electric_scooter,Drinks,Urban ,11:58,12:09,(min) 75
43,4.4,12.968651902376116,77.63128804118409,12.915916557188286,77.61304011556416,conditions Sandstorms,Low ,2,electric_scooter,Drinks,Urban ,09:03,09:19,(min) 53
NaN ,4.5,12.953997825792433,77.63446258542164,12.9679122210375,77.59153882821677,conditions Sunny,Medium ,1,electric_scooter,Drinks,Metropolitan ,15:51,16:02,(min) 37
NaN ,4.9,12.971365435606241,77.57518791650459,12.894443275039208,77.5504310119697,conditions Sunny,Medium ,0,bicycle,Meal,Metropolitan ,17:38,17:57,(min) 58
46,4.5,12.971274602970482,77.58199487757906,12.972304859902856,77.61065118211954,conditions Windy,Jam ,0,electric_scooter,Meal,Metropolitan ,08:56,09:16,(min) 58
49,4.6,12.93313417436406,77.5650687750712,12.897538094577595,77.57792456520956,conditions Windy,Medium ,2,bicycle,Drinks,Metropolitan ,11:06,11:21,(min) 39
33,4.5,12.939691799728573,77.61642863974944,12.897854677149978,77.5865971776832,conditions Sandstorms,Low ,1,motorcycle,Snack,Urban ,22:18,22:39,(min) 44
46,4.4,12.937824081739784,77.63314335060343,12.983093588023847,77.74585898180699,conditions Windy,Medium ,1,bicycle,Meal,Metropolitan ,13:07,13:18,(min) 80
28,3.7,12.99861395003125,77.56866120542436,12.962009752519313,77.60421590040247,conditions Foggy,Jam ,1,scooter,Buffet,Metropolitan ,10:58,11:10,(min) 67
32,4.8,12.959504799692333,77.57019331798926,12.87582237023036,77.48700158227861,conditions Foggy,Jam ,1,scooter,Snack,Metropolitan ,18:46,18:57,(min) 84
30,4.6,12.997457285875827,77.63225789888799,12.952634568835284,77.58410214425908,conditions Sunny,Jam ,1,bicycle,Buffet,Metropolitan ,08:11,08:27,(min) 61
28,4.8,12.963502962028981,77.57135672618672,12.961175425707346,77.5421032090556,conditions Sunny,Low ,1,electric_scooter,Buffet,Metropolitan ,17:35,17:50,(min) 29
21,3.7,13.000450593026727,77.58684325131625,13.099748812327624,77.6620634010403,conditions Windy,Low ,2,electric_scooter,Meal,Urban ,10:36,10:46,(min) 68
37,4.3,12.940744764561206,77.5827166794151,12.987344701440737,77.6020323112471,conditions Sandstorms,High ,1,motorcycle,Meal,Metropolitan ,10:23,10:36,(min) 63
37,5,12.937667816317083,77.60544062783048,12.970181172186132,77.59249492281633,conditions Stormy,Low ,0,bicycle,Buffet,Urban ,09:37,09:51,(min) 46
42,4,12.984972779600323,77.579449664215,12.887403770567346,77.61879845010154,conditions Cloudy,High ,1,electric_scooter,Drinks,Urban ,08:26,08:41,(min) 79
27,3.6,12.983341048321128,77.60194216323123,12.986409924826727,77.69316968868623,conditions Stormy,NaN ,0,scooter,Drinks,Urban ,08:00,08:16,(min) 72
40,4,13.00094377996251,77.6288275345698,12.954776608416182,77.66073572041415,conditions Sunny,High ,2,scooter,Snack,Metropolitan ,13:28,13:48,(min) 55
40,3.8,12.995159009544551,77.61384758220092,13.036611706616803,77.63313019832609,conditions Sandstorms,Medium ,2,bicycle,Drinks,Urban ,20:52,21:07,(min) 58
32,5,12.974271630606056,77.56941998195872,12.941527690718962,77.58423720208462,conditions Sunny,Medium ,1,bicycle,Snack,Metropolitan ,13:41,14:02,(min) 42
24,4.3,13.003944307582826,77.6020647403136,12.965896182298481,77.65611316561849,conditions Cloudy,Medium ,1,motorcycle,Drinks,Metropolitan ,15:50,16:08,(min) 52
39,3.9,12.986667566148936,77.63402949676886,12.943314778887016,77.71757000382703,conditions Sunny,High ,1,motorcycle,Drinks,Metropolitan ,08:58,09:10,(min) 68
NaN ,4.5,12.94139516448453,77.6296490512699,12.972668375777939,77.60754062187067,conditions Sunny,Jam ,2,motorcycle,Snack,Urban ,09:18,09:28,(min) 52
24,4.3,12.986528956329822,77.63452033569142,12.902927137135416,77.61257425073244,conditions Sandstorms,Medium ,0,electric_scooter,Buffet,Metropolitan ,17:48,18:10,(min) 71
33,4,12.951155477555842,77.59476407441348,13.00147441089273,77.64317084911023,conditions Foggy,Low ,0,scooter,Drinks,Metropolitan ,12:34,12:56,(min) 61
20,3.8,12.934259617848694,77.61388503574804,12.966488748520385,77.6820445261576,conditions Sunny,Jam ,2,motorcycle,Meal,Metropolitan ,13:32,13:42,(min) 78
21,4.4,12.98563264740482,77.62590694538355,12.910920269609845,77.73970931946252,conditions Foggy,Low ,1,scooter,Snack,Urban ,10:46,11:10,(min) 76
35,4.7,12.979335391315074,77.60571415933818,13.032643770463736,77.62171718394819,conditions Cloudy,Jam ,0,scooter,Buffet,Metropolitan ,13:00,13:22,(min) 70
42,4.9,12.950215977950394,77.61418331765607,12.957413790787433,77.67904845952452,conditions Cloudy,Jam ,1,motorcycle,Meal,Metropolitan ,09:27,09:39,(min) 65
47,4.8,13.006188593039662,77.59131478062868,13.01432748062157,77.6165808048437,conditions Foggy,High ,0,scooter,Meal,Metropolitan ,15:55,16:07,(min) 51
21,4.7,12.975774161329866,77.60937303212509,12.993284741337224,77.62085806099167,conditions Sandstorms,Jam ,0,bicycle,Drinks,Metropolitan ,22:01,22:24,(min) 56
31,4.9,13.00372724370882,77.57381986002476,13.034252392501115,77.70784995497011,conditions Windy,Medium ,0,bicycle,Snack,Metropolitan ,12:47,13:11,(min) 84
31,3.6,12.944748839138448,77.58495236338153,12.920330540327663,77.6114569647142,conditions Foggy,Jam ,0,motorcycle,Drinks,Metropolitan ,09:59,10:12,(min) 72
NaN ,3.6,12.989527391696722,77.56514942287505,12.909497803201916,77.5886461009224,conditions Windy,High ,2,scooter,Snack,Metropolitan ,09:43,10:03,(min) 71
47,4.8,12.967789696136862,77.58744764811397,12.91569103160255,77.58733800334949,conditions Stormy,High ,1,motorcycle,Meal,Urban ,20:55,21:09,(min) 69
42,4.6,12.936326847615094,77.60951195049137,12.91334097853832,77.57823080745504,conditions Sunny,High ,2,scooter,Snack,Metropolitan ,10:30,10:54,(min) 47
39,3.7,12.98313641972691,77.63253136971072,12.881341112106128,77.68076480256914,conditions Sunny,Low ,2,electric_scooter,Drinks,Metropolitan ,13:18,13:31,(min) 73
27,4.9,12.986709174791724,77.61265563136935,13.010894273908672,77.72826832338592,conditions Windy,Low ,1,electric_scooter,Meal,Metropolitan ,17:45,17:59,(min) 66
27,4.3,12.988355372807384,77.59040764790997,12.904240461227761,77.6278087195082,conditions Cloudy,High ,1,electric_scooter,Buffet,Metropolitan ,13:06,13:19,(min) 78
27,4.4,12.948706869202107,77.5849440752998,12.83094655013748,77.59214854398512,conditions Sunny,Low ,0,motorcycle,Buffet,Metropolitan ,16:49,17:11,(min) 69
22,3.7,12.9404855503127,77.63411968127862,12.841682873832804,77.72502526637975,conditions Windy,Jam ,2,bicycle,Drinks,Metropolitan ,08:05,08:24,(min) 94
26,3.5,12.96288036947921,77.57049281849564,12.927668646309296,77.55075026277916,conditions Sunny,Jam ,1,bicycle,Meal,Metropolitan ,11:09,11:33,(min) 62
26,4.1,13.006458078360557,77.5963685448937,13.035901536821024,77.72319028009359,conditions Sunny,High ,1,motorcycle,Buffet,Metropolitan ,13:57,14:10,(min) 84
33,3.9,12.946507662626356,77.59061857285947,12.93482870268763,77.66539404579665,conditions Stormy,Medium ,2,bicycle,Drinks,Metropolitan ,20:41,20:57,(min) 72
38,3.6,12.945764450652899,77.61570845180228,12.923324054707466,77.55934459445831,conditions Sunny,High ,2,bicycle,Snack,Urban ,17:27,17:44,(min) 60
40,3.7,12.995993797516823,77.61929712732359,13.02366203720362,77.64865723933806,conditions Sunny,Medium ,2,scooter,Meal,Metropolitan ,09:53,10:09,(min) 46
29,4.7,12.99465042123422,77.6158903283164,12.951543329556973,77.61493090922595,conditions Cloudy,Medium ,1,motorcycle,Meal,Metropolitan ,11:50,12:02,(min) 46
40,4.9,12.970164795739949,77.56011447601989,12.988688699053794,77.57816050040455,conditions Foggy,Low ,0,scooter,Buffet,Metropolitan ,11:03,11:14,(min) 41
24,3.9,12.994026933143289,77.56437576911449,12.964248840813632,77.6306274135748,conditions Windy,Jam ,0,electric_scooter,Drinks,Metropolitan ,10:54,11:14,(min) 80
39,3.8,12.994482165387273,77.62982668814287,13.001168616490364,77.55428228842567,conditions Sunny,Low ,1,motorcycle,Snack,Metropolitan ,16:05,16:20,(min) 49
41,3.8,12.958783584701271,77.56981031904965,12.8223492673326,77.54350861986512,conditions Sandstorms,Low ,0,motorcycle,Buffet,Metropolitan ,16:52,17:04,(min) 86
21,5,12.988008055983483,77.63287134618535,12.992243393432368,77.60471292971035,conditions Stormy,Jam ,1,motorcycle,Drinks,Metropolitan ,11:59,12:22,(min) 56
NaN ,NaN ,12.942316889370233,77.62376442461311,12.940095176185103,77.66695876965534,conditions Sunny,Medium ,2,electric_scooter,Snack,Metropolitan ,18:07,18:22,(min) 36
29,3.6,12.940257921664417,77.62054390118494,12.919462052334506,77.54645674800918,conditions Sunny,Jam ,0,scooter,Meal,Metropolitan ,11:52,12:11,(min) 78
45,4.6,13.00024989520982,77.60030956192911,12.96936990765264,77.58847685968709,conditions Sunny,Low ,2,scooter,Buffet,Metropolitan ,09:37,09:59,(min) 31
47,4.4,12.969842865502835,77.61918654312417,12.93169182436152,77.50384946428893,conditions Cloudy,Low ,0,motorcycle,Meal,Metropolitan ,13:03,13:15,(min) 79
46,3.7,12.952910622747988,77.5578150317356,12.94993218685262,77.67307911510527,conditions Stormy,Medium ,2,scooter,Drinks,Metropolitan ,21:44,21:57,(min) 84
48,3.9,12.987742065115274,77.6044214376159,13.013529773726622,77.71228548814445,conditions Sunny,High ,1,motorcycle,Snack,Urban ,15:32,15:49,(min) 76
44,4.7,12.989891661441327,77.581246061223,13.063377453050576,77.57861853370636,conditions Cloudy,Jam ,1,motorcycle,Buffet,Urban ,14:55,15:10,(min) 76
49,4.8,12.991514780966938,77.6242744295396,13.034013838798115,77.577480754335,conditions Foggy,Medium ,1,motorcycle,Snack,Urban ,09:10,09:23,(min) 58
33,4.6,12.946261180600525,77.55512452495321,13.04293138090757,77.47011120412478,conditions Sandstorms,Low ,2,electric_scooter,Snack,Metropolitan ,16:40,16:51,(min) 70
27,3.5,12.943357642310113,77.58305167819411,13.010358321380744,77.60210774658213,conditions Stormy,Jam ,0,electric_scooter,Snack,Metropolitan ,17:10,17:32,(min) 81
33,4.7,12.932622794358434,77.56026490733996,12.999560442693793,77.57240175987394,conditions Windy,Jam ,2,bicycle,Buffet,Urban ,21:25,21:44,(min) 70
45,3.6,12.983434591254593,77.62649348747954,13.003796174257793,77.73138230144698,conditions Foggy,Low ,1,motorcycle,Drinks,Metropolitan ,10:49,11:07,(min) 72
46,5,13.001599411385508,77.5837218978539,13.086673759133182,77.59600635390754,conditions Sandstorms,High ,2,bicycle,Snack,Metropolitan ,10:58,11:08,(min) 67
23,4.8,13.000404696910083,77.59160969422236,13.033907561319559,77.56321457781172,conditions Sandstorms,Low ,1,scooter,Snack,Metropolitan ,17:19,17:41,(min) 43
49,4.7,12.996895903701336,77.59759390278757,12.94180256586762,77.62503524544275,conditions Foggy,High ,0,motorcycle,Snack,Semi-Urban ,08:40,08:55,(min) 69
48,4.1,12.963049493449182,77.56156893636137,13.018958242201194,77.51539848686835,conditions Stormy,Medium ,2,bicycle,Snack,Metropolitan ,08:36,08:50,(min) 62
44,3.9,12.97712611362189,77.5677619151868,12.95424174093658,77.54709097080365,conditions Windy,Jam ,1,motorcycle,Meal,Urban ,11:38,12:02,(min) 58
36,3.9,12.943879740199447,77.58804092180952,12.974302367479842,77.60523226489994,conditions Stormy,Jam ,2,scooter,Buffet,Metropolitan ,09:08,09:23,(min) 67
50,3.7,12.997786013501138,77.6076084187165,13.013080971080493,77.57922358703536,conditions Cloudy,Jam ,0,bicycle,Buffet,Metropolitan ,14:37,14:49,(min) 72
28,3.7,12.985052669493854,77.59817469523325,13.049942753970257,77.67261450828138,conditions Stormy,Jam ,2,electric_scooter,Meal,Urban ,18:14,18:25,(min) 92
32,5,12.935432728490234,77.56587564361318,12.822375617787936,77.58938123419266,conditions Foggy,High ,2,electric_scooter,Snack,Metropolitan ,16:27,16:47,(min) 80
46,4,12.975887096541376,77.59285596991927,12.991430312750808,77.475792714434,conditions Windy,High ,1,scooter,Drinks,Metropolitan ,18:48,19:05,(min) 79
44,4,13.006449989525974,77.57230115936174,13.086764956192424,77.64393757314213,conditions Foggy,NaN ,0,electric_scooter,Drinks,Metropolitan ,22:15,22:29,(min) 73
NaN ,3.6,12.95206115834266,77.60307575308755,12.95375982055547,77.56813369782749,conditions Sunny,High ,1,bicycle,Meal,Metropolitan ,22:12,22:36,(min) 52
30,3.8,12.999671978352964,77.56325340510384,13.09891309842509,77.5821038740974,conditions Stormy,Low ,0,scooter,Buffet,Semi-Urban ,15:07,15:24,(min) 76
47,4.2,12.96320334803164,77.57636780348643,12.995609698563323,77.58380795353423,conditions Windy,Low ,0,electric_scooter,Drinks,Metropolitan ,09:09,09:20,(min) 46
34,4.5,12.972900235819072,77.56851217786819,12.94422943008253,77.59878924467817,conditions Stormy,Low ,0,bicycle,Meal,Semi-Urban ,08:40,08:50,(min) 46
21,3.7,12.99149431777969,77.56278767637015,13.01316531789989,77.50660723205479,conditions Foggy,High ,0,motorcycle,Snack,Metropolitan ,12:05,12:26,(min) 74
21,4,13.010310268512368,77.58318098750934,12.941441663886577,77.50742966683083,conditions Windy,Low ,2,motorcycle,Drinks,Metropolitan ,16:49,17:12,(min) 58
28,4.4,12.97479484455511,77.59211853186638,12.881979918289158,77.61309780336437,conditions Stormy,High ,2,motorcycle,Buffet,Metropolitan ,21:50,22:07,(min) 83
22,4.4,12.953102375863493,77.61566961766258,13.050893972116832,77.6280748458203,conditions Sunny,Jam ,2,electric_scooter,Snack,Metropolitan ,16:38,16:53,(min) 73
46,3.6,12.937596225643903,77.560975355497,13.038143884872657,77.50323082234162,conditions Windy,Medium ,2,motorcycle,Buffet,Metropolitan ,13:59,14:18,(min) 79
48,4.4,12.96693008441329,77.62224346940442,12.9881684572266,77.58564850936793,conditions Cloudy,High ,0,bicycle,Snack,Metropolitan ,21:26,21:49,(min) 60
48,4.2,12.982787944021076,77.5860071192965,12.945008311308992,77.49934848575062,conditions Windy,Jam ,1,electric_scooter,Buffet,Semi-Urban ,14:39,14:50,(min) 87
35,3.8,12.98673487773016,77.59583923398554,13.058139228979666,77.59580467883055,conditions Stormy,Low ,0,motorcycle,Drinks,Metropolitan ,19:54,20:09,(min) 70
34,3.9,12.98733658451438,77.63182423536703,12.880102724517032,77.61929788190596,conditions Sunny,High ,1,bicycle,Buffet,Metropolitan ,15:05,15:15,(min) 74
21,4.8,12.975621826591343,77.56439239251465,13.033068073183108,77.601383354392,conditions Cloudy,High ,0,motorcycle,Meal,Metropolitan ,12:36,12:55,(min) 69
32,3.9,13.002639921976627,77.61961358108594,12.990393857122504,77.58164625268529,conditions Windy,Medium ,1,motorcycle,Buffet,Metropolitan ,08:08,08:18,(min) 51
20,4,12.931801783124358,77.60654050893187,12.85795678318526,77.6638205139164,conditions Sandstorms,High ,1,electric_scooter,Buffet,Metropolitan ,10:20,10:40,(min) 78
30,3.7,12.995568373462559,77.5703232018374,13.053074765234268,77.49094989033915,conditions Sunny,Low ,0,electric_scooter,Drinks,Metropolitan ,08:09,08:26,(min) 60
37,4,12.939753471332043,77.6303544073835,12.946027347023028,77.70544121525595,conditions Sunny,Jam ,1,motorcycle,Drinks,Metropolitan ,10:02,10:19,(min) 69
24,3.9,12.98301390722245,77.62740488604679,13.0812917760006,77.56026424604242,conditions Foggy,Low ,1,scooter,Buffet,Metropolitan ,20:54,21:18,(min) 80
36,4.9,12.98139322584346,77.56273252203167,12.862132040610259,77.50666435934885,conditions Sunny,Jam ,2,bicycle,Buffet,Semi-Urban ,16:33,16:54,(min) 80
48,3.6,12.95349031181857,77.58476524288804,12.930767741195693,77.6019979317883,conditions Cloudy,Jam ,1,scooter,Drinks,Metropolitan ,14:33,14:56,(min) 68
20,3.7,12.966549365071954,77.58538182930127,13.091478229884261,77.6010574496558,conditions Cloudy,Medium ,0,motorcycle,Buffet,Metropolitan ,13:36,13:47,(min) 89
23,4.2,12.957848963195831,77.62894897772968,13.022983129764278,77.71109423176607,conditions Stormy,Jam ,2,scooter,Meal,Metropolitan ,17:39,18:00,(min) 90
26,4.7,12.936853067016601,77.59486124654337,12.971099128499539,77.5709060157317,conditions Windy,High ,0,electric_scooter,Snack,Urban ,21:11,21:32,(min) 62
43,4.8,12.997871993331612,77.60318573788777,12.904192934145048,77.54204840848016,conditions Windy,Jam ,0,bicycle,Meal,Metropolitan ,21:14,21:36,(min) 96
NaN ,4.6,12.933687329942734,77.58635836555659,12.998838403869474,77.62684689409559,conditions Foggy,Low ,1,electric_scooter,Snack,Metropolitan ,14:09,14:23,(min) 63
NaN ,4.7,12.961731216738373,77.57702687821389,13.043370225960768,77.48564263325183,conditions Windy,Medium ,0,scooter,Drinks,Metropolitan ,13:54,14:06,(min) 82
28,3.5,12.9668390085347,77.62416665880978,12.986619167342486,77.69987831526448,conditions Cloudy,High ,0,motorcycle,Buffet,Urban ,14:48,15:00,(min) 76
50,3.5,12.937445371615143,77.58067313144952,12.973605293855348,77.5223583677958,conditions Windy,Jam ,1,motorcycle,Buffet,Metropolitan ,13:52,14:05,(min) 78
34,4,12.962629213033617,77.59431021840349,12.939446650948685,77.54007501865338,conditions Windy,Low ,0,bicycle,Meal,Metropolitan ,20:02,20:20,(min) 57
31,3.6,12.970029250586778,77.62181839435398,12.891049811973392,77.61562959181167,conditions Stormy,Low ,0,bicycle,Snack,Metropolitan ,11:18,11:42,(min) 64
42,4.4,12.972972541338207,77.602856414067,13.027840763217998,77.5205555006939,conditions Cloudy,High ,2,motorcycle,Snack,Urban ,16:25,16:40,(min) 71
36,4.4,12.996832738815248,77.57806188852564,13.062369482858363,77.53225896376479,conditions Windy,High ,1,scooter,Drinks,Metropolitan ,20:16,20:38,(min) 74
21,4.9,12.958354075158388,77.6004384526521,12.928341506463926,77.59602918364236,conditions Stormy,Low ,0,motorcycle,Buffet,Metropolitan ,13:34,13:52,(min) 53
28,4,12.96215109038949,77.58721600388213,12.977416261354062,77.66270632401121,conditions Sunny,Jam ,1,motorcycle,Drinks,Metropolitan ,17:09,17:24,(min) 71
31,4,12.931658169271797,77.59769257563204,12.89652879487654,77.61381496814917,conditions Foggy,Jam ,1,bicycle,Snack,Metropolitan ,14:50,15:10,(min) 71
29,4.3,12.933284489287436,77.60801660724952,12.83365706495396,77.61695863607464,conditions Cloudy,Medium ,2,scooter,Drinks,Metropolitan ,09:28,09:38,(min) 61
50,4,12.933545344451815,77.56795909500718,12.957377734265334,77.53101001910798,conditions Sunny,Low ,1,electric_scooter,Drinks,Metropolitan ,17:32,17:51,(min) 42
43,NaN ,12.988251517376304,77.6004462296985,12.956896241727904,77.636223299536,conditions Sandstorms,High ,1,scooter,Meal,Semi-Urban ,10:52,11:05,(min) 56
21,4.7,12.953908906000107,77.62524526680856,12.954234001657944,77.64711882888092,conditions Windy,Low ,0,bicycle,Buffet,Metropolitan ,11:39,12:02,(min) 36
26,4.9,12.940556844322384,77.58478115306274,12.8066819262785,77.5874275525443,conditions Cloudy,Medium ,1,electric_scooter,Buffet,Metropolitan ,19:51,20:10,(min) 80
50,3.8,12.997038998360187,77.62223092778623,13.079492705546185,77.64576531399022,conditions Windy,High ,1,bicycle,Snack,Metropolitan ,19:35,19:49,(min) 77
21,5,12.99398447099924,77.60507544924542,12.952476301069675,77.72638127422039,conditions Sandstorms,High ,0,motorcycle,Meal,Metropolitan ,17:46,17:58,(min) 87
24,4.6,12.9484977577053,77.59362985405177,12.931764524362684,77.64600951773205,conditions Windy,Medium ,1,motorcycle,Snack,Metropolitan ,18:36,18:49,(min) 44
47,NaN ,12.952738873286545,77.59654272460416,12.951399011266298,77.61793622709622,conditions Sunny,Jam ,2,electric_scooter,Meal,Metropolitan ,18:21,18:34,(min) 46
34,NaN ,12.952646036146582,77.62680232585446,12.928984515498943,77.60910455110043,conditions Windy,Low ,1,bicycle,Buffet,Metropolitan ,14:46,15:10,(min) 41
48,4.5,12.993799237681925,77.59958794453219,13.043994673708564,77.56207245578341,conditions Sandstorms,Jam ,2,scooter,Meal,Metropolitan ,09:56,10:16,(min) 66
46,4.2,12.957530626932533,77.59028030998111,12.910438082368414,77.54410735002675,conditions Stormy,Low ,2,bicycle,Snack,Metropolitan ,15:15,15:33,(min) 59
35,4.8,12.994429071804882,77.57423145753368,12.931110709946017,77.57491190215194,conditions Windy,NaN ,0,electric_scooter,Snack,Metropolitan ,20:30,20:41,(min) 55
31,4.8,12.968535227513314,77.58306203563735,12.892213574857903,77.48808854259975,conditions Windy,High ,2,bicycle,Snack,Metropolitan ,15:06,15:23,(min) 75
28,3.7,12.946889183612914,77.60183872166127,13.050858812089398,77.5970033811541,conditions Foggy,NaN ,0,electric_scooter,Snack,Urban ,19:36,19:55,(min) 82
34,4,12.97083444915563,77.5749662106581,13.074264061704161,77.54978894466252,conditions Sunny,Jam ,0,electric_scooter,Meal,Metropolitan ,08:17,08:36,(min) 85
NaN ,4.8,12.941825483272225,77.58602913758754,12.866997050898052,77.52867368865999,conditions Foggy,High ,2,electric_scooter,Meal,Metropolitan ,08:02,08:24,(min) 72
39,4.1,12.949930454099924,77.63259611277878,12.976850036250188,77.56607232740159,conditions Cloudy,Medium ,1,electric_scooter,Drinks,Metropolitan ,19:09,19:24,(min) 65
43,4.2,12.976173193341493,77.56813218747303,12.984351240378178,77.59644721636842,conditions Foggy,Jam ,2,electric_scooter,Buffet,Metropolitan ,21:11,21:27,(min) 68
25,4.6,12.943316778781265,77.5646863229856,12.93988492221791,77.52609928565002,conditions Stormy,High ,0,electric_scooter,Snack,Metropolitan ,21:32,21:54,(min) 69
39,4.2,13.009873773826659,77.58686425694302,12.974029410805528,77.55805908141355,conditions Foggy,High ,1,motorcycle,Buffet,Metropolitan ,22:15,22:31,(min) 61
45,4.7,12.955960203389079,77.58103164351583,12.927395743166203,77.63848571472144,conditions Stormy,Jam ,1,electric_scooter,Snack,Urban ,15:29,15:41,(min) 75
38,4.2,12.971391979100556,77.59749778944105,12.930710393190028,77.6249430880021,conditions Sandstorms,Jam ,0,motorcycle,Meal,Metropolitan ,22:34,22:46,(min) 72
23,4.7,12.932563951982559,77.61565920480564,12.985678310990139,77.64718657214152,conditions Windy,Medium ,1,motorcycle,Meal,Metropolitan ,12:09,12:22,(min) 56
50,4.8,12.989516599158199,77.60069923675657,12.99253119030037,77.65399927351224,conditions Stormy,Low ,2,electric_scooter,Drinks,Urban ,22:53,23:08,(min) 53
29,4.4,12.979174515845626,77.58447337943167,12.847882375441099,77.61822975632064,conditions Foggy,Medium ,0,bicycle,Buffet,Semi-Urban ,22:51,23:07,(min) 84
31,5,12.939518422687799,77.58600984602272,13.024776722712824,77.62785782835803,conditions Sunny,Jam ,0,scooter,Buffet,Metropolitan ,15:05,15:22,(min) 76
45,4.4,12.938066598063708,77.62762743030711,12.993113910446734,77.65731648845973,conditions Sunny,Medium ,1,bicycle,Buffet,Urban ,09:14,09:34,(min) 47
30,3.7,12.962378717957437,77.59899354071393,12.918449234848442,77.54667068265422,conditions Cloudy,Medium ,0,motorcycle,Meal,Metropolitan ,13:51,14:15,(min) 70
46,4.5,12.967645035589486,77.59635002761185,13.06503408587231,77.51358754376,conditions Sandstorms,High ,1,bicycle,Drinks,Metropolitan ,17:34,17:54,(min) 88
29,4.1,13.002024352437259,77.6287260643117,12.953252110298815,77.63322219158994,conditions Sandstorms,Jam ,1,scooter,Buffet,Metropolitan ,15:12,15:26,(min) 71
26,4.8,13.009174098613114,77.59997943001837,13.003042405438308,77.6608915432223,conditions Cloudy,Jam ,1,bicycle,Drinks,Metropolitan ,14:36,14:51,(min) 70
40,NaN ,12.987914149536193,77.56324216851071,13.018551839077828,77.59958050463666,conditions Sunny,Low ,0,bicycle,Meal,Urban ,09:38,09:49,(min) 39
32,3.9,13.001374140957743,77.57546312487722,13.10851582664665,77.61161312948863,conditions Sunny,Jam ,1,bicycle,Drinks,Metropolitan ,20:09,20:24,(min) 87
47,5,12.93847471114099,77.58204739463552,13.020153116258358,77.6447309327087,conditions Cloudy,Low ,0,bicycle,Snack,Metropolitan ,19:13,19:37,(min) 68
33,4.2,12.982806985991449,77.60184285308272,13.009236737829324,77.56014539792888,conditions Foggy,High ,2,scooter,Drinks,Metropolitan ,15:00,15:20,(min) 61
26,3.8,12.931839918343723,77.56356652305499,12.94288777474764,77.51969800599794,conditions Sandstorms,Low ,1,motorcycle,Buffet,Metropolitan ,13:56,14:20,(min) 53
30,4.6,13.001033347005398,77.59540959640444,12.896712052857536,77.61011414383411,conditions Foggy,High ,1,bicycle,Snack,Metropolitan ,08:01,08:14,(min) 74
35,4.4,12.973319956099987,77.56341276873871,12.906972558108716,77.52592152598427,conditions Foggy,Jam ,2,bicycle,Buffet,Metropolitan ,16:32,16:54,(min) 77
NaN ,4.7,12.944585636051745,77.60933446737975,12.913661791151798,77.73170394245088,conditions Windy,Low ,1,motorcycle,Drinks,Metropolitan ,13:22,13:37,(min) 71
22,4.8,12.981404292749614,77.58387448827773,12.949310673712894,77.59728816634569,conditions Sandstorms,Medium ,0,bicycle,Meal,Metropolitan ,10:38,10:56,(min) 48
25,4.7,12.946407385466994,77.55677988410964,12.907425971326902,77.581676008718,conditions Sunny,Medium ,2,electric_scooter,Drinks,Metropolitan ,20:30,20:45,(min) 40
48,4.6,13.002752569819242,77.60476381122172,12.950821715454088,77.5208935214773,conditions Sandstorms,High ,2,scooter,Snack,Metropolitan ,13:27,13:41,(min) 82
27,5,13.007324813789129,77.5791577882044,12.896208150147139,77.54333979264487,conditions Windy,Low ,2,motorcycle,Drinks,Metropolitan ,18:56,19:13,(min) 65
NaN ,4.6,12.936052265109867,77.60006743895859,12.851381725813248,77.59628266552804,conditions Windy,Low ,1,motorcycle,Meal,Metropolitan ,12:03,12:26,(min) 59
50,3.8,12.995293161588163,77.63327797348649,12.973411250222165,77.64923516298404,conditions Windy,Jam ,0,motorcycle,Drinks,Metropolitan ,11:44,11:58,(min) 67
34,4.7,12.955845558194817,77.63123966411725,12.921535184778623,77.53592504164261,conditions Cloudy,Low ,0,bicycle,Meal,Metropolitan ,14:40,15:03,(min) 64
29,4.2,12.952472133094817,77.60082508876026,13.042554300137263,77.68989663836977,conditions Windy,High ,2,scooter,Snack,Metropolitan ,17:45,18:06,(min) 77
24,4.9,12.954476629829408,77.5757522310786,13.021488091724478,77.46169338791748,conditions Windy,High ,0,bicycle,Snack,Metropolitan ,13:33,13:55,(min) 89
27,NaN ,12.9380842752181,77.6116928446576,12.850149635993368,77.52778692275157,conditions Sunny,Medium ,1,electric_scooter,Drinks,Metropolitan ,15:35,15:58,(min) 65
35,4.1,12.959659902321548,77.58239721129685,12.994741855261783,77.54357932648443,conditions Foggy,Jam ,2,bicycle,Snack,Metropolitan ,18:15,18:28,(min) 65
36,4.5,12.960616014896333,77.61568075687661,12.845455935008202,77.59479316475625,conditions Sandstorms,High ,1,electric_scooter,Snack,Metropolitan ,15:25,15:39,(min) 82
49,4.9,12.957777028287202,77.57149519293607,12.986447098668812,77.57205241065601,conditions Sunny,Jam ,1,electric_scooter,Snack,Semi-Urban ,08:04,08:27,(min) 49
23,4,12.93495271967575,77.61920371483117,12.861437340755796,77.6040847591715,conditions Windy,Jam ,2,electric_scooter,Snack,Metropolitan ,22:33,22:45,(min) 67
49,4.2,12.974211325345934,77.58980687768236,12.988392187157785,77.45701716057232,conditions Windy,Low ,2,scooter,Buffet,Metropolitan ,18:26,18:46,(min) 75
36,4.1,12.932252670729905,77.56023213355839,13.061177401401585,77.59959458984984,conditions Foggy,Jam ,2,scooter,Snack,Urban ,11:23,11:38,(min) 98
40,4.8,12.936178459393233,77.57360695908815,12.91025933179674,77.54708057229489,conditions Sandstorms,Medium ,1,electric_scooter,Meal,Metropolitan ,11:07,11:27,(min) 44
32,3.9,12.93700982183069,77.55716816694513,12.907029518191822,77.56186357456413,conditions Stormy,Jam ,0,scooter,Buffet,Metropolitan ,11:55,12:05,(min) 68
46,3.8,12.955925395692141,77.56274989693463,13.08404587002595,77.59995217523733,conditions Foggy,Low ,0,motorcycle,Buffet,Metropolitan ,17:21,17:32,(min) 88
NaN ,4.1,12.932438990360499,77.613915246474,12.871858594276548,77.63938415817928,conditions Foggy,High ,0,motorcycle,Meal,Metropolitan ,15:50,16:04,(min) 68
44,4.2,12.964035302957893,77.58614142370448,12.918208355822268,77.5856546958877,conditions Stormy,Medium ,0,bicycle,Buffet,Metropolitan ,08:40,09:03,(min) 60
24,3.8,12.974686936157196,77.57589249576479,12.923041397865658,77.66684364810642,conditions Stormy,Medium ,1,motorcycle,Drinks,Metropolitan ,22:34,22:56,(min) 81
44,4.1,12.958374388067424,77.57178336725607,12.986520159466744,77.62266500728427,conditions Sunny,High ,0,bicycle,Snack,Metropolitan ,18:17,18:34,(min) 56
50,4.4,12.937441767210514,77.58105151756703,12.822571070336728,77.59815647103409,conditions Windy,Jam ,1,scooter,Meal,Metropolitan ,16:25,16:40,(min) 91
46,4.5,12.943239993488788,77.59364736367985,12.904009386721008,77.55472879916296,conditions Foggy,High ,1,motorcycle,Drinks,Metropolitan ,10:57,11:12,(min) 61
43,4.3,12.972116802724452,77.60454035433978,13.054564493409904,77.50227183596303,conditions Windy,Low ,2,scooter,Buffet,Metropolitan ,20:25,20:35,(min) 78
40,4.3,12.951542039437593,77.59668029570058,12.929960511928279,77.5235636903813,conditions Foggy,Low ,2,bicycle,Drinks,Metropolitan ,16:34,16:50,(min) 55
39,4.4,13.004265195260198,77.56762591711282,13.117885794559816,77.64677156131904,conditions Sandstorms,Jam ,2,bicycle,Snack,Urban ,08:58,09:21,(min) 94
21,4.1,12.965136194022746,77.56684114727229,12.84116117880127,77.51002149125367,conditions Windy,Jam ,0,motorcycle,Snack,Metropolitan ,22:16,22:39,(min) 97
27,NaN ,12.946515123172105,77.60888348483518,12.926613046262585,77.6518967637804,conditions Stormy,Jam ,0,motorcycle,Buffet,Metropolitan ,10:54,11:12,(min) 72
32,4,12.953931822775305,77.6107905012466,12.889700537145089,77.61749643103491,conditions Windy,High ,2,electric_scooter,Drinks,Metropolitan ,12:41,13:02,(min) 64
26,4,12.980960107351095,77.58617401837408,13.040370532435025,77.649446691935,conditions Sunny,Low ,2,scooter,Buffet,Metropolitan ,12:39,12:50,(min) 54
46,4.5,12.984597323721648,77.58375321273729,13.10565697082853,77.53285083973589,conditions Windy,Medium ,2,bicycle,Meal,Urban ,21:27,21:47,(min) 80
29,4.3,12.960108081100882,77.58717988194003,12.991881098558032,77.67777113456393,conditions Foggy,High ,0,motorcycle,Drinks,Metropolitan ,12:12,12:25,(min) 88
34,4.9,12.939375035072118,77.63373885511457,12.872771906158539,77.66989073197583,conditions Sandstorms,Jam ,2,electric_scooter,Buffet,Metropolitan ,13:25,13:39,(min) 76
48,3.9,12.951183785980941,77.59484536175653,13.04865570034291,77.49854949895023,conditions Stormy,High ,1,bicycle,Meal,Metropolitan ,19:18,19:40,(min) 108
30,4.4,13.00831882769093,77.58014768171161,12.886274663785153,77.58797902480917,conditions Sandstorms,High ,1,scooter,Drinks,Metropolitan ,16:45,17:01,(min) 83
37,4.6,12.940337130500376,77.62563157656267,13.01362683304021,77.58239452235578,conditions Cloudy,Medium ,2,electric_scooter,Buffet,Metropolitan ,13:55,14:18,(min) 62
37,3.8,12.99007171837464,77.61051298505664,12.9664517041205,77.59167660981461,conditions Cloudy,Jam ,2,scooter,Snack,Urban ,20:10,20:21,(min) 62
23,4.7,12.999024261774869,77.5828162496075,12.872875575730543,77.57592805268678,conditions Windy,High ,1,motorcycle,Buffet,Urban ,20:07,20:19,(min) 85
36,3.8,12.988932856822759,77.62698834060728,13.035363102178305,77.61649103579403,conditions Sandstorms,Medium ,0,motorcycle,Drinks,Semi-Urban ,18:57,19:08,(min) 55
23,3.5,12.99360577063486,77.56885142783672,12.993187893786551,77.61160137272593,conditions Windy,Low ,1,electric_scooter,Drinks,Urban ,09:23,09:35,(min) 47
43,4.3,12.990063722262532,77.58078447810412,12.953461727520692,77.6255948036316,conditions Cloudy,Jam ,0,electric_scooter,Buffet,Urban ,15:13,15:24,(min) 70
44,4.6,12.945755306275935,77.59466438683718,13.000597949999932,77.52671152831262,conditions Windy,Medium ,0,motorcycle,Buffet,Metropolitan ,17:33,17:57,(min) 61
30,4.2,12.95812462143451,77.58897871517614,12.968985428981862,77.5258632123047,conditions Sunny,Medium ,2,motorcycle,Drinks,Metropolitan ,09:56,10:15,(min) 46
41,4.5,12.937440651784092,77.56439635387659,12.904518866615016,77.5287974046542,conditions Sandstorms,Jam ,2,electric_scooter,Meal,Metropolitan ,18:31,18:42,(min) 63
34,4.8,12.939001742115618,77.55828043487891,12.838381946677934,77.48374305588528,conditions Windy,Medium ,0,electric_scooter,Drinks,Semi-Urban ,20:16,20:30,(min) 85
47,3.8,12.96840471200496,77.61673549317793,12.970033656861094,77.67010551964088,conditions Cloudy,Low ,0,motorcycle,Drinks,Metropolitan ,15:11,15:21,(min) 54
22,4.2,12.937447281012684,77.55891307584048,12.95693314247979,77.45444817035998,conditions Foggy,Medium ,0,electric_scooter,Drinks,Metropolitan ,10:16,10:29,(min) 72
39,4.9,12.988771473875643,77.56103829053268,13.000352083752881,77.51952285328748,conditions Stormy,Low ,1,bicycle,Meal,Metropolitan ,21:42,22:04,(min) 55
20,4.4,12.953858536051959,77.62320732454806,12.991635892480723,77.49047086883512,conditions Sandstorms,Low ,2,motorcycle,Snack,Metropolitan ,19:03,19:24,(min) 78
31,4.6,12.982092694042624,77.60503673494831,13.057019347911776,77.68452410559455,conditions Cloudy,High ,1,motorcycle,Snack,Metropolitan ,11:19,11:30,(min) 70
49,4.9,12.988647865558416,77.57190405963958,13.017354122367488,77.58023285372828,conditions Cloudy,Jam ,1,bicycle,Meal,Metropolitan ,10:05,10:26,(min) 57
21,4.2,13.001471907681227,77.59061853175089,12.984371940700463,77.61615987158278,conditions Sunny,Low ,1,scooter,Drinks,Metropolitan ,16:44,17:04,(min) 29
41,4.5,12.93575913483128,77.5973904733643,12.877244852406069,77.49837120106794,conditions Stormy,Medium ,1,electric_scooter,Snack,Metropolitan ,12:16,12:26,(min) 84
44,4.2,12.970775532199443,77.58621971466616,12.846569379508106,77.63165332123097,conditions Sandstorms,NaN ,2,scooter,Drinks,Metropolitan ,20:54,21:13,(min) 85
38,3.6,12.95249203696698,77.61131789938584,12.920272864040873,77.64054043065187,conditions Sandstorms,Jam ,2,electric_scooter,Buffet,Metropolitan ,12:04,12:16,(min) 72
35,4.5,12.988152985627204,77.59188655986488,13.006488885504545,77.5323576260813,conditions Windy,Jam ,0,bicycle,Meal,Metropolitan ,22:38,22:48,(min) 70
41,3.6,13.010654382443429,77.56942208488509,12.937912156814226,77.54838038082312,conditions Stormy,High ,2,bicycle,Snack,Urban ,13:42,14:05,(min) 83
26,4.2,12.956708494572341,77.61041346446648,12.965360063749065,77.5846260034678,conditions Foggy,Medium ,1,motorcycle,Meal,Metropolitan ,11:06,11:30,(min) 48
24,3.9,12.933908497149497,77.56470320477187,12.994954834918918,77.65310460763531,conditions Cloudy,High ,1,electric_scooter,Meal,Metropolitan ,14:06,14:25,(min) 84
28,4.6,12.971812110877037,77.55734303792045,12.874055400536403,77.50049452518728,conditions Windy,Low ,0,electric_scooter,Meal,Metropolitan ,11:36,11:52,(min) 68
44,4.7,12.949729927869887,77.61167306008785,12.934526349705548,77.56494323056363,conditions Windy,Low ,2,bicycle,Snack,Metropolitan ,12:54,13:16,(min) 44
40,3.7,12.942883238418402,77.60591382556632,13.045275781201264,77.51454721135126,conditions Foggy,Jam ,2,motorcycle,Snack,Urban ,19:11,19:34,(min) 103
41,3.8,13.010300466752053,77.58790589769409,13.0433386828175,77.56109153083855,conditions Windy,High ,2,bicycle,Snack,Metropolitan ,11:41,12:04,(min) 56
42,4,12.9490616513215,77.56865135851353,12.929490848399395,77.61507639403084,conditions Sandstorms,Low ,0,electric_scooter,Meal,Urban ,21:55,22:18,(min) 60
35,5,12.985872095877678,77.63387622847259,12.958700743133049,77.70710317397109,conditions Sunny,Low ,2,bicycle,Drinks,Urban ,19:55,20:15,(min) 53
37,3.9,12.983188789205999,77.60283855195195,13.056231312018225,77.63369992587589,conditions Sandstorms,Jam ,2,bicycle,Snack,Metropolitan ,22:58,23:14,(min) 82
NaN ,4.6,12.984909014849364,77.6014275767006,12.88376158004759,77.56139777756988,conditions Sunny,Jam ,2,scooter,Snack,Urban ,09:28,09:43,(min) 77
28,4.1,12.973486433083565,77.62851385726631,13.028484722739734,77.6951117127682,conditions Foggy,Jam ,1,motorcycle,Snack,Metropolitan ,20:59,21:11,(min) 84
20,3.5,12.940831560826302,77.5772698374562,12.959634975807287,77.66159104804589,conditions Foggy,Jam ,2,electric_scooter,Drinks,Metropolitan ,14:00,14:24,(min) 91
44,4.7,12.944278748127074,77.58671165409535,12.866724044059163,77.57719446379127,conditions Windy,Medium ,1,scooter,Snack,Urban ,15:33,15:47,(min) 55
49,NaN ,12.996459962183982,77.56203973068892,12.997593837925422,77.50697096166941,conditions Windy,Medium ,0,bicycle,Buffet,Urban ,11:18,11:31,(min) 53
30,4.6,12.933655549025536,77.56622716744468,13.036693016121038,77.6049269516354,conditions Foggy,High ,0,scooter,Snack,Metropolitan ,12:40,12:54,(min) 83
32,3.8,12.962820371481032,77.62232490125149,12.926561537755811,77.6983845060122,conditions Foggy,Jam ,1,scooter,Meal,Metropolitan ,14:41,14:59,(min) 88
27,3.7,12.948438109977543,77.58849580817893,12.831830421967902,77.52596055553862,conditions Windy,Low ,2,electric_scooter,Buffet,Metropolitan ,10:31,10:44,(min) 76
36,4.6,12.965978345105798,77.58837266466618,12.936343346638637,77.46313817737489,conditions Cloudy,Jam ,2,scooter,Buffet,Metropolitan ,20:29,20:39,(min) 95
NaN ,4.6,12.980099754145742,77.58675487813576,12.97486846847364,77.52525954970905,conditions Sandstorms,Low ,0,electric_scooter,Buffet,Metropolitan ,13:21,13:33,(min) 56
47,4.6,12.991979588156939,77.62746236597225,12.926167232645152,77.57475516291213,conditions Foggy,Medium ,1,scooter,Snack,Semi-Urban ,20:15,20:29,(min) 71
36,4.8,12.944371942578256,77.5912055096127,12.873815182144766,77.6609032889529,conditions Sunny,NaN ,0,motorcycle,Buffet,Metropolitan ,10:18,10:39,(min) 55
NaN ,3.6,13.003010004533827,77.63128210672214,13.061121215641194,77.63254329301225,conditions Cloudy,Medium ,2,bicycle,Buffet,Metropolitan ,08:07,08:22,(min) 55
23,3.8,12.938386143891513,77.5996464590825,12.906912256677654,77.56734285181744,conditions Cloudy,Medium ,0,scooter,Snack,Urban ,15:04,15:24,(min) 57
37,4.8,12.981330890616775,77.56418932450042,12.875432862963448,77.52834368890699,conditions Sunny,Low ,2,bicycle,Buffet,Metropolitan ,09:59,10:18,(min) 58
39,3.6,12.949543508904428,77.63264457966238,13.003047604128025,77.5951026243178,conditions Foggy,High ,0,bicycle,Meal,Metropolitan ,22:18,22:36,(min) 73
35,NaN ,12.995843339411914,77.57802005455866,12.91524922533804,77.69084860562761,conditions Sunny,Low ,0,bicycle,Drinks,Metropolitan ,20:01,20:13,(min) 74
21,4.7,12.956047346515954,77.59294490539506,12.983107908668192,77.70535853427566,conditions Stormy,Jam ,0,bicycle,Meal,Urban ,14:01,14:25,(min) 97
20,3.6,12.952551505601406,77.55834661831186,12.997420738159986,77.52621014406829,conditions Windy,High ,2,motorcycle,Buffet,Metropolitan ,08:52,09:14,(min) 57
42,3.7,12.990805057676882,77.63211504909248,12.985904796758666,77.5436842518131,conditions Stormy,Medium ,2,motorcycle,Drinks,Urban ,08:25,08:40,(min) 76
45,NaN ,12.997121086473019,77.61994693799913,12.993249534993208,77.54559023096205,conditions Windy,NaN ,0,motorcycle,Drinks,Urban ,20:48,21:12,(min) 60
25,3.9,12.968683282861859,77.62489107302427,12.985660585209109,77.72973375273428,conditions Stormy,High ,0,scooter,Meal,Metropolitan ,20:15,20:26,(min) 93
48,3.7,12.959775821080804,77.57206996289119,12.907254486511599,77.53117553238772,conditions Sunny,Jam ,1,electric_scooter,Buffet,Semi-Urban ,08:47,09:09,(min) 71
44,3.8,12.974960799141229,77.5876759906955,13.054435983047759,77.54544675771292,conditions Stormy,High ,2,scooter,Buffet,Metropolitan ,19:51,20:11,(min) 90
42,3.9,13.011302979717405,77.57579954913855,12.972446540360773,77.54828543984857,conditions Stormy,High ,2,motorcycle,Snack,Metropolitan ,15:08,15:32,(min) 69
30,3.8,12.95975810777247,77.60782540765628,12.912002018095917,77.59452543121351,conditions Sunny,Jam ,2,motorcycle,Buffet,Urban ,09:38,09:57,(min) 64
23,3.9,12.99765833966285,77.57131274306252,13.060438832236343,77.59544764233881,conditions Stormy,Low ,2,bicycle,Buffet,Metropolitan ,17:47,17:58,(min) 61
45,5,12.96932581377998,77.61366755894423,12.984871647728097,77.47688080154909,conditions Sunny,Low ,1,scooter,Meal,Metropolitan ,16:08,16:21,(min) 67
34,4.2,12.978892310968043,77.60739951697215,13.04798555373082,77.69079473458187,conditions Sandstorms,Medium ,0,motorcycle,Buffet,Metropolitan ,10:34,10:52,(min) 73
40,4.6,12.997808139490337,77.55687058965712,12.989557807106488,77.5146624963001,conditions Windy,Low ,0,bicycle,Drinks,Metropolitan ,11:09,11:20,(min) 41
40,4.7,12.93762187063545,77.60770491004959,13.057224683701724,77.6423292947108,conditions Stormy,Low ,0,motorcycle,Buffet,Metropolitan ,13:32,13:42,(min) 86
25,3.9,12.968182600641995,77.58681905566752,12.943642370478253,77.52044971153751,conditions Sunny,Medium ,2,electric_scooter,Drinks,Urban ,22:41,23:02,(min) 51
35,4.4,12.953040150570125,77.56011317412406,12.985066408174276,77.5390413620841,conditions Windy,Medium ,1,motorcycle,Snack,Metropolitan ,21:32,21:48,(min) 52
42,NaN ,12.950908877252044,77.60239339352623,12.96472229084708,77.5858617879767,conditions Windy,Jam ,2,motorcycle,Snack,Metropolitan ,14:13,14:33,(min) 59
41,3.7,12.984261623694003,77.60266469755247,12.969288974886886,77.5145952076027,conditions Windy,Jam ,2,bicycle,Meal,Metropolitan ,17:10,17:22,(min) 77
47,4.1,12.977647356072813,77.58885253733993,12.998659847245943,77.59946504503584,conditions Sandstorms,Low ,0,bicycle,Drinks,Metropolitan ,09:55,10:16,(min) 46
31,4.5,12.941346397659183,77.57604908865913,12.957372379558482,77.65292282224299,conditions Sunny,High ,1,scooter,Drinks,Metropolitan ,17:05,17:23,(min) 57
41,3.8,13.010744212584942,77.57393838937432,12.942824950672815,77.51268400095594,conditions Foggy,Medium ,1,scooter,Meal,Metropolitan ,19:29,19:48,(min) 81
NaN ,3.9,12.993931988029182,77.60585971192494,13.039028642484968,77.5828041609954,conditions Foggy,Jam ,1,motorcycle,Buffet,Metropolitan ,21:30,21:54,(min) 77
22,4.7,12.942688722832502,77.58985820644573,12.981710435344272,77.64670319287964,conditions Cloudy,Jam ,2,motorcycle,Drinks,Metropolitan ,08:50,09:14,(min) 63
41,4,12.97686017734781,77.6301852997303,13.029588652878004,77.601486920683,conditions Windy,Jam ,2,scooter,Meal,Metropolitan ,22:44,23:04,(min) 70
28,4.3,13.000865378788115,77.6081127226077,12.891834578188552,77.59651327603851,conditions Sunny,Jam ,0,scooter,Snack,Urban ,20:29,20:48,(min) 87
32,3.5,12.96634092949182,77.59914780610278,13.069927041044776,77.6800738584999,conditions Stormy,Medium ,0,bicycle,Snack,Metropolitan ,21:39,21:52,(min) 96
24,3.9,12.98326168877855,77.58599955282212,12.869536562192193,77.56975470760486,conditions Stormy,Jam ,0,bicycle,Drinks,Metropolitan ,12:57,13:12,(min) 104
23,4.7,12.964338647535444,77.63077437159643,12.94142237259001,77.70490838229915,conditions Sunny,High ,0,scooter,Drinks,Metropolitan ,12:37,12:48,(min) 70
NaN ,4.6,12.975485138165206,77.56308987687379,12.997266171889484,77.57391414752023,conditions Windy,High ,0,electric_scooter,Buffet,Metropolitan ,19:26,19:41,(min) 54
22,3.8,12.956320381405204,77.58634393590539,12.906535255300055,77.50138784948513,conditions Windy,Low ,1,electric_scooter,Buffet,Metropolitan ,08:16,08:38,(min) 64
21,4,12.98482973612696,77.56001216479615,13.081046517207346,77.47281783094498,conditions Sandstorms,Medium ,0,motorcycle,Snack,Metropolitan ,15:23,15:43,(min) 87
37,3.5,12.986995350698383,77.55960666156412,12.972560522842858,77.6123408218327,conditions Foggy,Low ,0,scooter,Snack,Metropolitan ,19:38,19:51,(min) 57
20,3.9,13.008936006388069,77.60951853704675,13.035590713314821,77.58900942066602,conditions Cloudy,High ,1,bicycle,Snack,Metropolitan ,14:06,14:19,(min) 56
47,4.1,12.998618859069795,77.57987858737856,13.054273191620494,77.68162905379928,conditions Sandstorms,Low ,0,bicycle,Drinks,Metropolitan ,09:52,10:14,(min) 78
29,4.4,12.988059332220256,77.62344935999289,13.001526224205382,77.57118444698395,conditions Sandstorms,Low ,2,scooter,Buffet,Metropolitan ,09:38,09:51,(min) 50
25,4.1,12.943046358580142,77.60350104912222,12.89224549007414,77.63050597998223,conditions Stormy,Medium ,1,motorcycle,Drinks,Urban ,16:19,16:31,(min) 60
34,4.4,12.987245302217454,77.61015894497783,12.986115854385597,77.67971171710245,conditions Stormy,Jam ,0,scooter,Meal,Metropolitan ,09:30,09:44,(min) 77
40,3.7,12.987289751617611,77.59729674086944,12.920630568743135,77.57312004081761,conditions Foggy,High ,1,motorcycle,Buffet,Semi-Urban ,14:01,14:24,(min) 73
42,4.1,12.947184805235267,77.59141967010721,13.051232170651193,77.5241904916239,conditions Sunny,High ,2,scooter,Drinks,Metropolitan ,22:33,22:49,(min) 74
35,4.4,13.006931620853395,77.57968643392473,12.976024517453974,77.60560143997478,conditions Sandstorms,High ,0,motorcycle,Snack,Metropolitan ,09:19,09:31,(min) 62
42,3.8,12.99815499767512,77.630990618328,12.974614729141026,77.69951068892516,conditions Windy,Medium ,2,bicycle,Snack,Metropolitan ,20:11,20:33,(min) 68
39,4.3,12.973226357454807,77.60612789972723,12.899332062985112,77.61602599226116,conditions Sandstorms,Jam ,2,bicycle,Drinks,Metropolitan ,11:09,11:32,(min) 78
40,4.7,12.94063636008501,77.62075593997761,13.027445120120758,77.63815274773864,conditions Stormy,High ,0,motorcycle,Snack,Urban ,15:30,15:41,(min) 77
32,4.7,12.952920695392788,77.60398411736861,12.992211570417652,77.53023614707453,conditions Stormy,High ,0,motorcycle,Snack,Metropolitan ,20:08,20:28,(min) 79
31,4.5,12.971716472858937,77.5654709575981,13.033672679164647,77.52704774813444,conditions Windy,Low ,2,electric_scooter,Drinks,Urban ,08:37,08:49,(min) 48
46,3.8,12.99979638459012,77.60054530586153,13.045177751402512,77.4732345930269,conditions Sunny,Jam ,2,electric_scooter,Meal,Metropolitan ,19:28,19:40,(min) 97
45,4.1,12.963852469770611,77.57573036299124,12.946496072534849,77.54058125841213,conditions Windy,Low ,1,scooter,Buffet,Metropolitan ,11:49,12:13,(min) 41
44,4.1,12.960077498907596,77.56235460384787,12.934610429010922,77.53198490588211,conditions Stormy,Medium ,0,electric_scooter,Meal,Urban ,16:21,16:37,(min) 62
28,3.9,12.993131079690905,77.59390793885142,12.969343340128706,77.60181578733949,conditions Cloudy,Low ,1,scooter,Drinks,Urban ,21:24,21:43,(min) 40
42,4.8,13.00268248019591,77.5788335344851,12.982795546627695,77.60453802223532,conditions Sandstorms,Medium ,1,scooter,Buffet,Metropolitan ,08:13,08:36,(min) 48
44,3.9,12.94791946347654,77.5684287233375,13.018635112715812,77.46415267652485,conditions Windy,Low ,2,electric_scooter,Meal,Urban ,21:37,22:01,(min) 82
29,NaN ,12.947580203188956,77.58119853445366,12.917158317775778,77.5241555555549,conditions Cloudy,High ,1,motorcycle,Buffet,Metropolitan ,17:22,17:41,(min) 55
NaN ,NaN ,12.983276748506725,77.6132935939826,12.976855471071378,77.64658908176162,conditions Cloudy,Medium ,0,scooter,Drinks,Metropolitan ,20:45,20:58,(min) 48
32,4.3,12.987407078313083,77.61051452140362,13.08587372694781,77.65504345032188,conditions Cloudy,Medium ,2,electric_scooter,Drinks,Metropolitan ,14:56,15:06,(min) 71
49,4.8,12.946745262144507,77.56095652163997,12.892055242535239,77.54661268240201,conditions Foggy,High ,1,electric_scooter,Drinks,Metropolitan ,19:40,20:04,(min) 69
29,4.8,12.96442668011263,77.6031999134928,12.983069546975669,77.51079266661247,conditions Windy,Jam ,0,bicycle,Drinks,Metropolitan ,13:42,14:05,(min) 82
30,4.8,12.998696659392118,77.56046010379717,12.90559025714896,77.57875970373553,conditions Stormy,High ,2,bicycle,Snack,Metropolitan ,18:22,18:45,(min) 72
26,4.9,12.953346850218624,77.58934559273571,12.918112665929623,77.67688416667472,conditions Foggy,Low ,0,scooter,Drinks,Urban ,12:32,12:54,(min) 68
22,NaN ,12.965108453536779,77.63210874437392,12.942871669825731,77.60281143220689,conditions Sandstorms,Jam ,0,bicycle,Drinks,Metropolitan ,20:46,21:03,(min) 66
40,4.6,12.937384086529166,77.57011539704203,12.931645070814213,77.59890673518002,conditions Cloudy,Medium ,2,bicycle,Snack,Metropolitan ,13:11,13:23,(min) 44
38,3.7,12.97575908150375,77.6286254654549,12.942539963785785,77.60491521377932,conditions Sandstorms,High ,0,motorcycle,Buffet,Metropolitan ,20:19,20:30,(min) 67
30,3.8,12.964212608652563,77.59590284342914,12.990823507010127,77.50923329347911,conditions Windy,Jam ,2,motorcycle,Buffet,Metropolitan ,19:46,20:05,(min) 88
21,3.6,12.947850206045807,77.56770383373872,12.867380627034054,77.4699933455486,conditions Stormy,Medium ,1,electric_scooter,Meal,Urban ,08:54,09:14,(min) 90
39,3.8,12.942194195649028,77.55699813586698,13.040334505563544,77.57590974995445,conditions Cloudy,Jam ,1,electric_scooter,Buffet,Metropolitan ,21:25,21:37,(min) 86
32,4.8,12.970467607098072,77.59719035740048,12.964139717273305,77.65238712532324,conditions Cloudy,Medium ,1,motorcycle,Buffet,Semi-Urban ,08:45,09:02,(min) 45
47,4.9,13.000483358780295,77.56625920779109,13.016133727112427,77.62248110857901,conditions Cloudy,Low ,0,motorcycle,Buffet,Metropolitan ,22:56,23:08,(min) 50
35,4.3,13.005173804423213,77.57029298645482,13.022583782361766,77.50492997229775,conditions Windy,High ,2,electric_scooter,Snack,Metropolitan ,09:48,10:12,(min) 58
47,4.4,12.986630137281866,77.57274453396946,12.894644987144328,77.65838094942698,conditions Foggy,High ,0,scooter,Meal,Metropolitan ,11:52,12:08,(min) 91
27,4.1,12.967980203776062,77.5721757866539,12.971190634978688,77.55220807510038,conditions Stormy,High ,1,scooter,Meal,Urban ,22:40,23:04,(min) 55
42,3.6,12.963838532826305,77.57733814221844,12.827172074858453,77.57882519170248,conditions Sandstorms,Low ,1,electric_scooter,Meal,Urban ,21:03,21:20,(min) 93
30,4,12.965580998136103,77.63440793492869,12.949540956944404,77.60398845419759,conditions Sunny,Low ,2,electric_scooter,Snack,Metropolitan ,17:14,17:33,(min) 30
35,3.6,12.97523424235955,77.62074896580577,12.900481895671806,77.56896388511132,conditions Sandstorms,Jam ,2,scooter,Buffet,Metropolitan ,09:45,10:08,(min) 81
34,4,12.957329005858302,77.58696172815785,12.90779656238769,77.5816436113029,conditions Foggy,Medium ,0,bicycle,Buffet,Metropolitan ,14:14,14:27,(min) 58
34,4.9,13.008990292864294,77.5707153749004,13.000816567378598,77.68372670061856,conditions Sandstorms,NaN ,1,motorcycle,Drinks,Urban ,18:42,19:05,(min) 67
28,4.3,12.940040133146942,77.58611185089723,12.967292616175504,77.52223974978655,conditions Foggy,Low ,2,bicycle,Snack,Urban ,19:02,19:23,(min) 58
50,4.8,12.984785848519207,77.62799186927303,13.043096460236026,77.61453575467932,conditions Sandstorms,Low ,0,bicycle,Meal,Metropolitan ,18:48,19:07,(min) 52
43,3.7,13.00534416826293,77.62516328926236,12.99134006583448,77.73595725768867,conditions Sandstorms,High ,2,bicycle,Snack,Metropolitan ,17:52,18:07,(min) 82
31,4.7,12.973707884697616,77.60026173726693,12.982756170922157,77.6568385041451,conditions Sunny,Low ,1,scooter,Snack,Urban ,15:40,16:02,(min) 42
49,4.4,12.985349685809016,77.589256690564,12.960439845413692,77.50326609722354,conditions Stormy,NaN ,0,electric_scooter,Buffet,Metropolitan ,15:08,15:29,(min) 68
22,3.5,12.999538830256462,77.61491807539984,12.987730452911114,77.68914811005999,conditions Sunny,Jam ,2,bicycle,Buffet,Metropolitan ,15:50,16:01,(min) 73
22,4.4,12.981681681963057,77.62515499415845,13.099409349170278,77.60061340503125,conditions Sunny,High ,2,bicycle,Snack,Urban ,12:11,12:21,(min) 84
40,4.1,13.003048543984443,77.62116114272773,12.955065193839522,77.55242160039276,conditions Sandstorms,NaN ,1,scooter,Snack,Metropolitan ,13:34,13:56,(min) 67
47,3.9,12.961380621621759,77.60269039413929,12.922488067169711,77.50197946198666,conditions Sunny,High ,0,electric_scooter,Drinks,Urban ,21:50,22:09,(min) 82
44,4.4,12.991980812641234,77.58564708652943,13.03766505783715,77.64998750949722,conditions Windy,High ,2,motorcycle,Buffet,Semi-Urban ,11:52,12:13,(min) 64
46,4.6,13.008766213709862,77.62536084427535,13.117173219878817,77.63129438813496,conditions Sunny,High ,0,motorcycle,Buffet,Metropolitan ,19:16,19:32,(min) 82
49,4.8,12.970844460463525,77.59903848488852,13.004529972831662,77.61811990432498,conditions Windy,Medium ,2,electric_scooter,Drinks,Metropolitan ,09:29,09:52,(min) 40
47,4.5,12.945844701620192,77.59544978681058,12.918529049023697,77.60030215097672,conditions Stormy,High ,1,scooter,Meal,Metropolitan ,10:45,11:08,(min) 55
45,4.6,12.981099738700689,77.60604620032981,12.94616198669115,77.56669928238183,conditions Sandstorms,Jam ,1,electric_scooter,Meal,Metropolitan ,12:17,12:27,(min) 75
45,4.8,12.997516164014488,77.55639165422916,13.127791333198255,77.55748419935196,conditions Windy,Jam ,0,bicycle,Buffet,Semi-Urban ,18:53,19:13,(min) 91
36,4.4,13.004601473899932,77.63182872000188,12.937951947563144,77.53016443368661,conditions Windy,Low ,1,motorcycle,Buffet,Semi-Urban ,15:51,16:15,(min) 64
34,4.1,12.936591628844292,77.62448748125732,12.970515536141576,77.68120998939582,conditions Windy,Medium ,2,bicycle,Drinks,Metropolitan ,15:02,15:19,(min) 52
33,4.3,13.00772260043621,77.62497652133032,13.017390589740096,77.65344242291123,conditions Sandstorms,Medium ,1,bicycle,Buffet,Metropolitan ,18:23,18:33,(min) 43
27,3.6,12.949579254480453,77.61204951110334,12.97429483436153,77.67235776397398,conditions Sunny,Jam ,0,scooter,Meal,Metropolitan ,09:18,09:36,(min) 72
47,5,12.951508400066198,77.6031056242533,12.941875310678402,77.48924823573935,conditions Foggy,Jam ,0,bicycle,Drinks,Metropolitan ,12:02,12:18,(min) 95
31,3.5,12.996748630235345,77.57722792408467,13.104110630528995,77.6466930495946,conditions Foggy,High ,1,motorcycle,Meal,Metropolitan ,21:11,21:29,(min) 98
33,4.2,13.008170139601827,77.60510616836176,13.040909905040975,77.51439140824424,conditions Stormy,Low ,1,motorcycle,Buffet,Urban ,16:19,16:31,(min) 68
28,5,13.008752373082936,77.62729131155685,12.988301314691336,77.6238237222244,conditions Foggy,Medium ,2,electric_scooter,Drinks,Metropolitan ,14:53,15:11,(min) 41
23,3.8,12.95740902228132,77.57629825017452,13.009474301117384,77.58624152067776,conditions Cloudy,Jam ,2,motorcycle,Buffet,Metropolitan ,11:38,11:52,(min) 65
23,3.7,12.955482977440953,77.62651034054383,12.997040143565261,77.69054053676656,conditions Cloudy,Low ,2,motorcycle,Snack,Urban ,18:55,19:19,(min) 50
37,3.9,12.958710274322332,77.62285181575491,12.946160234053327,77.74230165365736,conditions Stormy,Jam ,0,motorcycle,Buffet,Metropolitan ,15:09,15:21,(min) 101
46,4.7,12.934703020284326,77.58832420370578,12.961267132298499,77.5858090404183,conditions Stormy,Medium ,0,bicycle,Buffet,Urban ,18:39,18:54,(min) 53
35,3.8,12.935119896026702,77.56841928186864,13.007863947277922,77.51078173232186,conditions Stormy,Jam ,1,electric_scooter,Drinks,Metropolitan ,08:43,09:01,(min) 91
24,3.6,12.989897728784383,77.60049026184753,12.982622125559281,77.51410288985831,conditions Stormy,Medium ,0,electric_scooter,Drinks,Metropolitan ,13:18,13:29,(min) 82
40,4.1,12.985583749244363,77.59369640967846,12.952675837167986,77.46829523328464,conditions Sunny,Low ,0,motorcycle,Drinks,Metropolitan ,19:12,19:36,(min) 80
21,4.6,12.983755808880925,77.58126295981035,12.970186777327692,77.510864091888,conditions Sandstorms,High ,1,electric_scooter,Snack,Metropolitan ,20:24,20:43,(min) 66
43,4.2,12.994247566329689,77.61383036146908,12.864042645403183,77.5777450764938,conditions Windy,Jam ,1,bicycle,Buffet,Metropolitan ,08:59,09:23,(min) 96
38,4.8,12.975159812270105,77.57000433416142,12.902139527191201,77.58016721486287,conditions Windy,Low ,2,electric_scooter,Buffet,Metropolitan ,14:08,14:24,(min) 51
39,4.5,12.983785204494746,77.63099705248177,12.964902460533324,77.5991074557367,conditions Cloudy,Medium ,1,scooter,Snack,Metropolitan ,13:49,14:11,(min) 44
41,3.6,12.937515550738574,77.59557856117412,12.940552178656825,77.62905370086672,conditions Cloudy,Low ,1,bicycle,Buffet,Metropolitan ,19:30,19:49,(min) 52
25,4.6,12.995871394517273,77.5564443011865,12.883649860581047,77.62855594081556,conditions Sandstorms,High ,0,scooter,Drinks,Metropolitan ,17:13,17:36,(min) 88
37,4,12.981365009321273,77.55562592872455,12.88091749841684,77.57321786112148,conditions Cloudy,High ,0,bicycle,Meal,Urban ,20:57,21:15,(min) 85
33,4.6,12.987026283627749,77.60824091588184,12.876164092326343,77.60873501938177,conditions Cloudy,Medium ,0,motorcycle,Buffet,Metropolitan ,08:21,08:43,(min) 70
20,4.6,12.966058106067033,77.63248666363806,13.058708978661041,77.64871688312226,conditions Stormy,Medium ,2,motorcycle,Buffet,Metropolitan ,16:51,17:04,(min) 68
27,3.8,12.985953075660765,77.6267496729739,13.051703063145464,77.50901793293201,conditions Stormy,NaN ,1,bicycle,Buffet,Metropolitan ,09:33,09:56,(min) 81
31,4.8,13.003318636862934,77.59750971243754,13.0190017991339,77.5708135043029,conditions Stormy,Medium ,0,electric_scooter,Buffet,Metropolitan ,15:09,15:23,(min) 50
32,4.4,12.940444656962901,77.56611661120355,12.986589074459435,77.5799099049579,conditions Cloudy,High ,1,bicycle,Drinks,Urban ,22:35,22:51,(min) 56
38,4.6,12.966974700110406,77.56618671084792,12.939118010139094,77.62205052890607,conditions Stormy,Medium ,0,bicycle,Meal,Metropolitan ,10:11,10:28,(min) 57
NaN ,4.3,12.95637000962943,77.63376386211291,12.915286008213098,77.70302512239074,conditions Sunny,Medium ,2,bicycle,Snack,Metropolitan ,14:20,14:34,(min) 57
33,3.8,12.971972557230295,77.58430919253304,12.998300931235988,77.59304422120842,conditions Windy,Medium ,1,motorcycle,Meal,Metropolitan ,14:52,15:15,(min) 52
42,4.4,12.933199719915539,77.62727785042524,12.97547373232833,77.61686123114536,conditions Windy,High ,2,scooter,Buffet,Metropolitan ,18:13,18:34,(min) 50
49,4.2,12.983212517610193,77.57936054316387,12.944504632131313,77.56509857305393,conditions Sunny,Jam ,0,motorcycle,Buffet,Metropolitan ,14:45,15:03,(min) 65
34,3.6,12.9792531897299,77.5791205982402,12.884567997310942,77.50109635325525,conditions Foggy,Low ,2,scooter,Snack,Urban ,18:12,18:23,(min) 77
40,4.8,12.994185505638272,77.59225798181295,13.003760270977075,77.63929926080013,conditions Windy,Low ,1,motorcycle,Drinks,Urban ,14:44,14:54,(min) 48
40,4.1,12.965897115858645,77.58026004764288,12.918955351108776,77.61285084245475,conditions Foggy,Low ,2,scooter,Snack,Metropolitan ,16:07,16:22,(min) 45
32,3.8,12.973861473722756,77.57303380810693,13.009482497602976,77.4448631839735,conditions Windy,Low ,0,motorcycle,Drinks,Metropolitan ,08:18,08:35,(min) 82
33,3.6,12.984793178568037,77.58904139689207,12.982788296269272,77.63332512139402,conditions Cloudy,High ,0,electric_scooter,Meal,Metropolitan ,15:58,16:12,(min) 60
31,3.7,12.986937161794305,77.5827211031042,12.957180687597894,77.6316609303246,conditions Sandstorms,Medium ,0,scooter,Drinks,Urban ,09:30,09:44,(min) 61
34,4.7,12.958710808677973,77.63230013811066,12.99362679705348,77.71324094954953,conditions Sunny,Jam ,0,bicycle,Snack,Metropolitan ,09:11,09:24,(min) 74
21,4,13.006975863704831,77.6230187206626,13.126825403188574,77.63774164034008,conditions Foggy,High ,2,electric_scooter,Meal,Urban ,09:50,10:07,(min) 85
41,4.7,12.964160629900546,77.55597064229697,12.972050966591475,77.64845810640045,conditions Foggy,Low ,1,scooter,Buffet,Metropolitan ,12:25,12:43,(min) 69
20,3.8,12.944184228105843,77.61577331625894,12.925074904237222,77.67689510136813,conditions Foggy,Jam ,2,motorcycle,Drinks,Metropolitan ,18:02,18:25,(min) 74
37,4.1,12.942686686048658,77.55958057812452,12.95466730775971,77.59301077729239,conditions Stormy,High ,0,electric_scooter,Snack,Metropolitan ,17:20,17:30,(min) 61
46,4.7,13.003206971994043,77.56854382124767,12.929445882589276,77.56553619462845,conditions Cloudy,NaN ,1,electric_scooter,Buffet,Metropolitan ,17:19,17:33,(min) 50
28,3.7,12.96662028092742,77.62659615104124,13.054630484253265,77.64039121439717,conditions Foggy,Jam ,1,electric_scooter,Snack,Urban ,14:49,15:04,(min) 92
50,4.6,12.93360286772102,77.55687877059951,12.977206614106914,77.54051610930314,conditions Foggy,Low ,2,bicycle,Buffet,Metropolitan ,14:36,14:51,(min) 50
22,4.7,13.00564396729544,77.60814787684977,12.98617021233829,77.59835334152628,conditions Windy,High ,2,electric_scooter,Meal,Metropolitan ,11:53,12:07,(min) 38
45,4.8,12.941906541770697,77.62992630665228,12.925880930280927,77.59720124833032,conditions Sandstorms,High ,1,motorcycle,Drinks,Metropolitan ,21:00,21:23,(min) 62
25,3.7,13.000283460559697,77.63067356574386,13.092807851739323,77.68395210403324,conditions Foggy,Medium ,1,bicycle,Meal,Metropolitan ,15:31,15:49,(min) 78
48,3.6,12.946985327078403,77.55504061498716,12.955386211072605,77.4923633165182,conditions Stormy,Medium ,2,scooter,Meal,Metropolitan ,17:41,17:57,(min) 63
36,4.1,12.980237049142271,77.55770897693039,12.937189419743229,77.44948631473979,conditions Windy,High ,2,electric_scooter,Meal,Metropolitan ,14:50,15:03,(min) 81
34,NaN ,12.983570299407841,77.59610727232918,12.989371434543584,77.69018838968316,conditions Stormy,Low ,0,bicycle,Drinks,Metropolitan ,14:20,14:36,(min) 76
33,NaN ,13.009334541893006,77.62182989259287,13.086958969214646,77.62617322159073,conditions Cloudy,Low ,1,scooter,Meal,Metropolitan ,14:56,15:11,(min) 55
28,4.4,12.974084395578505,77.59203574654684,12.939491320669541,77.65166838631265,conditions Windy,High ,0,electric_scooter,Drinks,Metropolitan ,15:15,15:33,(min) 66
27,4.3,12.984667312370986,77.60160975287705,12.871653881379588,77.63868855070118,conditions Foggy,Jam ,0,motorcycle,Meal,Urban ,14:25,14:48,(min) 103
21,4.1,12.963227031061798,77.55736357769966,13.016285953656656,77.46928196141697,conditions Sandstorms,Low ,1,scooter,Drinks,Metropolitan ,20:42,20:56,(min) 72
33,4.8,13.008212876728178,77.62212140676603,12.90990919885985,77.53183862906579,conditions Foggy,High ,0,electric_scooter,Drinks,Metropolitan ,10:50,11:14,(min) 86
45,3.8,12.996818039881438,77.59131908844262,13.014488787371379,77.62109625360826,conditions Cloudy,Jam ,1,scooter,Buffet,Metropolitan ,10:17,10:38,(min) 63
44,3.9,13.001859078107774,77.56547278077379,12.967667343177478,77.63038134392005,conditions Windy,Medium ,2,bicycle,Snack,Metropolitan ,15:58,16:10,(min) 59
41,4.1,12.965994287932665,77.56560655563176,12.908402226478835,77.53893556888528,conditions Sandstorms,Low ,2,bicycle,Meal,Metropolitan ,09:58,10:17,(min) 55
35,4.4,12.97498755503297,77.56352668975516,13.026735220251974,77.46763170392964,conditions Stormy,Jam ,2,scooter,Snack,Metropolitan ,08:40,08:54,(min) 88
20,3.7,12.942062769176811,77.59434946912378,13.000296599951632,77.58271296045739,conditions Sunny,Medium ,1,bicycle,Snack,Metropolitan ,17:46,17:57,(min) 54
49,3.8,12.961733737362922,77.61266945430116,13.001787228852782,77.54953055130835,conditions Stormy,High ,1,bicycle,Drinks,Metropolitan ,19:46,20:02,(min) 86
36,4.9,12.948860556463153,77.56123226619363,12.984187361143489,77.69040043437242,conditions Stormy,Low ,0,bicycle,Drinks,Metropolitan ,19:34,19:53,(min) 85
43,NaN ,12.933509151300788,77.56355438184961,13.038968755755592,77.62740374489209,conditions Sunny,Jam ,2,bicycle,Buffet,Metropolitan ,11:37,11:49,(min) 79
29,3.6,12.997136481440068,77.56525446583554,12.941070057115072,77.56630935574599,conditions Sunny,Low ,1,scooter,Snack,Metropolitan ,12:27,12:48,(min) 51
42,4.4,13.001460931094737,77.5598159030363,13.004003404817661,77.52047706747796,conditions Cloudy,Jam ,2,motorcycle,Buffet,Urban ,14:13,14:30,(min) 64
47,4.6,13.006663425917179,77.56251022919119,12.89482370387462,77.59959071594993,conditions Stormy,Jam ,2,motorcycle,Buffet,Metropolitan ,16:33,16:56,(min) 95
NaN ,4.6,12.98206335965395,77.57721342851445,12.875324636629015,77.48672840249046,conditions Stormy,High ,1,motorcycle,Buffet,Urban ,08:45,08:57,(min) 95
32,3.9,12.9336133179985,77.5916268888399,12.868687845242066,77.5899470028509,conditions Foggy,Medium ,1,scooter,Meal,Metropolitan ,14:41,14:59,(min) 68
38,4.6,12.997420230431855,77.6325450208135,12.979129975541264,77.59323433696741,conditions Cloudy,Jam ,0,scooter,Drinks,Urban ,20:27,20:43,(min) 66
37,5,12.938285709059238,77.62335726668164,12.845727276935332,77.54964667367942,conditions Foggy,High ,0,scooter,Buffet,Urban ,08:41,08:58,(min) 88
42,3.9,12.942697701303661,77.57474791393652,12.976210914677573,77.54734743890238,conditions Sunny,Medium ,2,scooter,Snack,Metropolitan ,14:46,15:07,(min) 53
27,4.4,12.999016276354343,77.5708841501087,13.009151589638297,77.51769859889998,conditions Windy,High ,2,electric_scooter,Buffet,Metropolitan ,19:30,19:42,(min) 57
37,NaN ,12.981194154655935,77.56376410533711,12.959582632945429,77.60140107639066,conditions Sandstorms,Jam ,1,scooter,Meal,Urban ,16:44,17:06,(min) 60
37,5,12.937928772958369,77.57429396542757,12.968707949976965,77.68734080344129,conditions Stormy,Low ,1,motorcycle,Meal,Metropolitan ,14:36,14:48,(min) 77
34,4.3,12.974538333936037,77.58378031753972,13.06284822099408,77.50282816261004,conditions Windy,NaN ,1,motorcycle,Meal,Metropolitan ,10:23,10:41,(min) 66
22,4,12.996474705933036,77.62337862194553,13.027855162735786,77.6340008287,conditions Stormy,High ,1,electric_scooter,Drinks,Urban ,11:36,11:51,(min) 56
30,4,12.991487422695757,77.60574809101448,13.08213547632251,77.61307342290233,conditions Cloudy,Medium ,1,electric_scooter,Buffet,Metropolitan ,15:26,15:45,(min) 66
40,4.9,12.969778186845035,77.55994366864711,12.871242048774366,77.58387793606023,conditions Foggy,Low ,0,bicycle,Drinks,Urban ,08:29,08:47,(min) 63
33,NaN ,12.941236081252248,77.63163183442354,12.88526113267145,77.55631240405569,conditions Stormy,Jam ,2,motorcycle,Buffet,Urban ,17:02,17:13,(min) 81
30,4.9,12.933274976721407,77.61411263612136,13.003981354780542,77.55711380485035,conditions Foggy,Medium ,1,electric_scooter,Snack,Metropolitan ,21:38,22:02,(min) 66
32,3.6,12.973133824633807,77.58293402533084,12.877741600226946,77.56320012200285,conditions Stormy,Jam ,1,bicycle,Snack,Metropolitan ,08:57,09:10,(min) 88
29,3.6,12.991754163502158,77.602488865266,12.968707334619046,77.68463922535183,conditions Stormy,Low ,2,motorcycle,Drinks,Urban ,20:57,21:17,(min) 73
45,3.6,12.996987884750963,77.58235053327903,12.92158534652983,77.68568065445238,conditions Windy,High ,0,electric_scooter,Snack,Metropolitan ,20:31,20:48,(min) 95
23,4.9,12.98369191603586,77.63002502898723,12.924271440946612,77.54154475895076,conditions Sandstorms,Jam ,0,motorcycle,Drinks,Urban ,09:34,09:51,(min) 86
27,NaN ,12.967090098986775,77.57050139895678,12.854074678972555,77.5307181432225,conditions Sandstorms,High ,0,bicycle,Drinks,Metropolitan ,18:11,18:30,(min) 84
50,4,12.998781357312948,77.58226677178442,13.055224875498098,77.66667328038179,conditions Foggy,Jam ,0,motorcycle,Drinks,Metropolitan ,18:11,18:33,(min) 93
42,4.5,12.982905882185698,77.5770305860512,12.97081900616198,77.62842359771801,conditions Foggy,Low ,0,motorcycle,Meal,Metropolitan ,21:03,21:21,(min) 59
31,3.8,12.939729496779293,77.5641119902119,12.93227236980674,77.44110308602498,conditions Sunny,High ,2,scooter,Snack,Metropolitan ,18:34,18:46,(min) 75
38,4.4,13.01150974817425,77.58706518151834,12.943245102122049,77.47611661951416,conditions Sunny,Low ,0,bicycle,Buffet,Metropolitan ,16:33,16:43,(min) 68
46,4.7,12.985675683895499,77.58122159249187,12.942694667007233,77.45051396484497,conditions Sunny,Medium ,0,scooter,Snack,Urban ,15:44,16:07,(min) 79
41,3.5,13.001707819046826,77.63098435449452,13.037241242550992,77.53119457534427,conditions Sunny,Jam ,1,electric_scooter,Snack,Metropolitan ,18:51,19:09,(min) 83
20,5,12.986775228454173,77.56062811949327,12.87459202885626,77.58351396150285,conditions Sandstorms,Medium ,0,electric_scooter,Meal,Metropolitan ,20:06,20:28,(min) 82
41,4.7,12.964824044386297,77.58596753961444,13.038588672150993,77.53204466444471,conditions Stormy,High ,2,bicycle,Drinks,Metropolitan ,17:32,17:52,(min) 73
21,4.4,13.00514685716331,77.59590519649014,13.032881927550399,77.48756308885743,conditions Windy,NaN ,1,scooter,Meal,Urban ,12:27,12:38,(min) 71
36,3.6,12.957656070309133,77.59391674633176,12.9676039597434,77.55994352184068,conditions Foggy,Low ,1,scooter,Buffet,Metropolitan ,18:58,19:13,(min) 43
24,3.7,12.96270555868596,77.63355718270913,12.987344315327046,77.70625497015081,conditions Sandstorms,Jam ,2,bicycle,Buffet,Metropolitan ,17:24,17:34,(min) 74
NaN ,4.5,12.94969866162017,77.56821875109374,13.002572711459198,77.55019678290222,conditions Foggy,Jam ,0,electric_scooter,Snack,Metropolitan ,14:44,14:56,(min) 73
35,3.6,12.976144428680092,77.6086341681242,13.038317597161832,77.58453767162375,conditions Foggy,Jam ,2,electric_scooter,Drinks,Metropolitan ,10:58,11:11,(min) 76
34,4.6,12.990489755681157,77.60406061586961,12.995759495592972,77.65301219815194,conditions Foggy,Medium ,2,electric_scooter,Buffet,Metropolitan ,10:51,11:10,(min) 47
24,3.8,13.010706950294226,77.62992393503934,13.118813203483864,77.57421601516971,conditions Windy,High ,0,motorcycle,Buffet,Urban ,20:42,20:55,(min) 94
22,3.8,12.955649730394036,77.59096956989765,12.953690793014346,77.4591494619569,conditions Stormy,Jam ,0,electric_scooter,Meal,Metropolitan ,22:16,22:33,(min) 108
41,NaN ,12.938094036391378,77.61940979537592,12.949846363153583,77.58179196991837,conditions Cloudy,Low ,2,electric_scooter,Buffet,Metropolitan ,15:15,15:35,(min) 36
25,4.3,13.003953400737048,77.61784727131054,13.110373888465206,77.70458372598264,conditions Foggy,High ,0,bicycle,Buffet,Metropolitan ,17:56,18:06,(min) 91
29,4.5,13.010628736855836,77.60170039611906,12.98835404994265,77.73402827850228,conditions Foggy,Low ,1,electric_scooter,Snack,Metropolitan ,10:32,10:49,(min) 69
40,3.9,12.957043391241134,77.614291085089,12.929070586535,77.51318366693539,conditions Foggy,Medium ,2,electric_scooter,Drinks,Urban ,22:30,22:52,(min) 75
26,3.7,12.951338889485598,77.60850645219013,12.904241228155257,77.7013888172459,conditions Cloudy,High ,2,electric_scooter,Drinks,Metropolitan ,20:43,21:03,(min) 78
44,4.7,13.00996461832747,77.59980696755498,12.995286105920686,77.54414876243685,conditions Sandstorms,Jam ,0,motorcycle,Snack,Metropolitan ,09:00,09:23,(min) 69
49,3.7,12.999613635315,77.56980813988521,13.001096603548941,77.49904347765276,conditions Windy,Medium ,2,scooter,Snack,Metropolitan ,12:23,12:33,(min) 62
45,4.2,12.976992236355693,77.60570539630055,13.083000654026337,77.63049909570455,conditions Stormy,Medium ,2,scooter,Buffet,Metropolitan ,20:51,21:11,(min) 81
37,4.5,12.979431704244018,77.60099221122488,12.981783759756198,77.55606720610301,conditions Sandstorms,Jam ,2,motorcycle,Snack,Metropolitan ,13:22,13:35,(min) 65
20,4,13.000369356291742,77.56626694823653,13.135659646478295,77.5912818257773,conditions Cloudy,Low ,0,electric_scooter,Snack,Metropolitan ,16:17,16:39,(min) 79
33,4,12.95500119611472,77.60944829032793,12.92757075712685,77.60262570016666,conditions Foggy,Jam ,1,electric_scooter,Buffet,Metropolitan ,13:57,14:14,(min) 64
40,NaN ,12.966309035176785,77.63026307388246,12.937975583093689,77.66797893223053,conditions Sandstorms,Medium ,1,motorcycle,Buffet,Metropolitan ,12:07,12:23,(min) 55
29,4.7,12.976312584409863,77.5880502646327,13.028611365963236,77.620543029828,conditions Cloudy,NaN ,2,bicycle,Meal,Urban ,15:23,15:36,(min) 45
39,4.5,12.954467643609643,77.57796477881297,12.944933729607806,77.64663796033912,conditions Stormy,Low ,2,scooter,Meal,Metropolitan ,21:59,22:11,(min) 59
50,4.1,12.956553332971781,77.58005029241592,12.90334080380607,77.49290303174396,conditions Windy,High ,1,electric_scooter,Buffet,Metropolitan ,19:01,19:25,(min) 85
28,4.2,12.972238340972364,77.58799246192947,13.017979428776973,77.45772362699175,conditions Foggy,NaN ,1,bicycle,Snack,Metropolitan ,19:57,20:14,(min) 80
20,4.3,12.998197727276386,77.55548016228751,12.942882848939377,77.63966073227247,conditions Windy,Medium ,1,motorcycle,Drinks,Metropolitan ,13:56,14:10,(min) 75
29,4.1,12.964651568213851,77.61506659693121,12.889081114107988,77.49734308085588,conditions Cloudy,Medium ,1,bicycle,Drinks,Metropolitan ,19:37,19:52,(min) 83
41,4.5,12.960511182805897,77.60004542154297,12.934149906915366,77.6617498885541,conditions Cloudy,NaN ,1,electric_scooter,Buffet,Metropolitan ,08:31,08:48,(min) 49
33,4,12.933908920621873,77.6295835592322,13.061624862283244,77.58195387446901,conditions Windy,Medium ,2,bicycle,Meal,Urban ,19:43,20:03,(min) 82
23,3.8,13.007432128934562,77.56790023998394,13.078687961626503,77.50488586622096,conditions Foggy,Medium ,0,motorcycle,Drinks,Metropolitan ,10:38,10:54,(min) 73
28,4,13.001143817359955,77.55607651545704,12.940179809155765,77.67800676849602,conditions Windy,Medium ,0,scooter,Drinks,Metropolitan ,12:00,12:18,(min) 85
49,NaN ,12.957503325080872,77.58566567559764,13.005982811335844,77.6062557701137,conditions Sunny,Medium ,2,motorcycle,Drinks,Metropolitan ,20:29,20:39,(min) 50
47,4.3,12.986987523248793,77.57062113282308,12.993364745067941,77.54509051333474,conditions Stormy,Low ,2,motorcycle,Meal,Metropolitan ,08:45,09:01,(min) 45
31,4.6,12.964396344887465,77.5894592459038,12.928408587150507,77.60887877899128,conditions Cloudy,Low ,0,scooter,Snack,Metropolitan ,15:08,15:29,(min) 37
23,3.6,12.984794138370455,77.5866565182902,12.924365608536839,77.61492640658706,conditions Cloudy,Jam ,2,bicycle,Snack,Metropolitan ,21:33,21:51,(min) 75
40,4.4,12.988634991849214,77.58329325049222,12.96576976332878,77.59724220957402,conditions Sunny,Medium ,2,scooter,Meal,Metropolitan ,11:36,11:48,(min) 32
41,4.6,12.989352545028925,77.56849970911667,12.973352343881112,77.55393395697995,conditions Windy,Low ,2,electric_scooter,Drinks,Urban ,10:09,10:24,(min) 31
23,4.3,12.973145308195056,77.57760881097093,12.874582988685999,77.52144795071642,conditions Windy,High ,2,motorcycle,Snack,Metropolitan ,19:30,19:44,(min) 83
34,4.3,12.932280556166917,77.57623917548955,12.97877821215198,77.62329794660494,conditions Sunny,Medium ,1,motorcycle,Snack,Metropolitan ,17:32,17:54,(min) 52
29,4.1,12.98396535921693,77.58303599570915,12.925864851234214,77.70401812201818,conditions Foggy,Low ,0,electric_scooter,Buffet,Metropolitan ,11:56,12:15,(min) 80
21,4.1,12.982742576839776,77.59119966405481,13.048153322051332,77.64583072939806,conditions Windy,Medium ,1,motorcycle,Meal,Metropolitan ,15:35,15:49,(min) 60
40,4.3,12.985673013104499,77.61562320300415,12.916332869281126,77.72571500699347,conditions Cloudy,Low ,1,bicycle,Snack,Metropolitan ,10:23,10:38,(min) 72
36,3.5,12.976089054922015,77.59762950397133,12.914182209832411,77.67042045367255,conditions Cloudy,Jam ,1,scooter,Buffet,Metropolitan ,12:08,12:19,(min) 91
31,4.2,12.98342491324842,77.59721026373133,12.942144170602514,77.5469789719662,conditions Windy,High ,0,bicycle,Snack,Metropolitan ,18:35,18:48,(min) 60
NaN ,4.9,12.94242020489499,77.5950382706061,13.052498670137659,77.67558956412388,conditions Foggy,High ,2,bicycle,Meal,Metropolitan ,15:26,15:43,(min) 82
30,4.9,12.960038382800668,77.57261672052591,13.001253703843643,77.6037230042067,conditions Cloudy,High ,1,electric_scooter,Snack,Metropolitan ,14:33,14:55,(min) 62
48,4.5,12.96368622712642,77.5806930413194,12.921076476033882,77.64806462032378,conditions Sandstorms,Medium ,0,motorcycle,Drinks,Urban ,15:21,15:44,(min) 69
45,3.8,12.967387294209004,77.61937867929265,12.960448529434256,77.65369428352982,conditions Stormy,High ,2,electric_scooter,Drinks,Urban ,14:47,14:59,(min) 67
24,4.2,12.980976046173275,77.55674200759306,13.049163757309795,77.57531710813531,conditions Sunny,Low ,0,electric_scooter,Drinks,Metropolitan ,17:46,18:00,(min) 47
29,4.7,12.932788991684466,77.55986902459561,12.91920770249626,77.5275007008651,conditions Foggy,High ,0,electric_scooter,Buffet,Urban ,15:16,15:29,(min) 57
47,3.6,13.00639702917859,77.57847892965228,13.008677349328446,77.6791159492661,conditions Sandstorms,Low ,1,electric_scooter,Buffet,Urban ,10:46,11:04,(min) 69
20,4.9,12.940111666301638,77.614836171633,12.932557107811657,77.6508905719926,conditions Stormy,Medium ,2,electric_scooter,Snack,Metropolitan ,11:56,12:15,(min) 51
39,4.2,12.977909775337578,77.59227921796068,13.046561696924401,77.5936295116098,conditions Cloudy,Low ,0,electric_scooter,Meal,Metropolitan ,20:48,21:04,(min) 62
48,4.1,12.992553379552811,77.59758558119684,13.040199399610508,77.59439739897002,conditions Windy,High ,1,electric_scooter,Snack,Semi-Urban ,18:04,18:22,(min) 56
36,4.4,13.010780946592241,77.59861188865304,13.038165321186874,77.5419857491505,conditions Windy,Medium ,0,electric_scooter,Meal,Metropolitan ,15:58,16:11,(min) 52
34,4.3,12.967350489458441,77.55695125055537,12.878583536828597,77.61604182515678,conditions Sandstorms,Low ,1,scooter,Drinks,Metropolitan ,09:49,09:59,(min) 68
48,NaN ,12.994925855415316,77.60297061408907,12.981431144859217,77.62447557799356,conditions Windy,High ,0,motorcycle,Meal,Metropolitan ,12:47,13:11,(min) 58
47,4.8,12.956667339595407,77.58692548307627,12.980592527782942,77.53150124756081,conditions Windy,High ,0,bicycle,Buffet,Urban ,17:02,17:22,(min) 61
45,3.6,13.001677306646855,77.56233179195821,12.992275194217514,77.53694327755053,conditions Cloudy,Low ,0,electric_scooter,Drinks,Metropolitan ,13:24,13:47,(min) 50
43,4.6,13.003321003353596,77.6165925817661,12.933181366261406,77.62211278361387,conditions Sandstorms,High ,0,motorcycle,Drinks,Metropolitan ,19:25,19:37,(min) 77
37,4.2,12.988554833921045,77.59841786536425,12.929180129420542,77.57714681709506,conditions Windy,Medium ,2,bicycle,Snack,Urban ,15:39,16:00,(min) 48
35,4.7,12.984850649590046,77.57099430783688,13.079302359994395,77.59977414457016,conditions Windy,Low ,1,motorcycle,Meal,Metropolitan ,15:05,15:27,(min) 54
31,4.6,12.96441029611826,77.61163168360517,13.050525273861817,77.59324658652137,conditions Foggy,Medium ,1,motorcycle,Meal,Metropolitan ,22:17,22:37,(min) 60
22,4.8,12.972190680297464,77.61560757431239,12.981344105759971,77.56483690071906,conditions Sunny,Medium ,2,bicycle,Drinks,Metropolitan ,17:00,17:15,(min) 43
49,4.6,12.9480282085374,77.61730115317776,13.015404671481727,77.69196668023443,conditions Sandstorms,Low ,0,bicycle,Meal,Semi-Urban ,18:45,19:06,(min) 65
28,4.5,13.00312318507433,77.62312128593251,12.87066385570681,77.62915543789273,conditions Foggy,High ,2,electric_scooter,Buffet,Metropolitan ,14:11,14:30,(min) 86
23,3.7,13.003903003724664,77.57076023492068,12.99987087109881,77.59363793397294,conditions Cloudy,High ,0,bicycle,Buffet,Metropolitan ,22:10,22:26,(min) 49
43,3.5,12.960213511510194,77.55873194241002,12.8555124866161,77.63302261092674,conditions Sandstorms,Low ,0,motorcycle,Drinks,Metropolitan ,21:03,21:16,(min) 91
36,3.9,12.978257721791417,77.55785029522181,13.039272186198398,77.5703923385257,conditions Sandstorms,Low ,1,electric_scooter,Drinks,Metropolitan ,17:02,17:22,(min) 53
47,4.1,12.98401024889052,77.58301992920265,12.895244123848817,77.67459921668217,conditions Cloudy,Low ,1,electric_scooter,Snack,Metropolitan ,11:22,11:36,(min) 70
23,4.3,12.972201010750979,77.61090571145564,13.016927948188615,77.64500030910524,conditions Foggy,Jam ,1,motorcycle,Snack,Metropolitan ,09:31,09:55,(min) 72
34,4.1,12.95879878282398,77.587465522895,12.980702346567153,77.57157370391461,conditions Sandstorms,Low ,0,electric_scooter,Meal,Urban ,14:51,15:08,(min) 49
41,3.6,12.949863965025544,77.59986958173141,12.969583651333979,77.59447861183271,conditions Foggy,Medium ,2,scooter,Snack,Metropolitan ,16:04,16:28,(min) 43
25,4.9,12.931756599711628,77.59762043337375,12.978025790732758,77.64413509170787,conditions Foggy,High ,1,scooter,Meal,Urban ,15:04,15:15,(min) 59
50,4.8,12.942756148705632,77.58190967909097,12.95078663623046,77.45884570198915,conditions Sandstorms,High ,0,electric_scooter,Meal,Metropolitan ,11:14,11:34,(min) 85
30,4.1,12.983580535164476,77.59378008631096,12.983496938481926,77.61700411789089,conditions Sunny,High ,2,bicycle,Drinks,Metropolitan ,09:33,09:57,(min) 39
36,4.2,12.970702142285557,77.58687330226451,12.882556563182087,77.62274776911562,conditions Sandstorms,Jam ,1,bicycle,Meal,Metropolitan ,20:42,20:54,(min) 88
45,4.3,12.939698967932165,77.62808272422329,12.942726326799155,77.50039221520643,conditions Sunny,Medium ,2,bicycle,Snack,Metropolitan ,14:55,15:16,(min) 79
42,4,13.00967093994692,77.5648005843073,12.977119773660363,77.4408566141722,conditions Cloudy,Low ,2,motorcycle,Buffet,Metropolitan ,13:47,14:05,(min) 80
27,4.1,12.966062787359954,77.58461576347277,13.002751110576165,77.63744115519613,conditions Sunny,Jam ,2,bicycle,Meal,Urban ,18:27,18:41,(min) 61
40,4.6,13.000350323913992,77.56639837444797,13.06036395683442,77.63379658017591,conditions Stormy,Jam ,2,motorcycle,Meal,Semi-Urban ,19:20,19:39,(min) 86
44,4.3,12.941164737454057,77.59809615162239,12.961334227666784,77.53682095732721,conditions Foggy,Low ,0,bicycle,Snack,Metropolitan ,18:04,18:20,(min) 56
39,3.7,12.957075588273257,77.607055980964,12.965689378160578,77.57668388536365,conditions Stormy,Low ,0,electric_scooter,Meal,Metropolitan ,17:08,17:32,(min) 53
50,3.9,12.987490022180975,77.5926562243797,12.967776332724297,77.60350600524306,conditions Windy,High ,1,bicycle,Meal,Urban ,09:01,09:21,(min) 54
33,4.4,12.958313619604708,77.62115796235427,12.903628012715851,77.69396940163818,conditions Foggy,Medium ,2,electric_scooter,Buffet,Metropolitan ,10:19,10:41,(min) 68
36,4.8,12.94965974168703,77.58501704077274,12.922860545601829,77.55297088063715,conditions Cloudy,Medium ,1,electric_scooter,Buffet,Metropolitan ,17:28,17:47,(min) 40
29,4.6,12.995883687733114,77.61880939901843,12.99573323620965,77.66201804749794,conditions Sunny,Low ,1,scooter,Buffet,Metropolitan ,18:36,18:48,(min) 30
50,3.9,12.935414685512335,77.61288785575927,12.923138900956207,77.54820511430873,conditions Sunny,Jam ,0,scooter,Meal,Metropolitan ,09:49,10:11,(min) 75
21,3.8,13.0011123963058,77.57494634871408,13.093526790237435,77.63573071654692,conditions Sandstorms,High ,0,motorcycle,Meal,Urban ,21:24,21:37,(min) 91
22,3.6,12.98029694557041,77.57681102336421,13.04107428630881,77.58284517946784,conditions Cloudy,Low ,2,bicycle,Snack,Metropolitan ,14:17,14:32,(min) 57
48,4.8,13.001804161573203,77.59552807091772,12.931349374044153,77.59958026092183,conditions Sandstorms,High ,0,scooter,Meal,Metropolitan ,14:34,14:47,(min) 77
NaN ,4.8,12.967906072920561,77.61951353435443,13.026072125675794,77.72544671453824,conditions Sandstorms,High ,0,motorcycle,Meal,Metropolitan ,10:51,11:03,(min) 80
33,3.9,13.008143213650584,77.58618717652783,13.059966183115275,77.48427582422464,conditions Sandstorms,Medium ,1,electric_scooter,Buffet,Metropolitan ,19:10,19:22,(min) 81
40,4.2,13.00876824291274,77.56301976556927,13.056161617558672,77.66591828798957,conditions Foggy,Low ,2,scooter,Snack,Metropolitan ,12:43,13:07,(min) 77
23,3.8,13.002705451397599,77.57497302428857,12.93180981142714,77.61631977702186,conditions Stormy,High ,0,scooter,Meal,Metropolitan ,09:43,10:02,(min) 84
20,4.5,12.936816216761619,77.6166905714482,12.891501929556483,77.74327757975355,conditions Foggy,Medium ,1,motorcycle,Drinks,Metropolitan ,10:30,10:41,(min) 79
27,4.9,13.004909783339501,77.62059861977622,12.90378423816427,77.69286635814991,conditions Foggy,High ,0,electric_scooter,Meal,Semi-Urban ,22:56,23:12,(min) 89
21,4.8,12.960887057928742,77.57358427540436,12.930702644780592,77.54873654609901,conditions Sandstorms,Medium ,1,scooter,Buffet,Metropolitan ,12:48,13:08,(min) 54
26,3.6,13.001584484631568,77.61776679887474,12.905001121888946,77.54771645407256,conditions Cloudy,Medium ,2,motorcycle,Snack,Metropolitan ,08:53,09:07,(min) 78
38,4.8,12.98911713335514,77.55988340337798,13.063328903573803,77.51089053033962,conditions Sandstorms,Jam ,0,electric_scooter,Buffet,Metropolitan ,15:22,15:39,(min) 81
20,4.2,12.997232165428251,77.63364489737005,13.038835863572803,77.63412369330531,conditions Stormy,Low ,1,motorcycle,Snack,Metropolitan ,15:33,15:48,(min) 51
40,5,12.952164893968403,77.63361819439605,12.859209876603556,77.57043122835262,conditions Cloudy,Jam ,0,scooter,Drinks,Metropolitan ,17:05,17:27,(min) 88
36,4,13.009332638213785,77.57310823581219,12.937547745616566,77.61532918625225,conditions Sunny,Jam ,0,scooter,Snack,Metropolitan ,20:43,21:07,(min) 78
27,3.9,12.955989824345709,77.60585447725877,12.883799973217592,77.68304184900161,conditions Sandstorms,Low ,0,motorcycle,Snack,Metropolitan ,20:23,20:43,(min) 76
22,4.4,13.0040517150037,77.58440197001248,12.95475942618677,77.60872465063548,conditions Sandstorms,High ,0,bicycle,Drinks,Urban ,18:05,18:21,(min) 67
47,4.5,12.987363330552727,77.59127371571064,13.024256025563153,77.6191879746859,conditions Cloudy,Jam ,2,motorcycle,Drinks,Metropolitan ,09:48,10:02,(min) 55
46,4.6,12.939580433180929,77.60402592239008,12.861471427955912,77.56810337445324,conditions Sandstorms,Medium ,1,scooter,Snack,Urban ,18:51,19:10,(min) 62
24,4.5,12.999837349279225,77.6272944396086,13.105703673722529,77.5933962123271,conditions Foggy,High ,2,motorcycle,Meal,Metropolitan ,08:57,09:09,(min) 79
28,4.6,12.990074503848701,77.6070041980505,13.12443921931446,77.59996996715114,conditions Windy,Jam ,1,electric_scooter,Buffet,Urban ,09:14,09:24,(min) 93
43,4.6,12.973074625822157,77.60503206315488,12.895235161062352,77.55092552172151,conditions Sunny,NaN ,2,electric_scooter,Buffet,Metropolitan ,15:42,15:58,(min) 50
23,4.4,12.996058248149604,77.61898665676863,12.925389436292152,77.5401123576474,conditions Cloudy,Medium ,1,bicycle,Buffet,Metropolitan ,13:12,13:34,(min) 77
22,3.7,12.944874480067194,77.5974192831017,13.004920680385396,77.63695374773509,conditions Cloudy,Jam ,1,scooter,Buffet,Semi-Urban ,10:20,10:43,(min) 75
35,3.8,12.950486931613089,77.58332871255502,12.949139914017218,77.63836992817767,conditions Stormy,Low ,2,motorcycle,Drinks,Metropolitan ,11:00,11:24,(min) 52
24,4.6,12.983167929517478,77.60136551748067,12.943185208941143,77.58220917097928,conditions Stormy,Jam ,0,bicycle,Buffet,Metropolitan ,21:55,22:06,(min) 78
36,NaN ,12.94094400316328,77.62035079331174,12.940951150883645,77.54343724072633,conditions Cloudy,High ,1,bicycle,Snack,Metropolitan ,21:39,21:54,(min) 63
33,4.1,12.989533313287795,77.58178580411747,13.024309428007951,77.53458531773391,conditions Windy,Medium ,2,electric_scooter,Snack,Metropolitan ,08:52,09:06,(min) 52
33,NaN ,13.007367212752253,77.59329188144802,12.968712236240183,77.51613264069779,conditions Cloudy,Jam ,0,bicycle,Buffet,Urban ,15:12,15:25,(min) 77
46,4.1,12.968672566375137,77.62703101170287,13.08694499526868,77.57333871016995,conditions Foggy,High ,1,electric_scooter,Drinks,Urban ,17:50,18:01,(min) 92
48,4.8,13.008693523181975,77.59015991457775,13.055114868745214,77.47331556709563,conditions Sandstorms,Low ,1,bicycle,Snack,Metropolitan ,14:35,14:48,(min) 80
44,4.1,12.996952966431529,77.6199348775208,13.068102667437605,77.62180368178964,conditions Windy,Medium ,0,bicycle,Snack,Metropolitan ,19:05,19:29,(min) 68
44,4.2,12.967726165017487,77.59831116807685,12.907560640111521,77.47919258642625,conditions Windy,Jam ,2,motorcycle,Meal,Metropolitan ,11:43,12:01,(min) 93
43,4.4,12.965450649874658,77.62646805192381,12.93283518783689,77.54891480485715,conditions Windy,High ,1,motorcycle,Meal,Metropolitan ,19:04,19:14,(min) 77
30,4.8,12.987395025937259,77.62903365419284,13.078239226909549,77.61698530397219,conditions Sandstorms,Low ,0,motorcycle,Snack,Urban ,11:33,11:46,(min) 63
28,4.9,12.990843789538742,77.6222674108766,12.988096871120991,77.59861852805685,conditions Windy,Medium ,1,bicycle,Meal,Metropolitan ,15:49,16:12,(min) 39
39,4.2,12.96959024609849,77.6078725245133,13.02238095886955,77.63026094955548,conditions Windy,Low ,0,electric_scooter,Buffet,Metropolitan ,16:25,16:44,(min) 50
25,4,12.968167040793599,77.60706240103617,13.085472893364905,77.67623228503535,conditions Windy,NaN ,1,bicycle,Meal,Metropolitan ,16:19,16:31,(min) 74
20,3.6,12.959089240951837,77.62228079282715,13.017845765188833,77.64630118201201,conditions Stormy,Medium ,0,bicycle,Buffet,Metropolitan ,21:55,22:07,(min) 70
NaN ,4.1,12.967396810779722,77.61994855216741,13.015869514534302,77.51553816300061,conditions Stormy,High ,2,electric_scooter,Drinks,Urban ,17:12,17:26,(min) 87
24,4.9,12.955321371665597,77.58965711561069,12.901665122260683,77.59692265013142,conditions Cloudy,High ,1,motorcycle,Buffet,Metropolitan ,22:57,23:14,(min) 53
20,4.5,12.994762526916713,77.57860147873909,12.988078089766887,77.55425784203585,conditions Foggy,High ,1,electric_scooter,Buffet,Metropolitan ,09:59,10:13,(min) 46
43,4.2,13.008179263471067,77.59201461554542,13.028976233591258,77.53332029318487,conditions Sandstorms,High ,1,motorcycle,Buffet,Metropolitan ,13:32,13:50,(min) 69
NaN ,4.6,12.981617653275281,77.6078034752518,13.05806854494533,77.54674750610131,conditions Sandstorms,Medium ,1,bicycle,Meal,Metropolitan ,22:55,23:07,(min) 63
28,4.5,12.960790077725798,77.5876119715631,12.944710497028634,77.56311140188744,conditions Stormy,High ,2,motorcycle,Drinks,Metropolitan ,08:13,08:26,(min) 53
26,4.3,12.991420567294956,77.60326207322106,13.04763086258169,77.5095337204111,conditions Sandstorms,Low ,1,motorcycle,Snack,Metropolitan ,13:27,13:42,(min) 71
40,4.1,12.956743703799695,77.57705262477548,12.922973649152212,77.47567774825,conditions Cloudy,Medium ,2,electric_scooter,Buffet,Metropolitan ,19:39,20:00,(min) 70
38,4,12.981596127299964,77.61727941111698,12.891629864379096,77.68915113251931,conditions Cloudy,High ,0,bicycle,Drinks,Urban ,17:51,18:01,(min) 80
35,4.3,12.945347899457813,77.61583045286163,12.943157608005823,77.65273595993636,conditions Windy,High ,0,electric_scooter,Drinks,Semi-Urban ,14:32,14:47,(min) 62
30,4.9,12.931996175123752,77.57688329973296,13.015625274883998,77.57803038871653,conditions Sunny,High ,2,bicycle,Meal,Metropolitan ,21:57,22:18,(min) 68
28,4.2,12.950017584840209,77.6238915855348,12.961248771185913,77.5675676165038,conditions Stormy,Jam ,2,bicycle,Drinks,Metropolitan ,14:46,15:06,(min) 79
43,5,12.970702538749576,77.60679757517799,12.992820455587752,77.58121515491676,conditions Windy,Jam ,1,electric_scooter,Meal,Metropolitan ,10:43,11:07,(min) 60
48,4,13.00261612744853,77.61302670056969,12.96640900701521,77.57637113022325,conditions Sunny,High ,1,bicycle,Buffet,Metropolitan ,10:25,10:48,(min) 56
47,4.9,12.988754018096627,77.62545772389547,12.917106819503442,77.66670337225183,conditions Stormy,High ,2,motorcycle,Snack,Metropolitan ,10:19,10:43,(min) 72
44,NaN ,12.940458675081283,77.61962511017025,12.871204449626292,77.71094059580452,conditions Cloudy,High ,1,bicycle,Buffet,Semi-Urban ,21:52,22:13,(min) 81
41,5,12.968575818872452,77.62839410563036,12.978533871512345,77.60534425489358,conditions Stormy,Jam ,2,electric_scooter,Drinks,Urban ,14:04,14:19,(min) 66
36,NaN ,12.947841844110192,77.56905295328275,12.964513417077542,77.60933000306416,conditions Foggy,High ,2,scooter,Snack,Metropolitan ,09:35,09:55,(min) 54
27,4.2,13.009008494837582,77.62835496419147,12.87778671798966,77.64890994982264,conditions Foggy,Jam ,2,electric_scooter,Snack,Urban ,19:11,19:30,(min) 98
39,3.6,13.00557781610489,77.57783742805049,12.974029314672736,77.62665357988165,conditions Cloudy,Low ,1,bicycle,Meal,Metropolitan ,08:54,09:18,(min) 50
35,4.1,13.002921814414114,77.55662309053392,12.915336535436778,77.62430461958832,conditions Sandstorms,Low ,1,electric_scooter,Buffet,Metropolitan ,10:20,10:39,(min) 67
27,4.6,12.936337764485181,77.62091513269618,12.985825664446928,77.69983625722718,conditions Cloudy,Jam ,2,motorcycle,Drinks,Urban ,21:13,21:23,(min) 82
37,3.8,12.942918253278732,77.5690242197089,13.030730425965716,77.55772374161883,conditions Foggy,Jam ,2,motorcycle,Drinks,Metropolitan ,21:52,22:09,(min) 87
25,4.9,12.968553739281743,77.59636338236778,13.014187535104378,77.53968374377382,conditions Foggy,Low ,0,electric_scooter,Meal,Metropolitan ,18:05,18:19,(min) 53
38,4.1,12.943841899855435,77.56184230559543,12.982448315831045,77.63605740362223,conditions Sandstorms,Jam ,1,bicycle,Drinks,Metropolitan ,15:01,15:19,(min) 81
27,NaN ,12.960165134499222,77.59398775539398,12.843181154284395,77.53435237214093,conditions Sunny,Medium ,1,bicycle,Meal,Metropolitan ,11:25,11:46,(min) 68
28,4,12.986709522212298,77.6309458610326,13.06692144896059,77.67857869031884,conditions Sunny,Medium ,2,electric_scooter,Drinks,Urban ,12:49,13:11,(min) 61
24,4.9,12.958085357414932,77.59303652594835,12.938395888054432,77.61014963821722,conditions Cloudy,Low ,0,electric_scooter,Buffet,Metropolitan ,11:11,11:34,(min) 33
40,3.6,12.99170103877634,77.57505462200417,12.967342903862694,77.51468743686728,conditions Foggy,High ,2,electric_scooter,Drinks,Semi-Urban ,12:25,12:40,(min) 71
40,3.7,13.00654699843228,77.60605092641934,13.072059196763323,77.48999311543986,conditions Sunny,Low ,1,bicycle,Buffet,Metropolitan ,12:46,13:00,(min) 74
22,4.1,12.987443116175383,77.59643726776392,13.001015386246332,77.69882737870874,conditions Stormy,Low ,2,scooter,Drinks,Metropolitan ,20:42,20:59,(min) 71
20,4.3,12.945367150007188,77.57885115296617,12.873728295546568,77.54758833965161,conditions Windy,High ,2,electric_scooter,Snack,Metropolitan ,15:33,15:56,(min) 63
23,4.4,12.995023294890672,77.63341333358586,12.899955529120213,77.62337954238592,conditions Sandstorms,Low ,2,scooter,Buffet,Metropolitan ,10:45,11:09,(min) 63
28,3.8,12.984631491190196,77.57635879729912,12.923822852325108,77.66214256146186,conditions Sunny,Medium ,2,electric_scooter,Meal,Metropolitan ,19:32,19:45,(min) 68
37,3.8,12.999266214611382,77.5993614472732,12.931387646769425,77.53960046541381,conditions Sunny,Jam ,1,motorcycle,Drinks,Metropolitan ,20:09,20:24,(min) 82
48,4.7,12.95523326434046,77.57281174250916,12.860400371338462,77.66120673624896,conditions Stormy,High ,2,bicycle,Meal,Urban ,14:10,14:20,(min) 97
50,4.3,12.987661358600855,77.58641052578614,13.034949989281973,77.61345485282838,conditions Stormy,High ,1,bicycle,Snack,Metropolitan ,19:41,19:52,(min) 75
44,NaN ,12.999027358534187,77.61744955557435,13.000330088691408,77.67194601423982,conditions Windy,High ,1,motorcycle,Meal,Metropolitan ,12:44,12:58,(min) 65
37,5,12.999337061660738,77.60604627574831,12.975397145150597,77.62211488615465,conditions Windy,Low ,2,electric_scooter,Buffet,Urban ,19:49,20:04,(min) 38
28,5,12.950287664512546,77.57825818157792,12.97749408214408,77.5412442415043,conditions Sandstorms,High ,0,bicycle,Drinks,Metropolitan ,19:23,19:46,(min) 63
30,4.2,12.933003042301536,77.61247240138277,12.93487265456418,77.58113155002793,conditions Stormy,Medium ,0,electric_scooter,Snack,Urban ,10:17,10:30,(min) 55
36,4.8,12.934715793503822,77.56966738530473,13.012523378541893,77.53723738123412,conditions Sandstorms,Jam ,0,electric_scooter,Buffet,Metropolitan ,08:38,08:53,(min) 78
31,4.2,12.939108189920336,77.6233125851214,12.86493276410209,77.59836773878084,conditions Stormy,Low ,0,electric_scooter,Snack,Urban ,11:07,11:28,(min) 67
36,4.6,12.994429468157144,77.59396970528215,13.059860667574569,77.54447603239478,conditions Windy,Low ,1,bicycle,Buffet,Urban ,09:18,09:32,(min) 52
40,4.3,12.995140830481798,77.59434315173924,12.993735087061811,77.64658012777079,conditions Foggy,Low ,1,scooter,Snack,Urban ,15:13,15:34,(min) 48
47,4,12.954163245426864,77.61957958768159,12.998295082978894,77.75133531525778,conditions Sunny,Medium ,0,motorcycle,Snack,Metropolitan ,14:34,14:49,(min) 90
21,4.6,13.008932996688783,77.5597988346316,12.947626851443436,77.44238168135786,conditions Sunny,Low ,0,bicycle,Drinks,Urban ,21:35,21:50,(min) 75
40,4.9,12.956144850662351,77.57103418705091,12.919626324542717,77.53244373405983,conditions Cloudy,Jam ,0,motorcycle,Buffet,Metropolitan ,12:40,12:56,(min) 69
22,3.6,12.936540413367004,77.5750451488331,12.867905770712728,77.59014154773467,conditions Foggy,Jam ,0,electric_scooter,Meal,Urban ,20:31,20:52,(min) 87
34,4.9,12.93805325133577,77.57166511020661,13.064613379450977,77.55716328912881,conditions Foggy,High ,1,scooter,Buffet,Metropolitan ,17:49,18:09,(min) 86
35,4.3,12.956055497339369,77.56019424912557,13.066510882624534,77.49725375739216,conditions Cloudy,Low ,0,electric_scooter,Snack,Metropolitan ,17:07,17:19,(min) 75
44,4.2,13.000944253670424,77.61732620070725,13.034714250166395,77.623967598966,conditions Stormy,NaN ,0,motorcycle,Buffet,Urban ,22:07,22:28,(min) 53
24,4.2,12.973094137607516,77.60288658649698,12.859480723511746,77.63067348753107,conditions Sunny,Jam ,1,bicycle,Buffet,Metropolitan ,13:17,13:39,(min) 89
37,4.3,12.99918116113022,77.62571571677029,13.074881210367868,77.71912604750212,conditions Stormy,Medium ,1,electric_scooter,Snack,Metropolitan ,13:28,13:49,(min) 86
31,3.6,12.992918504959345,77.59795289133713,13.040333962039044,77.67483221334489,conditions Stormy,Jam ,1,electric_scooter,Snack,Metropolitan ,16:45,17:00,(min) 91
30,4.4,12.975940474512429,77.56182323711961,12.998830763354263,77.56953017900574,conditions Stormy,High ,1,motorcycle,Drinks,Urban ,20:05,20:23,(min) 63
33,4.5,12.957411686385424,77.61076613395512,13.001121368755678,77.50848647511813,conditions Windy,Low ,0,electric_scooter,Meal,Metropolitan ,19:08,19:18,(min) 74
44,4.7,12.938620186334848,77.56914445136711,12.91272418964894,77.50988761886111,conditions Cloudy,High ,0,electric_scooter,Drinks,Metropolitan ,18:37,18:57,(min) 60
33,NaN ,12.990879535915703,77.60300552266688,13.020977153089591,77.70860202330135,conditions Sandstorms,Low ,1,bicycle,Meal,Metropolitan ,08:42,08:57,(min) 63
38,3.8,13.005990779417008,77.60559453333765,12.969199641097262,77.71203196503446,conditions Cloudy,High ,2,scooter,Drinks,Metropolitan ,11:52,12:16,(min) 81
50,NaN ,12.972862020580472,77.55829214558973,13.015543457657063,77.59848560845585,conditions Sunny,Low ,2,scooter,Snack,Metropolitan ,22:01,22:20,(min) 40
43,4.6,12.959843648000062,77.59167274021581,12.930956104206171,77.45795434048101,conditions Foggy,Low ,2,bicycle,Drinks,Urban ,16:27,16:37,(min) 78
34,5,12.959971078073979,77.62221652676389,13.040254483130912,77.64521290661266,conditions Sandstorms,Low ,2,bicycle,Meal,Metropolitan ,21:50,22:10,(min) 60
32,4.6,12.943345629962534,77.58819882425517,12.855260857542584,77.66295322687301,conditions Cloudy,Jam ,2,motorcycle,Drinks,Metropolitan ,11:43,12:05,(min) 81
22,4.9,12.970624226851761,77.57468586587385,12.996848831960222,77.5770331574251,conditions Sunny,Jam ,0,scooter,Snack,Urban ,13:03,13:13,(min) 59
NaN ,4.9,12.936609382069111,77.57517402459905,12.865600500886323,77.49721414118426,conditions Stormy,Jam ,2,electric_scooter,Snack,Metropolitan ,12:05,12:25,(min) 96
44,4.4,12.980615393629671,77.56156686452255,13.013560079464096,77.53056740689735,conditions Sandstorms,Low ,0,electric_scooter,Meal,Urban ,22:22,22:36,(min) 50
38,4.8,13.001052327676119,77.5892105271764,13.045630864559069,77.69792695941645,conditions Cloudy,Low ,2,scooter,Snack,Metropolitan ,14:23,14:35,(min) 68
27,4.8,13.004172440896184,77.57566815725565,13.11973343854536,77.53395739536302,conditions Cloudy,Jam ,2,bicycle,Meal,Metropolitan ,16:10,16:20,(min) 88
50,4.2,12.974158623924852,77.62697395113334,13.044257464406394,77.58385624616402,conditions Windy,Low ,0,motorcycle,Snack,Metropolitan ,13:58,14:19,(min) 64
41,4.2,12.945160808133334,77.55764357547314,13.079479495336422,77.57780837374122,conditions Foggy,Medium ,1,scooter,Buffet,Metropolitan ,10:43,11:00,(min) 83
40,3.9,12.99103518962711,77.57249950469509,12.980772844482381,77.59925187559321,conditions Windy,Jam ,0,scooter,Meal,Urban ,08:10,08:33,(min) 59
20,4.3,12.99783033322394,77.61889501479492,12.94484422713021,77.59249768544508,conditions Windy,High ,2,electric_scooter,Buffet,Metropolitan ,08:52,09:15,(min) 55
44,4.5,13.008860073851794,77.6179135952428,13.006155222083637,77.59369505042245,conditions Foggy,Low ,1,electric_scooter,Meal,Metropolitan ,08:31,08:54,(min) 38
31,3.9,12.988407737015189,77.63194064320102,13.013583947679797,77.58276274407585,conditions Sunny,High ,2,motorcycle,Snack,Metropolitan ,18:48,18:59,(min) 51
25,NaN ,12.980697380805761,77.63127114652693,12.993412439993419,77.58423356538682,conditions Cloudy,Medium ,0,bicycle,Snack,Metropolitan ,20:29,20:49,(min) 51
44,3.9,13.000700598637016,77.56743171460032,13.010404576283557,77.54273818289167,conditions Sunny,NaN ,0,scooter,Snack,Urban ,22:19,22:37,(min) 42
24,4,12.998278875014186,77.58791842562184,12.87736942748131,77.63160683457826,conditions Sunny,Jam ,1,electric_scooter,Meal,Metropolitan ,16:10,16:28,(min) 91
41,3.7,12.955158324556798,77.63366834159046,13.020388862660248,77.72963721441484,conditions Foggy,High ,2,bicycle,Snack,Metropolitan ,09:18,09:38,(min) 82
40,4.5,12.979102261213958,77.55483260170594,13.078880650627697,77.54122704828255,conditions Stormy,High ,1,scooter,Snack,Metropolitan ,13:13,13:23,(min) 87
24,NaN ,12.957307679707558,77.60905065908133,13.009108615285626,77.64911052993219,conditions Cloudy,Low ,1,electric_scooter,Drinks,Metropolitan ,11:26,11:39,(min) 44
35,4.1,12.9434961645104,77.59671710989475,12.980841938635104,77.67935107798088,conditions Foggy,Low ,1,bicycle,Buffet,Urban ,13:54,14:10,(min) 66
40,4.3,13.008401870819181,77.56751073542088,13.010937894962746,77.59034225321336,conditions Cloudy,High ,0,motorcycle,Buffet,Urban ,20:36,20:55,(min) 58
NaN ,4.4,12.968178547675164,77.5605544377774,12.882878989658064,77.46962181653623,conditions Foggy,Medium ,1,bicycle,Drinks,Urban ,17:22,17:42,(min) 82
36,3.6,12.959079550242425,77.57185270865484,12.83664092216798,77.5800683440775,conditions Sandstorms,Low ,2,motorcycle,Meal,Metropolitan ,17:44,18:03,(min) 73
41,NaN ,12.962511731477827,77.56332356753796,12.925123208261798,77.48208658008087,conditions Sandstorms,High ,2,scooter,Meal,Urban ,09:56,10:12,(min) 70
46,4.9,13.006412903888524,77.6023304825373,13.060426037952155,77.62023732782994,conditions Foggy,Medium ,0,bicycle,Snack,Metropolitan ,13:15,13:28,(min) 63
27,NaN ,12.979449822137505,77.5986788680315,13.013165559259468,77.65112942965145,conditions Stormy,NaN ,1,electric_scooter,Drinks,Metropolitan ,22:37,22:47,(min) 50
20,NaN ,13.007430591358245,77.56856601961925,12.941594115266282,77.54165418981579,conditions Sunny,Low ,1,electric_scooter,Meal,Metropolitan ,16:13,16:25,(min) 42
28,3.6,13.00765469595641,77.55627227948085,13.039822882252055,77.47539535972335,conditions Foggy,Low ,2,scooter,Drinks,Metropolitan ,22:33,22:44,(min) 63
28,3.6,12.984453615302593,77.57749698563516,12.951761089037992,77.49641713066586,conditions Sandstorms,High ,2,scooter,Drinks,Metropolitan ,19:39,20:01,(min) 76
42,3.7,12.981721451318265,77.58224097122475,12.947222421072386,77.5963092734674,conditions Sandstorms,Jam ,1,bicycle,Meal,Metropolitan ,18:30,18:47,(min) 68
50,3.8,12.940290002020449,77.57909852477759,12.917587371153271,77.65020377702595,conditions Cloudy,High ,1,bicycle,Drinks,Metropolitan ,13:27,13:40,(min) 78
44,3.5,12.98460539214164,77.57384000145868,13.007477367530193,77.71161484691858,conditions Foggy,Medium ,0,motorcycle,Meal,Metropolitan ,19:03,19:19,(min) 100
37,4.4,12.947820059785993,77.62850071600676,12.988055303515056,77.5245079334295,conditions Sunny,Jam ,2,scooter,Drinks,Metropolitan ,12:25,12:42,(min) 83
42,3.7,12.941470257154107,77.58327487793788,12.985966453579106,77.64834827491991,conditions Stormy,Low ,2,electric_scooter,Drinks,Metropolitan ,17:43,17:57,(min) 66
48,3.8,12.987769689726084,77.58627674858123,13.048526729404486,77.47395102171654,conditions Windy,Medium ,2,motorcycle,Buffet,Metropolitan ,20:15,20:33,(min) 82
38,4.2,13.01128435432762,77.61337261796966,12.902975118528262,77.52595660276475,conditions Windy,Medium ,2,bicycle,Buffet,Metropolitan ,19:00,19:21,(min) 83
41,3.7,12.992356969023497,77.6273492723614,12.988171064332475,77.60132809749084,conditions Foggy,Medium ,2,scooter,Buffet,Metropolitan ,17:07,17:22,(min) 47
35,4.2,12.978981968349219,77.56435192053243,12.86311794357875,77.56314196908222,conditions Cloudy,Medium ,1,motorcycle,Snack,Metropolitan ,09:22,09:42,(min) 76
21,3.9,12.957719061317295,77.56402460801452,12.907263144035408,77.63795624132828,conditions Stormy,Medium ,2,electric_scooter,Drinks,Metropolitan ,14:51,15:14,(min) 78
49,4.1,12.940980480982363,77.61859260597303,12.845566856870597,77.56192217666255,conditions Windy,Low ,0,scooter,Snack,Metropolitan ,20:16,20:38,(min) 76
20,3.9,12.995373550931365,77.60334946698546,13.004407666514664,77.56789341197097,conditions Sunny,High ,0,bicycle,Meal,Urban ,09:32,09:43,(min) 56
45,3.7,12.935726588907093,77.58388601648659,12.852523024268551,77.6803732076221,conditions Foggy,Medium ,2,bicycle,Buffet,Semi-Urban ,13:31,13:50,(min) 89
31,4.2,12.997146419192106,77.6268911772877,12.983088227266434,77.69183868715304,conditions Sunny,Jam ,2,scooter,Meal,Urban ,19:11,19:33,(min) 69
45,4.5,12.97735030548498,77.62072282473594,12.88085480734139,77.66687305676791,conditions Stormy,Jam ,0,motorcycle,Drinks,Urban ,21:43,22:03,(min) 104
45,4.9,12.98513661576286,77.56883811167478,12.967592965653756,77.5153338128471,conditions Windy,Medium ,1,scooter,Buffet,Metropolitan ,18:51,19:14,(min) 51
43,NaN ,12.933835317006707,77.59452602711544,12.913973845296091,77.58365079292743,conditions Foggy,Jam ,1,bicycle,Snack,Metropolitan ,09:20,09:34,(min) 54
42,4.6,12.997664237207175,77.62792270963118,13.009723771675423,77.57893295885411,conditions Sandstorms,Jam ,0,bicycle,Meal,Metropolitan ,20:11,20:28,(min) 75
42,3.7,12.996781622114034,77.61303479778617,12.93987489100346,77.620083795568,conditions Foggy,Jam ,0,scooter,Meal,Metropolitan ,20:46,21:04,(min) 85
21,4.6,12.97042636640221,77.59102107443884,13.02338502733978,77.62110606033312,conditions Foggy,High ,2,bicycle,Drinks,Metropolitan ,22:23,22:39,(min) 61
39,4.9,12.946679868976027,77.59239275879264,13.072525994559165,77.53555946470975,conditions Foggy,Jam ,1,scooter,Meal,Metropolitan ,13:21,13:39,(min) 102
28,4.9,12.98351555969417,77.60048537773118,13.047120563658604,77.63088000848336,conditions Cloudy,High ,0,scooter,Buffet,Urban ,10:51,11:05,(min) 66
25,4.9,12.996092695070804,77.5967481664665,13.067577241796362,77.54271376384827,conditions Sandstorms,Jam ,2,electric_scooter,Drinks,Urban ,09:27,09:43,(min) 74
50,4.7,13.00035620469451,77.5951045662634,13.072054762052446,77.55203062346726,conditions Sunny,Medium ,2,motorcycle,Snack,Metropolitan ,16:17,16:28,(min) 51
34,5,12.996744126024097,77.59985569822639,12.972729362082626,77.53429370136158,conditions Sandstorms,Jam ,0,electric_scooter,Drinks,Metropolitan ,17:43,18:00,(min) 72
25,4.7,12.986377248837055,77.5936059347637,12.93363794520562,77.66896679170323,conditions Foggy,High ,2,scooter,Drinks,Metropolitan ,15:22,15:34,(min) 72
20,4.1,12.978404324332626,77.58144519991279,12.97087845189382,77.65210332692413,conditions Foggy,Jam ,2,electric_scooter,Drinks,Metropolitan ,19:55,20:11,(min) 82
28,3.5,12.939974655172229,77.5563859919928,12.962889983006836,77.68361911960588,conditions Foggy,Jam ,1,scooter,Drinks,Metropolitan ,13:16,13:27,(min) 103
36,4.7,12.932053310590238,77.56029565270096,12.909052884413585,77.4401606139265,conditions Cloudy,Low ,0,motorcycle,Meal,Metropolitan ,13:34,13:49,(min) 72
33,4,12.932928697614372,77.62388200000898,12.941689192954401,77.53545371037607,conditions Windy,Low ,2,scooter,Meal,Metropolitan ,16:03,16:16,(min) 53
46,4.9,12.953790158683807,77.56736860110462,13.061676841230135,77.54851025502231,conditions Stormy,Medium ,1,electric_scooter,Buffet,Metropolitan ,18:57,19:12,(min) 73
44,4.2,12.99165811214447,77.56260271211193,13.006173863828137,77.637979801767,conditions Sunny,High ,2,electric_scooter,Drinks,Metropolitan ,13:21,13:35,(min) 66
37,4.3,12.948181979151816,77.5723331129834,12.849205329308937,77.57715924149778,conditions Windy,Low ,1,motorcycle,Snack,Metropolitan ,08:55,09:14,(min) 64
34,4.1,12.954343662483991,77.60828160160258,12.91258332627446,77.52885472376302,conditions Stormy,High ,0,bicycle,Buffet,Metropolitan ,13:26,13:40,(min) 85
30,4.2,12.995687167475372,77.62592738232613,13.061434671408911,77.69488244366546,conditions Stormy,Medium ,1,bicycle,Buffet,Metropolitan ,13:12,13:22,(min) 82
20,4.5,12.93305780928433,77.573484436246,12.885070276144818,77.63568727084402,conditions Windy,Medium ,1,bicycle,Meal,Metropolitan ,21:07,21:31,(min) 64
24,4.1,12.975724404322357,77.58759010742456,12.99701666080802,77.59854227359277,conditions Stormy,Medium ,0,electric_scooter,Buffet,Metropolitan ,12:42,12:55,(min) 54
26,4,12.933214935956896,77.59475908906236,12.882195852657548,77.57682693934763,conditions Sandstorms,Medium ,1,motorcycle,Drinks,Metropolitan ,17:09,17:29,(min) 56
40,4.4,12.936256548369677,77.55466047256292,12.967929821319158,77.54340765905967,conditions Windy,Jam ,2,bicycle,Snack,Metropolitan ,14:10,14:20,(min) 59
35,4.1,12.964297209268809,77.61574360107109,12.879747690077563,77.58524342698762,conditions Windy,Low ,2,bicycle,Meal,Metropolitan ,20:03,20:19,(min) 63
36,3.7,12.958336687328666,77.6179611863479,13.017222315451567,77.70914064333945,conditions Sandstorms,High ,1,scooter,Snack,Metropolitan ,18:59,19:13,(min) 86
26,4,12.955576777829231,77.59960163661316,12.981497163198856,77.52197248626602,conditions Foggy,Low ,1,electric_scooter,Buffet,Metropolitan ,11:58,12:09,(min) 57
32,4.9,12.947266737798602,77.57021965480446,13.075072981169379,77.53013122143399,conditions Foggy,Low ,1,scooter,Snack,Metropolitan ,11:30,11:44,(min) 71
22,4,12.993445636591316,77.58173259687648,12.908058606398297,77.66314415438137,conditions Cloudy,Medium ,2,bicycle,Meal,Metropolitan ,17:27,17:39,(min) 67
21,4.1,12.975847109573335,77.59354799236208,13.022358578410078,77.59955212811454,conditions Sunny,Jam ,0,scooter,Buffet,Metropolitan ,10:17,10:41,(min) 59
47,4.6,12.967980110494793,77.57690678224937,13.003602433493516,77.45152635583302,conditions Sandstorms,High ,0,electric_scooter,Buffet,Metropolitan ,19:19,19:43,(min) 92
28,3.8,12.994649075026066,77.61509319885671,12.98248515944165,77.69007068842812,conditions Sandstorms,High ,0,motorcycle,Meal,Urban ,22:09,22:22,(min) 76
30,3.9,12.945804119127244,77.56487571324259,12.844496716882981,77.65013585340466,conditions Foggy,Medium ,2,bicycle,Buffet,Urban ,17:38,17:51,(min) 84
23,NaN ,13.006565198282154,77.58015603757501,12.897054395299145,77.5481951758529,conditions Foggy,High ,0,motorcycle,Buffet,Metropolitan ,17:48,17:59,(min) 83
50,4.1,12.996388091797382,77.61198447450101,13.026375488260435,77.54545360402122,conditions Stormy,Medium ,0,bicycle,Drinks,Metropolitan ,22:48,23:07,(min) 71
44,4.1,12.979845119154454,77.58044600416943,13.069665128185697,77.68508487946,conditions Sandstorms,Low ,2,bicycle,Drinks,Metropolitan ,18:08,18:19,(min) 78
44,4.3,13.002624645026774,77.63074862751216,13.00615694963707,77.52437595290834,conditions Windy,High ,1,motorcycle,Snack,Urban ,18:12,18:34,(min) 73
45,3.5,12.97221676921323,77.60126008852423,12.895974584337662,77.59406887486432,conditions Cloudy,Jam ,0,bicycle,Buffet,Urban ,19:54,20:07,(min) 85
28,3.9,12.950850889699906,77.56066317404658,12.873602878296843,77.66302448315761,conditions Sunny,Jam ,0,electric_scooter,Meal,Urban ,21:59,22:20,(min) 98
20,4,12.947749645093829,77.62148524261117,13.058631587708,77.5417435264457,conditions Cloudy,Low ,2,motorcycle,Meal,Metropolitan ,12:04,12:22,(min) 76
50,5,12.974060665926338,77.61343647432551,12.877364131065894,77.58400627964626,conditions Sunny,High ,0,electric_scooter,Buffet,Metropolitan ,17:23,17:41,(min) 75
39,4.7,12.966096900718659,77.56715416397006,13.007042911105701,77.47110462857908,conditions Cloudy,High ,1,scooter,Snack,Metropolitan ,12:29,12:43,(min) 79
31,3.9,12.955618951170147,77.55818192587272,12.963500814667396,77.44304108307941,conditions Sandstorms,Jam ,1,electric_scooter,Buffet,Urban ,15:53,16:12,(min) 89
22,4.6,13.01052683170736,77.57803312850221,13.022033254083814,77.5234301695547,conditions Sunny,Medium ,0,electric_scooter,Drinks,Metropolitan ,16:37,16:51,(min) 50
41,3.6,12.983262162225694,77.57406416024119,13.017264715597655,77.59513327605956,conditions Foggy,Jam ,2,motorcycle,Buffet,Metropolitan ,08:29,08:48,(min) 71
38,4.6,12.968256352989377,77.62944507823363,13.068692891735704,77.70752722398022,conditions Sunny,Medium ,0,scooter,Meal,Metropolitan ,10:27,10:49,(min) 69
23,4,12.94127201532796,77.60479921086728,12.913824534993012,77.64118038852892,conditions Cloudy,Medium ,1,scooter,Buffet,Semi-Urban ,20:26,20:48,(min) 52
48,4.7,13.002424799221009,77.62240878785998,13.045111111451257,77.61782282443647,conditions Sunny,Jam ,2,scooter,Meal,Metropolitan ,20:49,21:03,(min) 63
35,4.1,12.989716081468762,77.56399222717657,12.940921050727697,77.62505359963204,conditions Cloudy,Jam ,0,motorcycle,Drinks,Urban ,12:42,13:05,(min) 84
32,3.8,12.96201842840612,77.56802813363299,12.983845833508093,77.56993485367762,conditions Foggy,Low ,0,motorcycle,Meal,Metropolitan ,08:55,09:14,(min) 45
50,4.4,12.963662936704607,77.61320367182643,13.086824491151296,77.65823439606112,conditions Cloudy,High ,0,motorcycle,Drinks,Metropolitan ,08:40,08:50,(min) 90
23,4.4,12.952263761608304,77.56127649770156,12.908506066380884,77.66568505298319,conditions Cloudy,Jam ,0,scooter,Snack,Metropolitan ,17:17,17:36,(min) 85
49,4.2,12.982314440960437,77.58832510932386,13.005684893854578,77.51840189420936,conditions Sandstorms,Medium ,1,electric_scooter,Meal,Metropolitan ,18:01,18:16,(min) 62
43,3.9,12.982450516855717,77.61005469967648,12.925682227099516,77.61765400136119,conditions Stormy,High ,0,scooter,Meal,Urban ,09:27,09:49,(min) 75
30,4.2,12.968165018408001,77.60075101480857,12.92117811554373,77.59521875857948,conditions Cloudy,High ,2,motorcycle,Snack,Metropolitan ,09:54,10:16,(min) 55
20,4.1,12.962446707243473,77.5688598786205,12.995421883299732,77.57107923366455,conditions Cloudy,Low ,0,bicycle,Snack,Urban ,21:25,21:41,(min) 50
44,NaN ,12.972678213136644,77.60620670880228,12.959011293426771,77.54257838996685,conditions Windy,Medium ,0,scooter,Meal,Metropolitan ,20:49,21:12,(min) 61
28,4.9,13.010026253255457,77.63268547686785,12.97150076871642,77.50102023994569,conditions Foggy,High ,0,bicycle,Meal,Metropolitan ,11:23,11:47,(min) 93
43,4.8,12.986143155618013,77.61959050917103,12.945411299042368,77.69983642921528,conditions Cloudy,Jam ,0,scooter,Snack,Metropolitan ,22:27,22:50,(min) 82
36,4.4,12.982719537148625,77.56105775228738,13.05374915749248,77.51619435745002,conditions Stormy,Medium ,1,scooter,Meal,Urban ,16:16,16:36,(min) 68
26,4.7,12.98263060549125,77.61209076198786,12.888934452296084,77.57352953521807,conditions Windy,Low ,1,motorcycle,Meal,Metropolitan ,22:18,22:35,(min) 56
50,4.7,12.957205106540025,77.59344897174314,12.964053449438216,77.61268734016403,conditions Sandstorms,Low ,2,electric_scooter,Snack,Metropolitan ,18:58,19:18,(min) 33
40,4,12.988446991572529,77.61213270179033,13.020629332049518,77.60941038724387,conditions Stormy,Low ,1,motorcycle,Snack,Metropolitan ,10:07,10:27,(min) 41
40,4.1,13.00066194485724,77.62724893477782,13.014343768383126,77.6963315835867,conditions Stormy,Medium ,1,scooter,Drinks,Urban ,09:54,10:14,(min) 61
46,4.3,13.007445829434694,77.57272521995976,12.964763932154417,77.63429537999652,conditions Sandstorms,High ,0,electric_scooter,Buffet,Metropolitan ,13:58,14:09,(min) 81
22,3.6,13.010788520703466,77.56590937248468,12.946538414967549,77.4998577859726,conditions Windy,High ,0,motorcycle,Drinks,Urban ,20:38,21:02,(min) 83
26,3.7,12.951209366115183,77.61361831220836,12.941659481942153,77.56277737274367,conditions Windy,Low ,2,scooter,Buffet,Metropolitan ,18:30,18:42,(min) 48
33,4.5,12.980380949302019,77.56312237882092,13.031568353783435,77.61133396856957,conditions Foggy,Jam ,1,electric_scooter,Meal,Metropolitan ,13:48,14:01,(min) 81
20,4.2,12.941697249541432,77.57777838937044,12.971148416749564,77.55571345320516,conditions Stormy,Low ,2,scooter,Buffet,Metropolitan ,17:44,18:07,(min) 47
44,4.2,12.963175956717134,77.58284002450333,12.888603075774302,77.64076871482315,conditions Sunny,Medium ,1,bicycle,Buffet,Urban ,08:39,08:59,(min) 58
50,5,12.979526091141999,77.59034357332662,12.90737971288748,77.53093880668621,conditions Sunny,High ,0,motorcycle,Drinks,Metropolitan ,14:04,14:19,(min) 78
38,NaN ,12.93312630308643,77.5831303774476,12.910801220728793,77.5638454961228,conditions Cloudy,Medium ,1,electric_scooter,Meal,Metropolitan ,20:12,20:28,(min) 47
31,3.9,12.974059256816656,77.58793818115294,12.835216594926058,77.5908927286217,conditions Cloudy,High ,2,bicycle,Buffet,Urban ,16:30,16:42,(min) 88
39,3.6,12.979005150365085,77.59139687995463,12.984541678891581,77.68166960866047,conditions Sandstorms,Low ,2,scooter,Meal,Metropolitan ,11:30,11:49,(min) 59
39,4.4,13.004415035246312,77.62002880633845,13.008615495141173,77.64274652163488,conditions Sandstorms,Low ,2,bicycle,Buffet,Metropolitan ,11:10,11:32,(min) 36
24,3.7,12.953107424283774,77.61889138459266,12.906384928215143,77.54747741785776,conditions Stormy,Jam ,2,scooter,Buffet,Metropolitan ,09:15,09:38,(min) 87
NaN ,4.4,12.998463142699004,77.58608649616167,12.969790431323977,77.66992159804002,conditions Stormy,Low ,2,scooter,Meal,Metropolitan ,21:12,21:34,(min) 67
49,4.2,13.006218746563793,77.62260953408703,13.001656950139127,77.5055002219225,conditions Stormy,Jam ,0,electric_scooter,Buffet,Urban ,22:57,23:20,(min) 103
45,3.8,13.008552070333064,77.57835658052042,13.086960055897793,77.61991878986147,conditions Sunny,Low ,2,motorcycle,Snack,Metropolitan ,22:12,22:26,(min) 60
30,4.7,12.977050243297965,77.59971098191141,13.045339750896423,77.65889968167288,conditions Sandstorms,Low ,0,electric_scooter,Buffet,Metropolitan ,13:43,13:55,(min) 71
26,4,12.953282217642665,77.60680709463581,13.007613807522791,77.58239870046339,conditions Windy,Jam ,2,electric_scooter,Drinks,Metropolitan ,10:50,11:00,(min) 63
38,3.8,12.986629162149876,77.62961296076924,12.8990628037252,77.56995425937333,conditions Sunny,Jam ,0,electric_scooter,Snack,Metropolitan ,20:37,21:00,(min) 94
31,3.6,12.985115316061677,77.55495299832002,12.903229410588978,77.54458836150063,conditions Stormy,Medium ,1,electric_scooter,Meal,Urban ,14:26,14:36,(min) 76
33,4.1,12.933999558350445,77.61834871036038,12.9225485034696,77.64290117470433,conditions Sandstorms,Jam ,1,scooter,Meal,Urban ,11:27,11:39,(min) 57
46,4.4,12.999174888803065,77.58527035930231,13.019946581806506,77.59952138733401,conditions Stormy,High ,1,bicycle,Drinks,Metropolitan ,12:12,12:28,(min) 60
40,4.6,12.936565531174095,77.62426299578547,12.888330560140778,77.67918687244051,conditions Sandstorms,Low ,2,electric_scooter,Snack,Metropolitan ,11:11,11:34,(min) 50
41,4.2,12.96751139368713,77.62606250626072,12.975344285266438,77.56399620770212,conditions Windy,Jam ,2,electric_scooter,Snack,Metropolitan ,09:20,09:40,(min) 71
23,5,13.00241583140418,77.57525347943455,13.007455028544376,77.45992329822633,conditions Sunny,Jam ,0,scooter,Drinks,Urban ,21:21,21:44,(min) 85
40,3.8,12.995340966860205,77.6063484204471,12.856476668268783,77.60744335518207,conditions Stormy,Medium ,1,motorcycle,Buffet,Urban ,13:21,13:44,(min) 97
24,4.8,12.995776607336849,77.62081280636639,13.002371026736904,77.68239049533587,conditions Sunny,Medium ,1,bicycle,Drinks,Metropolitan ,15:14,15:27,(min) 41
45,NaN ,12.931864357663692,77.60342559316233,12.939127564019048,77.58362491913412,conditions Stormy,Medium ,2,scooter,Meal,Urban ,20:43,21:03,(min) 50
33,5,12.972732430378349,77.61216095692515,12.986570221939816,77.48601674810521,conditions Stormy,Jam ,0,electric_scooter,Drinks,Metropolitan ,18:32,18:56,(min) 96
20,3.5,12.969481048247218,77.60531913858875,13.021096821756846,77.6326406322363,conditions Sunny,High ,0,motorcycle,Drinks,Metropolitan ,08:19,08:29,(min) 64
37,5,12.983145127611607,77.56702314849049,12.913191625299252,77.61537377016802,conditions Cloudy,Jam ,2,motorcycle,Snack,Urban ,10:28,10:42,(min) 68
48,4.6,12.993193046728521,77.6195912302196,12.957001109053817,77.49557780636312,conditions Cloudy,Low ,2,scooter,Drinks,Metropolitan ,20:39,21:00,(min) 74
36,4.2,12.996220117470623,77.61451822501644,12.879803160667441,77.68152339439422,conditions Foggy,Jam ,1,bicycle,Meal,Metropolitan ,08:46,08:56,(min) 96
25,4,12.975558573322743,77.55774547691495,12.969212793220546,77.45073119264471,conditions Sandstorms,High ,2,motorcycle,Snack,Urban ,08:12,08:25,(min) 81
36,3.7,12.961175940910728,77.62652986533045,12.938268522551379,77.61092433460429,conditions Windy,Medium ,2,bicycle,Meal,Metropolitan ,15:48,16:11,(min) 39
50,4.2,12.952316181322933,77.61520199161991,12.95870126891426,77.58663021769154,conditions Windy,Medium ,2,bicycle,Meal,Metropolitan ,09:57,10:17,(min) 42
34,4,12.96944205077216,77.57304696793705,12.871280425061705,77.57519957077325,conditions Cloudy,Medium ,1,electric_scooter,Drinks,Metropolitan ,12:17,12:32,(min) 73
30,4.6,12.993785338549316,77.58413423792496,12.94532235810286,77.53299495748243,conditions Cloudy,High ,2,electric_scooter,Drinks,Metropolitan ,09:40,09:55,(min) 57
28,4.4,12.967757730538398,77.57990986480415,13.060792621779115,77.54948918965414,conditions Foggy,Medium ,0,electric_scooter,Buffet,Metropolitan ,21:25,21:38,(min) 77
43,4,12.978266081547737,77.63287368495986,13.063491405258784,77.61746796022807,conditions Foggy,Jam ,2,motorcycle,Meal,Metropolitan ,10:59,11:11,(min) 80
45,3.7,12.939257290454954,77.5648799699828,12.837826986196236,77.61476498688734,conditions Sunny,Low ,2,scooter,Drinks,Urban ,21:20,21:30,(min) 73
28,4.3,12.965824033076316,77.61214179291427,12.982242477301662,77.49351532752087,conditions Sunny,Medium ,0,bicycle,Snack,Metropolitan ,22:24,22:39,(min) 71
47,3.5,12.951905499434472,77.62493160088584,12.898151358294191,77.64996108028448,conditions Sunny,Jam ,0,scooter,Buffet,Metropolitan ,09:56,10:08,(min) 70
45,4.4,12.952071374746412,77.56853520932644,12.975472810476573,77.6544679585604,conditions Sunny,High ,1,scooter,Drinks,Metropolitan ,19:51,20:13,(min) 70
39,3.6,12.988975505454839,77.57670265250877,13.04693754658554,77.54691307008153,conditions Windy,Jam ,2,scooter,Snack,Metropolitan ,08:04,08:24,(min) 67
30,3.5,12.9904910366036,77.57618804476262,13.034343051060644,77.59908638704604,conditions Cloudy,Low ,1,bicycle,Meal,Metropolitan ,09:41,09:55,(min) 44
24,3.9,12.959573764613271,77.56402834233864,12.99372953366336,77.53934203663273,conditions Foggy,Low ,1,bicycle,Snack,Semi-Urban ,19:38,20:00,(min) 54
46,3.8,12.961519161088765,77.56509671383574,13.008500895307028,77.53028742802155,conditions Sandstorms,High ,2,electric_scooter,Meal,Urban ,17:09,17:28,(min) 62
46,4.3,12.962504342532158,77.58423877795263,12.901812132081716,77.58069711664974,conditions Cloudy,Low ,2,motorcycle,Snack,Metropolitan ,20:21,20:40,(min) 53
21,4.2,13.007456318231673,77.5915900117442,13.103519063279322,77.58231196033363,conditions Cloudy,Jam ,2,scooter,Meal,Semi-Urban ,09:06,09:21,(min) 79
36,4.8,12.961709342057258,77.56607329501807,12.983860900076774,77.62766998881519,conditions Sunny,Low ,1,scooter,Buffet,Metropolitan ,13:57,14:12,(min) 43
42,3.8,12.980245017743112,77.62164428909347,12.923683553685695,77.63808663735325,conditions Windy,Medium ,2,scooter,Meal,Metropolitan ,19:45,19:59,(min) 59
36,4.3,12.952683427425475,77.62552082481831,12.935244645072851,77.58129660413461,conditions Sandstorms,Medium ,1,electric_scooter,Meal,Metropolitan ,14:17,14:38,(min) 54
32,4.9,12.980920132024586,77.6062436621733,13.077873766543059,77.70044309837789,conditions Cloudy,Medium ,2,bicycle,Meal,Metropolitan ,13:05,13:22,(min) 81
22,4.3,12.94047666830793,77.56980069539547,12.863331889852518,77.64518785283391,conditions Windy,High ,1,motorcycle,Meal,Metropolitan ,14:47,15:02,(min) 79
39,3.7,12.951883677056433,77.62103779492006,13.029776631065886,77.66686718710565,conditions Windy,Medium ,1,bicycle,Buffet,Metropolitan ,17:27,17:47,(min) 63
28,4.1,12.976929925548285,77.56780869732648,12.98466351444778,77.51434430894936,conditions Sandstorms,Medium ,1,motorcycle,Snack,Metropolitan ,10:14,10:24,(min) 57
20,3.8,13.010316698847712,77.56663492412343,13.090915208191053,77.51717226927023,conditions Foggy,Medium ,2,electric_scooter,Buffet,Metropolitan ,13:31,13:50,(min) 72
43,4.7,12.99041896065548,77.60397050171197,12.960399496179171,77.50945380761432,conditions Foggy,High ,2,electric_scooter,Snack,Metropolitan ,11:04,11:22,(min) 76
38,4.4,12.938886483794452,77.62792339597866,12.890007035512685,77.63024978929928,conditions Sunny,Low ,0,electric_scooter,Meal,Metropolitan ,18:35,18:55,(min) 42
24,3.9,13.004482518079133,77.6268911047563,13.004782431514666,77.69636170698539,conditions Foggy,NaN ,2,electric_scooter,Meal,Metropolitan ,13:02,13:15,(min) 62
39,4.4,12.934621809142083,77.61034766341596,12.994484379561243,77.58738769162817,conditions Windy,Low ,0,electric_scooter,Buffet,Semi-Urban ,19:48,19:58,(min) 58
34,4.5,13.006969206313045,77.58162365711331,13.014615067100655,77.66137457832686,conditions Foggy,Jam ,2,bicycle,Drinks,Metropolitan ,08:11,08:33,(min) 70
30,4.3,12.969032235106827,77.58462662708983,12.959157226206923,77.69842178628835,conditions Sunny,Medium ,1,motorcycle,Meal,Urban ,09:26,09:41,(min) 69
36,3.5,12.98502838112265,77.56957361468152,12.948845463338857,77.47884646532673,conditions Sandstorms,NaN ,1,electric_scooter,Meal,Metropolitan ,18:20,18:36,(min) 64
38,4.4,12.976105452029408,77.61102468655481,12.96880188147347,77.67774644848984,conditions Sunny,Medium ,1,scooter,Drinks,Metropolitan ,17:41,18:02,(min) 50
45,4.5,12.971949857825786,77.56058290406168,13.10097229706977,77.59165133594485,conditions Stormy,Medium ,2,bicycle,Meal,Metropolitan ,21:32,21:48,(min) 87
38,4.2,12.971605160272121,77.5628873907499,12.948694708177959,77.5468286020004,conditions Windy,Jam ,0,electric_scooter,Buffet,Metropolitan ,10:26,10:45,(min) 61
NaN ,4.4,12.992642659338564,77.56602096053808,12.924096189633154,77.6367842012037,conditions Sunny,Low ,1,motorcycle,Snack,Metropolitan ,17:48,18:06,(min) 60
42,3.7,13.004604081081599,77.57154778639823,13.045056772974984,77.57883583847187,conditions Windy,Low ,2,electric_scooter,Drinks,Urban ,13:02,13:25,(min) 53
33,3.7,12.958831622133404,77.6093170421481,12.895145310613758,77.7142394723154,conditions Sandstorms,Jam ,2,bicycle,Buffet,Metropolitan ,21:06,21:19,(min) 102
22,3.7,12.94177480351031,77.6282984336935,13.010996605630073,77.71678531325797,conditions Cloudy,High ,2,electric_scooter,Buffet,Urban ,22:07,22:30,(min) 76
47,4,13.007800197525324,77.58727127515748,12.919044133613639,77.51783071640764,conditions Sunny,Low ,1,bicycle,Snack,Metropolitan ,09:18,09:31,(min) 59
41,NaN ,12.958859766254575,77.57591033271551,12.872571877319668,77.6639664379941,conditions Sunny,High ,2,scooter,Buffet,Metropolitan ,08:28,08:46,(min) 72
50,4,12.971820374632626,77.6325708109051,13.0009432465211,77.61167878715996,conditions Sandstorms,Jam ,2,motorcycle,Drinks,Metropolitan ,22:37,23:00,(min) 59
36,3.6,12.995991531795264,77.60794694845602,13.003933928300796,77.65353190429215,conditions Stormy,Medium ,0,scooter,Buffet,Urban ,19:23,19:46,(min) 67
30,5,12.95290981232971,77.56885354758278,12.930770170954629,77.67522002138287,conditions Foggy,Medium ,0,motorcycle,Drinks,Metropolitan ,22:03,22:23,(min) 75
35,3.9,12.947453472519667,77.59483123480379,13.002835936740299,77.67670036728538,conditions Stormy,High ,1,scooter,Buffet,Metropolitan ,11:50,12:07,(min) 82
31,3.7,12.96501039761901,77.61558221881315,12.983200930180564,77.68162301664879,conditions Foggy,High ,2,bicycle,Drinks,Semi-Urban ,21:16,21:31,(min) 71
37,4.1,12.98296165048927,77.60476609111801,13.023698493576388,77.53934036254813,conditions Sunny,Jam ,2,scooter,Snack,Urban ,15:31,15:48,(min) 68
26,4.1,12.935196700206399,77.57089649406299,12.834462385653712,77.59977466830934,conditions Cloudy,Low ,1,bicycle,Meal,Metropolitan ,19:09,19:22,(min) 69
45,4,13.008630880283565,77.55948943774253,12.985084553709637,77.6495012741432,conditions Foggy,High ,0,motorcycle,Meal,Metropolitan ,18:06,18:20,(min) 75
30,3.8,12.996650268433989,77.61155052186027,12.937440440941916,77.58284371991446,conditions Sandstorms,Medium ,2,scooter,Drinks,Metropolitan ,21:10,21:34,(min) 62
20,4.6,12.943127322102338,77.56930783211291,12.991279497022282,77.61172931799827,conditions Foggy,Jam ,1,scooter,Meal,Urban ,17:27,17:46,(min) 69
23,4.8,12.97567105786726,77.59108193676025,12.993234365528014,77.68820287973259,conditions Stormy,Low ,1,electric_scooter,Snack,Metropolitan ,16:26,16:48,(min) 68
21,4.3,12.998741291163862,77.61115996480957,12.997621060389722,77.552622513132,conditions Sandstorms,Medium ,1,motorcycle,Meal,Metropolitan ,16:08,16:20,(min) 52
50,3.7,12.959574323797971,77.61480525552332,12.939414924074516,77.57825828362617,conditions Foggy,High ,2,bicycle,Snack,Metropolitan ,18:54,19:08,(min) 60
27,3.6,12.969507790988684,77.55928087656423,13.073651144310249,77.4676618746301,conditions Cloudy,High ,0,scooter,Snack,Metropolitan ,15:59,16:10,(min) 94
25,4.4,13.001312034072727,77.5570003436789,13.066967059782638,77.45565224152277,conditions Sunny,Low ,1,motorcycle,Buffet,Metropolitan ,10:57,11:17,(min) 64
40,4.6,12.970984186007083,77.61569887676313,12.97519127827821,77.59560076817813,conditions Stormy,High ,1,scooter,Snack,Metropolitan ,08:41,08:56,(min) 52
37,3.8,12.94491398004666,77.58612260407806,13.064319816908933,77.65832988378695,conditions Cloudy,Jam ,2,electric_scooter,Drinks,Metropolitan ,18:17,18:39,(min) 93
21,4.1,12.932221620342135,77.55608543080315,12.990141229727332,77.64973546731314,conditions Stormy,Jam ,1,bicycle,Meal,Metropolitan ,14:33,14:50,(min) 102
26,3.5,12.944768553691357,77.60031854446083,13.05239641321544,77.6104241063896,conditions Stormy,Jam ,2,scooter,Drinks,Metropolitan ,22:44,23:04,(min) 93
50,5,13.006554933337867,77.61389965132848,12.986553691659424,77.583707302224,conditions Sunny,Low ,1,bicycle,Snack,Urban ,14:30,14:42,(min) 39
24,4.2,12.990261501333118,77.58899194520936,13.040048352329972,77.63255351247433,conditions Windy,High ,1,motorcycle,Drinks,Semi-Urban ,21:50,22:01,(min) 63
45,3.9,12.993036753012241,77.62479313650206,13.015110771637861,77.53416983913739,conditions Sunny,Jam ,0,bicycle,Meal,Metropolitan ,16:51,17:01,(min) 85
31,3.7,12.93319666294232,77.57886950320601,12.891717654151474,77.54895099413879,conditions Cloudy,Medium ,1,bicycle,Meal,Metropolitan ,18:53,19:07,(min) 52
21,3.7,12.967541189453007,77.62185970229135,13.051730449894205,77.62675576040803,conditions Windy,Low ,2,motorcycle,Meal,Urban ,15:02,15:23,(min) 58
38,4.7,12.954154436661304,77.59716909327581,12.8764814740785,77.62119007869114,conditions Sandstorms,Low ,1,bicycle,Snack,Metropolitan ,09:32,09:56,(min) 57
43,4.8,12.946258139888197,77.6137828392446,12.905567531804932,77.66630430868685,conditions Sandstorms,High ,2,motorcycle,Drinks,Urban ,14:46,15:01,(min) 69
30,4.1,12.950516827049107,77.58502935159058,13.07898363773239,77.56878679360213,conditions Windy,Medium ,0,bicycle,Drinks,Metropolitan ,20:17,20:38,(min) 86
39,4.8,12.976687220408023,77.5790351013191,12.909099217434026,77.63521261783725,conditions Sandstorms,Medium ,1,scooter,Snack,Metropolitan ,11:23,11:41,(min) 59
21,4.8,12.984537207166106,77.5982435995996,12.977810734214978,77.5044284742415,conditions Foggy,Low ,0,scooter,Meal,Metropolitan ,18:28,18:44,(min) 65
21,4.5,12.976382487079501,77.62279144448266,12.928828425633505,77.69706457957969,conditions Sandstorms,High ,1,scooter,Meal,Metropolitan ,13:39,13:49,(min) 79
47,4.6,12.978667942004652,77.57965072925239,12.918005148382045,77.53847602756089,conditions Sandstorms,Medium ,1,scooter,Meal,Metropolitan ,20:02,20:16,(min) 62
47,3.9,12.978821154384315,77.56548698977605,12.935466915012155,77.5935906687653,conditions Sunny,High ,1,scooter,Snack,Metropolitan ,19:06,19:22,(min) 63
22,3.8,12.950831225568802,77.62922534658611,12.85544840890942,77.5702405507683,conditions Cloudy,Medium ,2,scooter,Drinks,Urban ,11:02,11:12,(min) 68
33,4.6,12.945212399678677,77.59306058819443,12.889553227464507,77.67938138208332,conditions Stormy,Low ,0,electric_scooter,Meal,Metropolitan ,17:54,18:09,(min) 70
NaN ,3.5,12.969402510671317,77.59756061271801,13.060042637160896,77.62587872233449,conditions Stormy,High ,1,bicycle,Snack,Urban ,13:04,13:24,(min) 88
35,3.8,12.944743017608673,77.57487051322163,12.818279061405779,77.5329260611186,conditions Stormy,Medium ,2,motorcycle,Meal,Metropolitan ,18:39,18:52,(min) 89
32,3.7,12.988150273895265,77.55814095159099,13.014624946723888,77.45509355230408,conditions Cloudy,High ,0,scooter,Buffet,Urban ,13:25,13:35,(min) 87
21,3.8,12.991521037368477,77.55821120099202,13.049102899305472,77.64952117879847,conditions Stormy,High ,2,motorcycle,Snack,Metropolitan ,22:25,22:41,(min) 88
45,4.7,12.946787439043076,77.60545861198604,12.882606969389043,77.70835951887844,conditions Sunny,Low ,1,bicycle,Meal,Metropolitan ,12:19,12:40,(min) 68
38,4.8,12.985924671030045,77.62653172274157,12.94189002725386,77.65581967357693,conditions Sunny,Medium ,1,motorcycle,Drinks,Metropolitan ,09:39,09:55,(min) 45
39,4.6,12.943308518620581,77.57544235947579,12.931310866092248,77.69530404039578,conditions Sunny,Low ,1,bicycle,Meal,Metropolitan ,08:41,08:58,(min) 57
27,4,12.993995210154354,77.560667614872,13.108299782833049,77.512435831375,conditions Windy,NaN ,2,bicycle,Buffet,Urban ,12:31,12:45,(min) 76
24,4.7,12.945717395374924,77.61102188310623,12.925394340045367,77.65190237941177,conditions Sandstorms,High ,2,motorcycle,Meal,Urban ,14:33,14:44,(min) 57
21,4.3,12.95270722815618,77.56243210199327,12.96643328970282,77.65353711814669,conditions Windy,Low ,1,bicycle,Snack,Metropolitan ,13:25,13:49,(min) 64
29,3.5,12.934525163395703,77.62108667009548,12.95975780795318,77.54792577863849,conditions Cloudy,Jam ,2,scooter,Drinks,Metropolitan ,09:41,10:04,(min) 71
20,4.9,12.935284495184572,77.62783253512383,12.998203239069433,77.60755788126589,conditions Foggy,Low ,2,bicycle,Meal,Urban ,08:16,08:36,(min) 45
43,4.3,12.978287883492559,77.60275588992089,12.863669870791204,77.60092369556168,conditions Sandstorms,Low ,2,scooter,Meal,Metropolitan ,17:24,17:44,(min) 74
48,3.6,12.984604982359707,77.61174772971347,12.940660136073893,77.54198576484211,conditions Sunny,Jam ,2,bicycle,Buffet,Metropolitan ,13:19,13:37,(min) 83
41,4.5,12.954727388451248,77.60974725208283,13.083319516111954,77.59740268582746,conditions Stormy,Medium ,0,electric_scooter,Meal,Urban ,16:14,16:37,(min) 85
30,4.6,12.97137860962972,77.58367934825867,12.99775092024416,77.57500051756354,conditions Foggy,Medium ,2,bicycle,Drinks,Metropolitan ,18:07,18:24,(min) 43
28,5,13.002750292046368,77.573353918726,13.03592501759743,77.55366426780175,conditions Sandstorms,High ,0,scooter,Drinks,Metropolitan ,19:12,19:23,(min) 61
47,4.5,13.010999200174957,77.60715665898323,12.970493237937045,77.72078423251509,conditions Foggy,Jam ,1,scooter,Buffet,Urban ,18:13,18:30,(min) 93
44,4.4,12.983307531567663,77.57246810200661,13.012426643261849,77.62644549038681,conditions Sunny,High ,1,bicycle,Snack,Urban ,13:39,13:55,(min) 60
48,NaN ,12.943608362133057,77.63246496274174,13.022773752001905,77.65903750854407,conditions Windy,Medium ,2,bicycle,Snack,Metropolitan ,14:31,14:49,(min) 62
40,4.6,12.971053055355698,77.61045138082504,12.896968208145095,77.59265873310157,conditions Windy,High ,1,scooter,Drinks,Urban ,15:09,15:29,(min) 60
36,3.6,13.005402774306388,77.57638777616471,12.891424816717077,77.56007708296619,conditions Stormy,Medium ,2,scooter,Drinks,Metropolitan ,12:04,12:23,(min) 89
34,4.7,12.957299883587659,77.59221418493465,12.988525599654341,77.58904531137071,conditions Sunny,Jam ,1,scooter,Meal,Metropolitan ,15:12,15:23,(min) 48
23,4.7,12.96184207899347,77.63002204260826,13.018870609415524,77.65332393910249,conditions Sandstorms,Medium ,2,scooter,Buffet,Metropolitan ,16:15,16:29,(min) 49
35,3.7,12.942962291648984,77.5919924628459,12.91911057736049,77.60413438147395,conditions Stormy,Medium ,1,bicycle,Meal,Metropolitan ,08:59,09:16,(min) 52
20,4.1,13.002849107252807,77.57373541544229,12.985062462241329,77.67685234441232,conditions Windy,Low ,1,motorcycle,Meal,Metropolitan ,19:22,19:34,(min) 71
30,3.6,12.951192099748551,77.59331939608828,13.000059313524812,77.58658481497784,conditions Sandstorms,High ,1,electric_scooter,Snack,Metropolitan ,13:14,13:32,(min) 65
23,3.8,12.940064696276933,77.59205579965412,13.023261796829512,77.59527464403963,conditions Sandstorms,High ,0,motorcycle,Drinks,Metropolitan ,22:07,22:27,(min) 79
23,3.5,12.978601601606607,77.63439967607185,12.989205305395082,77.57045059473116,conditions Cloudy,High ,0,electric_scooter,Snack,Metropolitan ,13:31,13:47,(min) 74
26,3.6,12.954909365417809,77.55495751517861,13.07373118692364,77.58936979958399,conditions Stormy,Jam ,0,bicycle,Meal,Metropolitan ,16:46,17:01,(min) 102
38,4.4,12.979337213410437,77.59863744565322,12.927864220045079,77.62905357641235,conditions Sunny,NaN ,0,motorcycle,Snack,Metropolitan ,13:12,13:22,(min) 55
34,4,12.977098635284603,77.58938254104034,12.93948051918011,77.59671570427803,conditions Windy,Medium ,1,electric_scooter,Meal,Metropolitan ,18:21,18:42,(min) 47
50,5,12.974308919662983,77.55798746331632,12.892808157331283,77.59495293089195,conditions Sandstorms,Jam ,2,bicycle,Snack,Urban ,13:16,13:40,(min) 86
24,4.7,12.98907784582898,77.60481392110735,13.080057727699343,77.59152396533503,conditions Cloudy,High ,2,bicycle,Drinks,Metropolitan ,14:37,14:50,(min) 72
48,4.5,12.959350600092113,77.62110376224891,12.995111640680527,77.69335954749552,conditions Stormy,Medium ,0,electric_scooter,Drinks,Urban ,12:07,12:22,(min) 73
34,4.3,12.98622352655828,77.55902985882983,12.925629168621468,77.61725443963546,conditions Windy,Low ,0,electric_scooter,Snack,Metropolitan ,21:13,21:28,(min) 67
32,3.5,12.965898258703202,77.56255338515193,12.955500528784613,77.52244163233499,conditions Stormy,Low ,2,motorcycle,Drinks,Urban ,20:10,20:22,(min) 54
44,4.1,12.944124605039507,77.5716888234675,12.857624147396328,77.64443503573531,conditions Stormy,Low ,2,bicycle,Meal,Metropolitan ,09:29,09:52,(min) 74
46,3.6,12.955859553179145,77.5662409539245,12.897130040332035,77.54690865290938,conditions Windy,High ,0,motorcycle,Snack,Semi-Urban ,19:49,20:07,(min) 75
20,3.6,12.93357123054415,77.6160069388993,12.95831919128248,77.4995110857918,conditions Foggy,High ,0,electric_scooter,Snack,Metropolitan ,12:53,13:12,(min) 98
41,3.9,12.943898194412142,77.58553930855393,12.938063802402503,77.52491126782851,conditions Stormy,High ,2,bicycle,Drinks,Urban ,10:36,10:50,(min) 72
41,4.5,12.93332344794497,77.57567603725046,12.960044287620093,77.56088713153268,conditions Sunny,Medium ,1,bicycle,Meal,Metropolitan ,15:20,15:30,(min) 36
22,4.4,12.984883082284034,77.55602426835372,12.97057994475377,77.53124565041844,conditions Windy,Jam ,0,electric_scooter,Snack,Metropolitan ,16:32,16:44,(min) 59
20,4,12.99687765536681,77.62278487420679,12.978754167329098,77.69754235337606,conditions Sunny,Jam ,0,motorcycle,Drinks,Urban ,19:22,19:36,(min) 75
27,3.8,13.010105465891213,77.56409800785632,13.03286975549915,77.50533826175915,conditions Sunny,Jam ,1,scooter,Meal,Metropolitan ,12:12,12:36,(min) 75
39,4.9,12.974504565371573,77.61516055532768,12.899349312097133,77.62930610618562,conditions Cloudy,Low ,2,electric_scooter,Drinks,Metropolitan ,18:34,18:45,(min) 49
39,4,12.962516112903506,77.57631614542603,12.984353688220438,77.60438136903322,conditions Foggy,Jam ,0,scooter,Meal,Urban ,09:19,09:36,(min) 64
49,4.6,12.977415132763237,77.60734816449731,12.96602783832554,77.57969515705744,conditions Cloudy,Medium ,1,scooter,Drinks,Urban ,21:45,22:09,(min) 47
46,NaN ,12.96361892482117,77.6343233927995,12.997529709846477,77.58877738905261,conditions Stormy,Jam ,1,bicycle,Snack,Urban ,22:43,23:06,(min) 72
23,4.7,12.976023747211695,77.61131298397704,13.0006938551304,77.59133544314248,conditions Windy,High ,1,motorcycle,Meal,Metropolitan ,10:48,11:02,(min) 46
40,4.3,12.979080573561044,77.61519213217348,12.957406752992227,77.63559585578976,conditions Cloudy,Medium ,1,scooter,Snack,Metropolitan ,14:17,14:28,(min) 46
31,4.9,12.952738925589621,77.60360250183419,12.858384581642404,77.54784855354002,conditions Stormy,High ,2,motorcycle,Buffet,Metropolitan ,11:50,12:08,(min) 78
34,4,12.969582517722994,77.62379830456376,12.993460926192707,77.60792789875201,conditions Sunny,Jam ,1,scooter,Snack,Metropolitan ,20:23,20:40,(min) 55
41,4.6,12.994961011967064,77.56192991328463,13.0145204617825,77.52276986684205,conditions Foggy,Low ,2,bicycle,Meal,Metropolitan ,22:41,22:55,(min) 44
44,4.7,12.98009374620244,77.58638305272012,13.012444437954287,77.5846464687215,conditions Cloudy,Low ,1,electric_scooter,Meal,Urban ,19:12,19:36,(min) 40
34,4.2,12.989916715005785,77.60353044248224,12.992483567522422,77.5214411091565,conditions Foggy,Jam ,1,electric_scooter,Drinks,Metropolitan ,20:16,20:28,(min) 87
46,4.2,12.931949943861365,77.583791276934,12.952179083141154,77.53408028263088,conditions Windy,High ,1,bicycle,Drinks,Urban ,19:18,19:41,(min) 60
25,4.5,12.956399311198295,77.6069577784188,12.98800778605854,77.63632557924021,conditions Foggy,Jam ,2,electric_scooter,Buffet,Metropolitan ,12:15,12:31,(min) 69
20,4.7,12.960722408870607,77.59111078596712,12.992301256374743,77.4793060845267,conditions Cloudy,Jam ,0,electric_scooter,Buffet,Metropolitan ,17:37,17:48,(min) 87
23,4.8,12.966323214134574,77.63149278950915,12.94555637152443,77.62316906162286,conditions Stormy,Jam ,0,motorcycle,Drinks,Metropolitan ,17:48,18:09,(min) 61
43,3.8,12.970804579275102,77.61580332602412,12.966656542892133,77.69882752657854,conditions Sunny,Low ,2,scooter,Snack,Urban ,22:40,22:59,(min) 51
39,4.5,13.001452724317462,77.5794299600184,13.025597667624297,77.55366307531112,conditions Windy,Jam ,1,scooter,Buffet,Urban ,16:32,16:54,(min) 53
38,3.8,12.985862576010078,77.62781861322969,13.005847760555353,77.62684239312131,conditions Stormy,High ,2,bicycle,Snack,Metropolitan ,08:30,08:45,(min) 55
21,4,12.993610722197593,77.57085138508155,13.050305805755976,77.59547746706164,conditions Sandstorms,Medium ,2,electric_scooter,Meal,Metropolitan ,11:23,11:36,(min) 51
25,NaN ,13.011560786346347,77.58137858963609,12.894000562317695,77.51702815420863,conditions Foggy,Low ,1,bicycle,Drinks,Metropolitan ,08:19,08:31,(min) 72
24,4.3,12.966961663717777,77.62678526981772,12.910370967367355,77.69892184631341,conditions Foggy,High ,2,scooter,Buffet,Metropolitan ,16:35,16:46,(min) 72
28,4,12.947952856457233,77.63187991430088,12.948943717315158,77.54059733206977,conditions Foggy,Jam ,2,electric_scooter,Meal,Urban ,10:40,10:59,(min) 82
39,4.8,13.00998952254504,77.61349971995726,13.006026057098563,77.63690630908387,conditions Stormy,Jam ,0,bicycle,Buffet,Metropolitan ,18:56,19:14,(min) 65
31,3.7,12.958516354317219,77.55815530522764,13.059242212480482,77.46687564003764,conditions Stormy,Medium ,2,scooter,Snack,Metropolitan ,09:24,09:46,(min) 85
27,4.7,12.991788731253148,77.62137458254621,13.072493898974349,77.63666132772914,conditions Sandstorms,High ,0,motorcycle,Buffet,Metropolitan ,22:45,22:59,(min) 71
42,3.5,12.943688492568583,77.57157815727443,12.885633645159379,77.59841227499628,conditions Cloudy,Jam ,0,bicycle,Buffet,Metropolitan ,22:45,22:59,(min) 76
33,4.7,12.945418621821702,77.5749732055612,12.933416089263076,77.5534979568988,conditions Foggy,Medium ,2,electric_scooter,Drinks,Semi-Urban ,18:28,18:42,(min) 36
35,4.5,12.966373202240467,77.5579447512798,13.075734855837949,77.58221218779389,conditions Sunny,Medium ,2,scooter,Meal,Metropolitan ,08:45,08:58,(min) 62
47,3.7,12.986614194902034,77.59625474366396,12.910893334365086,77.51559822602194,conditions Cloudy,Jam ,2,bicycle,Drinks,Semi-Urban ,17:17,17:39,(min) 85
49,4,12.933035342449696,77.6168765161842,13.007626815805413,77.7133609914809,conditions Windy,Jam ,0,scooter,Meal,Metropolitan ,14:37,14:58,(min) 99
48,3.7,13.007096894419194,77.56166854550167,12.991595803331723,77.57876996682714,conditions Windy,Low ,1,scooter,Meal,Metropolitan ,16:42,17:05,(min) 37
41,4.6,12.934569499286265,77.57928490671367,12.908804909100194,77.6113947222332,conditions Cloudy,Low ,1,bicycle,Drinks,Semi-Urban ,15:31,15:45,(min) 37
43,4.7,12.98740588998273,77.63250894173086,13.056296904152935,77.65151773645293,conditions Foggy,Medium ,1,scooter,Snack,Metropolitan ,18:56,19:19,(min) 58
23,4.3,12.949350432789327,77.61262409021184,12.91522156805485,77.64561390715096,conditions Sunny,High ,2,bicycle,Drinks,Urban ,13:00,13:15,(min) 58
42,4.1,12.949934271423519,77.58662667022124,12.915015327786126,77.6370022618053,conditions Sunny,Low ,2,bicycle,Snack,Metropolitan ,08:44,09:08,(min) 47
50,4.1,12.980787973160297,77.6245100806564,12.934187966670676,77.63156216295712,conditions Sandstorms,Low ,1,electric_scooter,Drinks,Metropolitan ,22:45,23:02,(min) 47
41,4.8,12.968524442350866,77.63088951041028,13.012096370063034,77.70657005771197,conditions Sandstorms,Low ,1,bicycle,Drinks,Metropolitan ,21:50,22:06,(min) 64
28,4.4,12.950881414207071,77.56946846279352,12.929264953647236,77.61792053272129,conditions Stormy,High ,1,bicycle,Snack,Metropolitan ,14:02,14:26,(min) 67
42,4.5,12.959515668673815,77.5818847169824,13.01994649495862,77.50035241941936,conditions Windy,High ,0,scooter,Meal,Metropolitan ,22:15,22:35,(min) 79
30,NaN ,12.984779465327412,77.5630095481038,13.004180015415772,77.49337202889207,conditions Sunny,Jam ,2,motorcycle,Drinks,Metropolitan ,18:40,18:55,(min) 60
32,4.3,12.984275670553,77.62401266812384,12.992406901976349,77.60042624782973,conditions Cloudy,Medium ,0,scooter,Meal,Urban ,08:04,08:21,(min) 44
35,NaN ,12.959863606261463,77.61269779781848,12.982270725339323,77.5284517946332,conditions Sandstorms,High ,0,motorcycle,Drinks,Metropolitan ,17:20,17:38,(min) 73
32,4.8,13.008878328146785,77.60264396595805,12.999530578105905,77.66059513993761,conditions Sunny,Jam ,1,bicycle,Buffet,Metropolitan ,11:31,11:49,(min) 56
44,3.9,12.993729544354975,77.59330290296153,13.107733293960875,77.57624424771724,conditions Foggy,Medium ,0,bicycle,Meal,Metropolitan ,20:06,20:24,(min) 93
28,4.8,12.943459807316215,77.55925845867992,12.94846462598628,77.52307984677016,conditions Sandstorms,Jam ,2,scooter,Buffet,Metropolitan ,14:10,14:27,(min) 62
46,4.3,12.934765653273464,77.60250044924244,12.972971406307309,77.67134571525553,conditions Stormy,Jam ,1,bicycle,Drinks,Urban ,15:59,16:16,(min) 84
34,3.8,12.989508940650524,77.57292174913958,12.92374814881656,77.5525324766414,conditions Stormy,Medium ,0,scooter,Drinks,Metropolitan ,16:09,16:21,(min) 72
50,4,12.962980482260138,77.57071949369312,12.949404894608843,77.51584398828456,conditions Windy,Medium ,2,bicycle,Buffet,Metropolitan ,10:57,11:07,(min) 51
41,3.7,12.962058921715618,77.61015412551389,13.041837793256676,77.6550298323792,conditions Foggy,Jam ,1,electric_scooter,Buffet,Urban ,13:49,14:02,(min) 93
29,4,12.980726874543727,77.60433533408717,13.002587020059718,77.5778276107328,conditions Foggy,Low ,0,scooter,Snack,Metropolitan ,17:49,18:07,(min) 44
37,4.3,12.939398435036093,77.62356389052272,12.855589267733945,77.61407593693939,conditions Sandstorms,Medium ,1,motorcycle,Buffet,Metropolitan ,13:02,13:18,(min) 71
25,4.5,12.950584184786678,77.6236674819611,12.912604425556847,77.61635854570403,conditions Sunny,Medium ,0,scooter,Meal,Metropolitan ,18:48,19:03,(min) 38
35,4.3,12.983712442236394,77.55639897103458,12.96108465035332,77.54687009080529,conditions Foggy,Jam ,2,electric_scooter,Buffet,Metropolitan ,22:04,22:19,(min) 56
45,3.8,12.93354588046521,77.58016679064409,12.982972495535257,77.64850091613171,conditions Cloudy,Jam ,2,electric_scooter,Meal,Metropolitan ,19:50,20:12,(min) 81
20,3.8,12.941063690239936,77.56248206748664,12.851612309252888,77.57634707214709,conditions Stormy,Low ,2,scooter,Meal,Metropolitan ,09:34,09:49,(min) 68
26,3.9,12.940614742970467,77.55852835376784,12.998328151969199,77.57926647805213,conditions Sandstorms,High ,1,motorcycle,Buffet,Metropolitan ,20:03,20:14,(min) 73
49,4.9,12.972511293979734,77.60509705486744,13.07362847816477,77.58040220876705,conditions Windy,Jam ,1,bicycle,Snack,Metropolitan ,08:59,09:19,(min) 82
26,4.4,12.956325600965322,77.63443223887161,12.878911183022687,77.55022413962189,conditions Sandstorms,Low ,1,bicycle,Drinks,Metropolitan ,10:57,11:10,(min) 71
25,NaN ,12.94227371973768,77.60683179757595,12.913183542808202,77.6018654081769,conditions Windy,Jam ,2,bicycle,Meal,Metropolitan ,22:28,22:49,(min) 50
29,4,12.987339902723582,77.55506640582382,12.911777699844986,77.58514942319334,conditions Foggy,Low ,2,scooter,Buffet,Urban ,10:12,10:25,(min) 58
32,4,12.952848566638679,77.62386968384534,13.058090806570839,77.6297466418674,conditions Cloudy,Low ,1,electric_scooter,Snack,Metropolitan ,18:18,18:30,(min) 62
37,3.6,12.932501113711298,77.57978573531881,12.911462595955859,77.57617522789246,conditions Sandstorms,Jam ,2,bicycle,Snack,Urban ,19:47,19:59,(min) 64
49,3.9,13.008381013682484,77.57028527555093,12.932584153933826,77.68774453058226,conditions Stormy,Medium ,2,electric_scooter,Snack,Metropolitan ,09:28,09:40,(min) 91
49,4.6,12.991541499959679,77.61870581994802,13.04256345302273,77.64623860518059,conditions Stormy,Medium ,0,electric_scooter,Snack,Metropolitan ,15:09,15:19,(min) 59
41,4.4,12.968078693448007,77.59069698185696,12.886360421466751,77.63101356018812,conditions Windy,Medium ,0,scooter,Snack,Metropolitan ,11:18,11:38,(min) 66
30,4.3,13.0017532237418,77.60823425679504,13.025388485505745,77.72493435935176,conditions Sandstorms,Low ,0,electric_scooter,Drinks,Metropolitan ,12:15,12:34,(min) 79
39,4.5,12.940643315201998,77.59772204314396,13.007650031135185,77.58657300678425,conditions Sandstorms,High ,0,electric_scooter,Meal,Urban ,18:46,19:00,(min) 63
30,4.5,12.975945396719874,77.59496058435217,13.046411503742105,77.5710360973326,conditions Cloudy,Low ,1,bicycle,Buffet,Metropolitan ,11:23,11:38,(min) 51
23,4.5,12.962892226780207,77.62726676016152,12.94017760039199,77.5552140215578,conditions Sandstorms,Medium ,1,electric_scooter,Snack,Urban ,09:43,10:00,(min) 59
23,3.6,12.95996832119152,77.59331675182133,12.89995224975851,77.6384662079223,conditions Sandstorms,Low ,0,bicycle,Meal,Urban ,14:48,15:05,(min) 71
35,NaN ,12.98652966780439,77.61878754041194,13.006259041577968,77.67543997911054,conditions Cloudy,Low ,0,electric_scooter,Snack,Metropolitan ,22:12,22:25,(min) 50
37,4.3,12.970923624838145,77.61011914878189,12.986723678172917,77.57273091801511,conditions Stormy,Medium ,0,scooter,Meal,Metropolitan ,13:13,13:23,(min) 59
45,4.7,12.965695969945193,77.56785845910237,12.959642229862407,77.62596709523933,conditions Cloudy,Medium ,0,bicycle,Snack,Metropolitan ,17:25,17:43,(min) 51
30,4.8,12.958740605952592,77.63060867386908,12.967916099023167,77.58247020531495,conditions Windy,NaN ,1,scooter,Snack,Urban ,16:32,16:46,(min) 42
23,3.7,12.998222501052917,77.59205054291562,13.04489899113387,77.68008819698633,conditions Cloudy,Low ,1,electric_scooter,Snack,Metropolitan ,10:21,10:40,(min) 64
40,3.6,12.948982106427104,77.5641860119164,13.023456307251815,77.51957134711618,conditions Cloudy,Low ,1,bicycle,Drinks,Metropolitan ,11:36,11:48,(min) 60
26,4.7,12.969944332799315,77.63403821838125,13.00288221432296,77.63710499713123,conditions Windy,High ,0,scooter,Meal,Metropolitan ,22:36,22:59,(min) 49
46,4.2,12.976152332442254,77.56464388038069,12.902603665672304,77.60071167409778,conditions Stormy,Low ,0,scooter,Buffet,Metropolitan ,12:04,12:18,(min) 72
45,4.7,12.985699447838963,77.6168995861806,12.914520258516637,77.58520793297276,conditions Windy,Jam ,0,scooter,Meal,Metropolitan ,09:56,10:13,(min) 72
31,3.8,13.00910594260171,77.592594550094,12.942555241710348,77.54028147326663,conditions Cloudy,Low ,2,electric_scooter,Meal,Metropolitan ,22:05,22:25,(min) 57
23,4.1,12.987697445189953,77.57344024409578,12.978815505783219,77.51406910060045,conditions Stormy,Medium ,0,bicycle,Snack,Metropolitan ,21:15,21:38,(min) 66
20,3.9,12.988333356770129,77.58416323515624,12.904521852370939,77.60995941402766,conditions Foggy,Medium ,0,bicycle,Buffet,Metropolitan ,17:31,17:47,(min) 70
23,4.4,12.955055215282739,77.6057039376445,12.987150291055299,77.58663616230646,conditions Foggy,Low ,2,electric_scooter,Snack,Metropolitan ,21:59,22:19,(min) 50
44,4.8,13.004585176239162,77.6239649300933,13.052208850685547,77.73714861397858,conditions Stormy,Low ,0,scooter,Meal,Metropolitan ,22:58,23:21,(min) 77
45,3.6,13.007010593524576,77.59167193141803,13.106676273727892,77.55684406730005,conditions Sandstorms,High ,1,electric_scooter,Meal,Urban ,13:01,13:18,(min) 91
35,3.9,13.009647897405923,77.60991503083184,13.045404630172952,77.55128942733877,conditions Stormy,Medium ,0,scooter,Meal,Metropolitan ,15:54,16:15,(min) 70
24,4.3,12.988113991747053,77.56559819868804,13.08624273080017,77.60711903938633,conditions Stormy,Low ,2,motorcycle,Drinks,Metropolitan ,08:47,09:04,(min) 66
29,4,12.97167763363421,77.55661042061672,12.873261982544753,77.46223657261709,conditions Cloudy,Medium ,1,electric_scooter,Snack,Metropolitan ,08:01,08:11,(min) 79
45,4.3,12.935881996320933,77.62341153900176,12.897473980049313,77.64243082606387,conditions Sandstorms,Low ,0,bicycle,Buffet,Metropolitan ,20:57,21:17,(min) 56
42,4,12.992550767062605,77.56903031946197,12.971358240644888,77.59225979455519,conditions Foggy,Medium ,2,motorcycle,Drinks,Metropolitan ,08:48,09:05,(min) 44
43,4,12.982890311384947,77.57904346524775,13.019683300382045,77.60474704755926,conditions Sandstorms,High ,1,bicycle,Drinks,Semi-Urban ,10:26,10:39,(min) 60
44,4.1,12.994769402908535,77.58386176507025,13.047556952134446,77.58523451969798,conditions Stormy,Low ,0,motorcycle,Buffet,Metropolitan ,20:11,20:28,(min) 65
28,4.2,12.93957861840576,77.62328728438392,12.990700960699844,77.59721283446147,conditions Foggy,Low ,0,scooter,Buffet,Urban ,16:39,16:51,(min) 55
29,3.7,12.966748713365197,77.56559964266643,12.86751954748657,77.52946751152349,conditions Stormy,High ,0,electric_scooter,Snack,Metropolitan ,12:42,13:01,(min) 97
46,3.7,12.963867075609416,77.56751420061141,12.903261918258327,77.57604779117825,conditions Windy,Jam ,2,electric_scooter,Drinks,Metropolitan ,08:15,08:38,(min) 70
21,4.7,12.992352624534071,77.59583801151291,13.068226073110315,77.57891289574238,conditions Windy,Low ,2,electric_scooter,Drinks,Metropolitan ,13:52,14:15,(min) 54
39,3.9,12.962860425616055,77.57343400298655,12.990693139954491,77.55293763424153,conditions Sunny,High ,0,bicycle,Meal,Metropolitan ,16:37,16:50,(min) 50
50,4.5,12.991681269592048,77.62875313942358,13.027268390267542,77.69244175360379,conditions Sunny,Medium ,1,electric_scooter,Drinks,Urban ,15:27,15:46,(min) 53
20,4.3,12.975638410447539,77.56863562584891,13.021837652090884,77.56943632445194,conditions Windy,Low ,1,motorcycle,Drinks,Metropolitan ,08:31,08:45,(min) 40
20,4.5,12.978213372135908,77.5767399591118,12.984311854718303,77.63665467700811,conditions Sandstorms,Low ,0,bicycle,Snack,Metropolitan ,19:16,19:34,(min) 59
31,3.7,12.994060120767356,77.60600571935102,13.045199058678735,77.51666383721575,conditions Foggy,Jam ,2,bicycle,Snack,Semi-Urban ,16:23,16:41,(min) 90
41,3.8,12.974201601146161,77.56363325239197,12.95260087098457,77.62652996676796,conditions Sunny,High ,2,scooter,Buffet,Urban ,16:56,17:15,(min) 58
22,4.8,12.963307206740977,77.57178595987186,13.05588444893877,77.4818501146076,conditions Stormy,High ,2,motorcycle,Drinks,Urban ,17:33,17:52,(min) 84
39,3.8,12.989841014070809,77.597431650991,13.041990517295849,77.68881042246815,conditions Foggy,Jam ,2,motorcycle,Buffet,Semi-Urban ,08:09,08:25,(min) 89
22,4.7,12.949954267776013,77.59105530490204,12.932495333139705,77.60412960310934,conditions Sandstorms,Jam ,1,motorcycle,Snack,Metropolitan ,14:50,15:08,(min) 59
37,3.8,12.954214561375231,77.59625854346007,12.924062933154449,77.58141796445231,conditions Cloudy,Medium ,1,scooter,Drinks,Urban ,20:10,20:24,(min) 54
33,4.5,12.992621931190044,77.62349954529702,13.009411374457951,77.60707909370882,conditions Stormy,Medium ,0,bicycle,Buffet,Urban ,12:57,13:11,(min) 57
42,4.9,12.959343033450097,77.58623896027953,12.986571180514087,77.61576147985376,conditions Cloudy,High ,0,scooter,Meal,Metropolitan ,08:26,08:47,(min) 55
NaN ,4.8,13.004802958218754,77.56751450822726,12.932655848607633,77.54983324274795,conditions Sandstorms,Jam ,1,bicycle,Meal,Metropolitan ,17:31,17:46,(min) 70
23,4.7,12.96385639540702,77.63005030953363,12.952241863212327,77.50110989705179,conditions Sandstorms,High ,2,motorcycle,Drinks,Metropolitan ,22:35,22:53,(min) 85
29,4.1,12.938357455263287,77.60670756033659,12.921695457417455,77.69449670543516,conditions Windy,High ,1,motorcycle,Snack,Metropolitan ,15:50,16:05,(min) 70
34,4.1,12.95598294865191,77.60109025803432,13.021072345003867,77.68298331198129,conditions Sandstorms,High ,0,electric_scooter,Snack,Urban ,12:23,12:45,(min) 89
44,3.9,13.010550212784112,77.61641991102174,12.978153765242153,77.63180055472728,conditions Sunny,High ,1,scooter,Drinks,Metropolitan ,16:23,16:36,(min) 53
25,3.8,13.001686380634457,77.62621100715398,13.08493302819597,77.59218086429813,conditions Sunny,Jam ,2,electric_scooter,Meal,Metropolitan ,19:01,19:15,(min) 80
35,4.8,12.9370016122967,77.57219360319003,13.011612853882358,77.54003159929081,conditions Foggy,NaN ,1,scooter,Snack,Metropolitan ,19:30,19:51,(min) 59
43,4.5,12.94330636638999,77.59300073568747,13.037179880577588,77.6633387399873,conditions Foggy,Low ,1,electric_scooter,Drinks,Urban ,10:28,10:39,(min) 72
48,4.1,13.002975501416625,77.55998094321266,12.927688259428644,77.56099582549548,conditions Cloudy,Low ,2,electric_scooter,Snack,Metropolitan ,22:27,22:43,(min) 52
38,3.7,12.962278377915174,77.6204846924454,13.049291119289142,77.59559105087357,conditions Cloudy,Jam ,0,electric_scooter,Snack,Urban ,11:57,12:21,(min) 84
49,4.4,12.953593037294597,77.61388822595626,12.984527163990201,77.70286017152463,conditions Windy,Jam ,2,motorcycle,Snack,Metropolitan ,13:48,14:00,(min) 86
45,4.4,12.953281245826185,77.5891942679979,13.011387633541599,77.56121707200218,conditions Sunny,Low ,1,scooter,Meal,Metropolitan ,19:08,19:28,(min) 52
42,4.7,13.004842933321745,77.627072814098,12.93887742212501,77.6300252149987,conditions Windy,Medium ,0,electric_scooter,Buffet,Metropolitan ,15:58,16:12,(min) 59
31,4.8,12.947727459853889,77.57359873001501,12.981355960916195,77.58405566177507,conditions Windy,NaN ,2,bicycle,Snack,Metropolitan ,09:15,09:29,(min) 37
24,4.8,12.992595156690479,77.6166756562613,12.927417329238136,77.57789324509271,conditions Cloudy,Jam ,0,motorcycle,Drinks,Semi-Urban ,12:54,13:13,(min) 79
48,4,12.99951244480759,77.61567878999784,12.94829408151988,77.53288727116968,conditions Stormy,Jam ,2,bicycle,Snack,Metropolitan ,18:20,18:44,(min) 87
40,3.9,12.997957667390258,77.56979820556045,12.954094826878512,77.70024483633169,conditions Foggy,Jam ,0,bicycle,Drinks,Metropolitan ,20:47,21:02,(min) 106
23,4.9,12.971607022544742,77.62268672389015,12.873209498510805,77.66634852864034,conditions Stormy,Low ,0,bicycle,Snack,Metropolitan ,09:47,10:01,(min) 71
49,4.9,12.982779262977093,77.61619238431602,13.014454734973555,77.62333403991111,conditions Sunny,High ,2,scooter,Drinks,Urban ,18:12,18:33,(min) 42
45,3.6,12.986105814258009,77.62396325058342,13.054385450748052,77.62392299291372,conditions Sunny,NaN ,1,electric_scooter,Buffet,Metropolitan ,08:13,08:27,(min) 49
33,3.8,12.976576553041488,77.61043682052791,12.993863460073939,77.62637866570644,conditions Foggy,High ,0,electric_scooter,Buffet,Metropolitan ,19:43,20:01,(min) 66
50,4.7,12.950191057062149,77.57274181147143,12.94137674488535,77.47055490427884,conditions Stormy,Low ,0,bicycle,Drinks,Metropolitan ,16:13,16:24,(min) 69
28,3.6,13.005457785817237,77.62442287209481,13.001989442268124,77.57108783718915,conditions Cloudy,Medium ,0,motorcycle,Buffet,Metropolitan ,20:24,20:41,(min) 62
22,4,12.943590804560483,77.60744647496418,12.931532099002597,77.57811823460294,conditions Sandstorms,Low ,2,bicycle,Drinks,Metropolitan ,21:00,21:21,(min) 46
48,NaN ,12.990821908543259,77.60080340585709,12.8915736750421,77.55206266643378,conditions Cloudy,Low ,1,bicycle,Snack,Semi-Urban ,14:34,14:46,(min) 71
22,NaN ,13.006389586141706,77.58935796019658,12.975825172578238,77.64667661027325,conditions Stormy,Low ,2,motorcycle,Meal,Metropolitan ,12:07,12:26,(min) 58
32,NaN ,13.01122808981538,77.55968538020775,13.05104676013216,77.60043836597058,conditions Foggy,Low ,0,bicycle,Snack,Metropolitan ,18:23,18:38,(min) 50
38,4.4,12.970786495766044,77.59535041165576,13.001280836632692,77.58746629412046,conditions Cloudy,Medium ,1,motorcycle,Meal,Metropolitan ,13:22,13:43,(min) 44
20,4.8,13.002816650884599,77.62929912413507,13.034352922258671,77.64634165720638,conditions Cloudy,Low ,0,electric_scooter,Snack,Metropolitan ,10:21,10:43,(min) 42
36,3.5,12.969000159351529,77.63373003945723,12.97291714320372,77.51339610371501,conditions Windy,Jam ,0,motorcycle,Buffet,Urban ,10:01,10:15,(min) 94
40,4.3,12.93299576457441,77.57851365518793,12.95042619612053,77.51929950212617,conditions Cloudy,Low ,0,bicycle,Meal,Metropolitan ,14:01,14:11,(min) 53
34,5,12.996102212684603,77.59905427421481,12.986586272894916,77.57876418548132,conditions Stormy,Medium ,0,bicycle,Drinks,Metropolitan ,20:46,20:57,(min) 56
25,4.2,12.94166533216685,77.57051046476737,12.933559154876471,77.53828758462147,conditions Cloudy,High ,1,scooter,Snack,Urban ,14:57,15:13,(min) 56
32,4.3,12.96649562176168,77.5682982976459,12.893791973362402,77.47002040996493,conditions Sandstorms,Medium ,0,scooter,Meal,Metropolitan ,09:38,09:58,(min) 80
23,4.4,12.999432024972887,77.59485343064219,13.027725324164644,77.61198478411376,conditions Sandstorms,Low ,1,motorcycle,Snack,Semi-Urban ,10:42,11:01,(min) 39
30,4.3,12.991246761659534,77.5794367716372,12.939196252238187,77.70268716866804,conditions Sunny,Jam ,1,motorcycle,Snack,Metropolitan ,08:00,08:19,(min) 90
45,4.5,12.965426692327858,77.58853246402964,13.006883516720498,77.70998490492863,conditions Cloudy,Medium ,1,bicycle,Meal,Metropolitan ,19:04,19:15,(min) 77
46,3.8,12.932884212749451,77.57771221841723,12.976777076705796,77.61211878612687,conditions Sunny,High ,2,electric_scooter,Snack,Metropolitan ,13:31,13:43,(min) 64
33,3.6,12.995806407777966,77.62439205513373,12.965244583545669,77.60906469925713,conditions Stormy,Medium ,2,scooter,Meal,Metropolitan ,18:04,18:14,(min) 51
27,4.1,12.961893983835727,77.62692960127293,12.986657174596138,77.71460380521259,conditions Foggy,Low ,1,electric_scooter,Snack,Urban ,08:24,08:45,(min) 59
48,3.7,12.976536901014299,77.60864626253992,12.946090016304098,77.71271008095908,conditions Cloudy,Low ,1,bicycle,Drinks,Metropolitan ,15:55,16:06,(min) 71
37,3.6,13.001813560573757,77.56039947018996,12.991914713571942,77.58032145742703,conditions Cloudy,Jam ,2,electric_scooter,Snack,Metropolitan ,20:46,20:56,(min) 63
NaN ,4.1,12.963730046505482,77.55914497359693,13.018953156820656,77.6782171001049,conditions Foggy,High ,1,scooter,Drinks,Metropolitan ,08:41,09:05,(min) 85
34,4.7,12.997581204304845,77.57758095852137,12.91727329308545,77.60063117533883,conditions Stormy,High ,2,bicycle,Drinks,Metropolitan ,19:24,19:47,(min) 75
33,4.5,12.988465948811173,77.56693035629615,13.002966933026405,77.5955049448401,conditions Foggy,Low ,0,motorcycle,Drinks,Metropolitan ,08:32,08:48,(min) 40
28,4.8,13.000520312356205,77.55641014794857,13.02523131484068,77.59135892290747,conditions Cloudy,Medium ,0,electric_scooter,Buffet,Metropolitan ,12:09,12:32,(min) 48
NaN ,4,12.941262142656743,77.57149115384594,13.013830492003281,77.52011536336305,conditions Sunny,Low ,1,bicycle,Buffet,Metropolitan ,20:00,20:20,(min) 62
20,3.9,12.961039497329296,77.63277748205736,12.9507847665223,77.69999803425667,conditions Stormy,Low ,1,bicycle,Drinks,Metropolitan ,19:41,20:02,(min) 66
20,4.1,12.940093066374214,77.61479197389484,12.922421689878254,77.67863539969089,conditions Cloudy,Low ,0,scooter,Buffet,Metropolitan ,21:12,21:36,(min) 60
21,NaN ,12.987781258484722,77.56276471835598,13.050423742076479,77.5446767322714,conditions Stormy,Jam ,1,electric_scooter,Buffet,Metropolitan ,08:40,08:56,(min) 77
26,4.8,13.00716409418583,77.57736010511444,12.961632349003422,77.45726847137986,conditions Sandstorms,Low ,1,electric_scooter,Drinks,Urban ,20:17,20:32,(min) 77
24,4.6,12.985539316086472,77.63359427110329,12.998941767000488,77.76465760915832,conditions Windy,Medium ,0,electric_scooter,Snack,Metropolitan ,19:52,20:07,(min) 80
44,4.2,12.982369569594413,77.5913145781964,12.908042612539475,77.52332151985242,conditions Windy,High ,2,motorcycle,Meal,Metropolitan ,22:10,22:26,(min) 75
25,4.6,12.933138106799126,77.63070525248573,13.025547014466847,77.70295841118363,conditions Stormy,Jam ,2,bicycle,Snack,Metropolitan ,13:32,13:56,(min) 93
25,4,12.937711702676863,77.61538364234417,12.846652476489362,77.57629638630911,conditions Stormy,Medium ,1,electric_scooter,Drinks,Metropolitan ,09:33,09:55,(min) 75
39,4.9,12.953905794246495,77.56565358453467,13.049046060663661,77.55167498710924,conditions Windy,Low ,0,scooter,Meal,Metropolitan ,20:12,20:29,(min) 66
28,3.6,12.965939809510857,77.60491149685383,13.005954586055356,77.59780750053139,conditions Foggy,High ,2,scooter,Drinks,Metropolitan ,21:03,21:27,(min) 66
47,4.6,12.98145628195107,77.56120004233941,12.936624792148955,77.57261663395589,conditions Windy,Low ,0,scooter,Drinks,Metropolitan ,16:22,16:45,(min) 48
40,4,13.006057226525993,77.56846861491948,13.0005717964482,77.6176475621229,conditions Windy,Low ,0,motorcycle,Meal,Metropolitan ,12:49,13:13,(min) 54
46,NaN ,12.935760532914102,77.60453428358808,12.978227877857028,77.64294914881897,conditions Sunny,Jam ,2,motorcycle,Drinks,Metropolitan ,20:55,21:06,(min) 61
23,4.1,12.986037274374068,77.61761293300465,13.083497194041737,77.52849886951495,conditions Sandstorms,Jam ,0,motorcycle,Drinks,Metropolitan ,19:39,19:56,(min) 102
30,4.3,12.938287076929956,77.58021227396131,13.036416707263013,77.54112152848721,conditions Foggy,Medium ,1,electric_scooter,Meal,Urban ,15:32,15:53,(min) 73
31,3.6,12.979603070857376,77.56500431138129,12.877043385531765,77.54137525031719,conditions Cloudy,High ,2,motorcycle,Buffet,Metropolitan ,22:37,22:53,(min) 77
46,4.6,12.936158787979187,77.63004649170712,13.020582034985841,77.74017329351042,conditions Windy,Low ,1,motorcycle,Meal,Metropolitan ,10:33,10:47,(min) 72
32,3.8,12.96457876322642,77.62934489405751,12.944567228953265,77.63075833398577,conditions Foggy,Medium ,0,scooter,Snack,Urban ,21:08,21:24,(min) 57
45,4.9,12.951285448911042,77.61533408838362,12.922868094370243,77.72110512348215,conditions Stormy,Medium ,0,motorcycle,Meal,Metropolitan ,19:53,20:17,(min) 88
30,5,12.99048837043196,77.61827869542911,13.021901045106874,77.5312679863867,conditions Stormy,High ,2,electric_scooter,Drinks,Semi-Urban ,18:09,18:21,(min) 73
42,4.5,12.960474157220126,77.57003226672336,12.901233339124694,77.61296055157213,conditions Foggy,Low ,1,bicycle,Drinks,Metropolitan ,12:37,12:58,(min) 63
46,4.8,13.011112663390488,77.58951548892111,12.914912306904213,77.65497238092838,conditions Foggy,Medium ,0,motorcycle,Snack,Metropolitan ,10:00,10:14,(min) 81
40,4.6,12.96004164673239,77.56551266917064,12.96322192510092,77.59672959873072,conditions Windy,High ,0,motorcycle,Meal,Metropolitan ,20:13,20:31,(min) 53
47,3.7,12.95275631306544,77.58549068844914,13.02265916930366,77.50722457971874,conditions Cloudy,Low ,0,motorcycle,Meal,Metropolitan ,15:45,16:06,(min) 72
27,4,12.965704613885285,77.55591283929571,12.995243991574423,77.61164373581573,conditions Stormy,Medium ,1,electric_scooter,Drinks,Metropolitan ,21:50,22:08,(min) 64
45,3.7,12.98711741508767,77.61883424188048,13.004141060366814,77.7117068974803,conditions Sunny,High ,2,electric_scooter,Meal,Metropolitan ,14:22,14:37,(min) 73
50,4.3,13.000598160474002,77.61654842660799,12.978094457061125,77.5198476826303,conditions Sunny,Jam ,2,electric_scooter,Buffet,Metropolitan ,19:01,19:17,(min) 86
32,4.4,12.932885833138974,77.5548910860628,12.960402936770642,77.54466496239456,conditions Sandstorms,Low ,0,scooter,Meal,Metropolitan ,10:41,11:03,(min) 45
47,4.8,12.949496582782269,77.60294109334275,12.987266713939617,77.5960659285293,conditions Cloudy,High ,2,scooter,Meal,Urban ,16:01,16:22,(min) 47
21,3.7,12.964146054236592,77.61441359923258,12.91389657040628,77.59937273589486,conditions Foggy,Jam ,0,bicycle,Meal,Metropolitan ,19:06,19:26,(min) 80
24,3.9,12.956782290095836,77.5649072091192,12.872683312442954,77.63690228444645,conditions Sandstorms,NaN ,1,scooter,Buffet,Metropolitan ,18:25,18:47,(min) 75
38,NaN ,12.963459251651914,77.61434133819341,12.854898739016797,77.55281196880597,conditions Sunny,Jam ,2,electric_scooter,Drinks,Metropolitan ,08:26,08:50,(min) 79
28,3.7,13.0026367484577,77.61721199094355,13.062732918521178,77.5569414495558,conditions Foggy,Jam ,2,electric_scooter,Snack,Urban ,19:07,19:29,(min) 85
39,4.4,12.976436921524257,77.59028560082466,12.871360761040531,77.53705299755191,conditions Stormy,High ,0,scooter,Buffet,Urban ,15:04,15:24,(min) 93
23,4,12.971866607198864,77.62783312729597,12.898075228077433,77.68224307790602,conditions Stormy,NaN ,2,bicycle,Drinks,Metropolitan ,11:52,12:07,(min) 67
43,5,12.961831858063489,77.57702856718599,12.894364842065652,77.55733697609543,conditions Foggy,Low ,2,bicycle,Snack,Metropolitan ,09:59,10:15,(min) 49
NaN ,3.7,12.979509213155508,77.57651310985014,12.932916926044747,77.61634001575756,conditions Sandstorms,Low ,1,motorcycle,Meal,Urban ,08:32,08:50,(min) 55
39,4.4,12.961187108697743,77.57559054720252,12.974533731197845,77.71090769155086,conditions Windy,Medium ,2,scooter,Meal,Metropolitan ,18:06,18:16,(min) 79
47,4.1,12.973030753208697,77.6179701439388,12.978435224525757,77.63963732081707,conditions Sunny,Jam ,1,bicycle,Drinks,Urban ,13:57,14:15,(min) 57
39,NaN ,12.94207696813941,77.6288776892893,13.021303720029385,77.56399038256852,conditions Foggy,Low ,0,bicycle,Buffet,Metropolitan ,22:49,23:00,(min) 62
23,4,12.951254204770922,77.60868175786958,12.951106666603607,77.55256575547472,conditions Sandstorms,Low ,2,bicycle,Snack,Metropolitan ,13:34,13:51,(min) 57
50,4.9,12.978859345632047,77.61577361996324,13.041495275075386,77.61796435542185,conditions Stormy,Jam ,0,electric_scooter,Meal,Metropolitan ,19:54,20:11,(min) 84
45,3.9,12.939468142537773,77.57344312385693,12.964733636312392,77.43936104684263,conditions Stormy,Jam ,0,bicycle,Buffet,Metropolitan ,19:59,20:13,(min) 113
46,4,12.95803061907962,77.59970894171893,12.866447317415627,77.57516280519226,conditions Cloudy,Medium ,2,motorcycle,Drinks,Metropolitan ,08:39,08:57,(min) 61
31,NaN ,12.963947259521484,77.59564043660686,12.897150691627875,77.61333119276426,conditions Foggy,Low ,0,bicycle,Snack,Semi-Urban ,08:33,08:56,(min) 56
46,NaN ,12.959178459139913,77.56818530204743,12.981843046947054,77.5574590551436,conditions Sandstorms,High ,1,motorcycle,Snack,Semi-Urban ,19:41,20:01,(min) 55
46,3.8,12.996107182724774,77.63181039207652,13.06746517915851,77.53094313779452,conditions Sunny,Low ,0,motorcycle,Snack,Metropolitan ,10:42,11:05,(min) 76
26,3.8,12.995009796450288,77.56492185196876,12.95973812506871,77.50124150957657,conditions Windy,High ,1,electric_scooter,Buffet,Metropolitan ,14:58,15:15,(min) 68
34,4,12.967915392330289,77.61190401193723,12.968476580969734,77.64621001048796,conditions Sandstorms,Low ,1,electric_scooter,Buffet,Metropolitan ,19:19,19:35,(min) 47
29,3.6,12.957836378084869,77.56071715305596,12.859098468283502,77.54946182618815,conditions Sunny,Low ,1,motorcycle,Drinks,Metropolitan ,16:12,16:25,(min) 60
21,3.7,12.980872697530687,77.61034270436541,12.92980646965576,77.64949523808436,conditions Cloudy,Medium ,1,scooter,Buffet,Metropolitan ,22:57,23:07,(min) 55
32,4.9,12.945564910376817,77.5559304091245,12.983745028555864,77.53305404608439,conditions Windy,Jam ,0,motorcycle,Meal,Metropolitan ,15:11,15:33,(min) 58
35,4.9,12.932520347124338,77.59428257678672,12.96032046888401,77.49860215285861,conditions Cloudy,Jam ,1,electric_scooter,Buffet,Metropolitan ,19:52,20:06,(min) 85
25,3.9,12.983899359943718,77.56559575456232,13.02288017496906,77.53211011087004,conditions Sunny,Low ,1,bicycle,Meal,Metropolitan ,11:01,11:24,(min) 41
38,4.2,13.004193478001655,77.63245614119843,13.006431737145364,77.70223524045984,conditions Stormy,Jam ,0,bicycle,Drinks,Semi-Urban ,18:33,18:44,(min) 80
40,3.9,12.980624677425624,77.57467732285187,12.949682494828588,77.56130418629496,conditions Cloudy,High ,2,electric_scooter,Meal,Metropolitan ,12:47,13:09,(min) 61
41,3.6,12.982538677694649,77.5559751226291,13.022017049481155,77.65060610803572,conditions Sandstorms,High ,1,scooter,Buffet,Urban ,10:51,11:04,(min) 83
23,4.8,12.936685079539568,77.57550603597463,12.900130429641925,77.60084388874019,conditions Stormy,High ,1,motorcycle,Buffet,Urban ,18:04,18:21,(min) 55
31,4,12.946598741280289,77.59331500838547,12.916939675758957,77.58305222104396,conditions Windy,Low ,1,motorcycle,Meal,Metropolitan ,22:30,22:41,(min) 38
21,4.3,12.961776426731051,77.63018993885294,12.859033726557351,77.70575800412371,conditions Sunny,High ,0,electric_scooter,Snack,Metropolitan ,14:42,15:03,(min) 91
45,4.2,12.96045485040024,77.59334789603055,13.00399442978101,77.5189271192647,conditions Sandstorms,High ,0,electric_scooter,Snack,Urban ,17:52,18:13,(min) 80
43,4.3,12.94362495707199,77.57515569160729,12.853315671389822,77.52925091541564,conditions Foggy,Low ,0,scooter,Snack,Metropolitan ,11:07,11:22,(min) 71
49,4.2,12.97876529186815,77.62093227059617,12.931493610067621,77.55060011928957,conditions Sandstorms,Jam ,2,motorcycle,Drinks,Urban ,16:52,17:09,(min) 78
31,4.9,12.949079953840375,77.63365158793553,12.955619335228244,77.66839786852123,conditions Sunny,High ,1,scooter,Drinks,Urban ,22:19,22:40,(min) 40
43,4.5,12.96034311555177,77.6078992473431,13.005136160336823,77.61236748053474,conditions Windy,Low ,0,bicycle,Drinks,Semi-Urban ,15:30,15:41,(min) 43
42,4.7,12.940470395421983,77.60842521210239,12.957135214615997,77.65890666681939,conditions Stormy,Medium ,1,motorcycle,Drinks,Urban ,11:14,11:38,(min) 53
36,4.4,12.953558690099419,77.56212317184583,12.895878005320256,77.58774244894752,conditions Foggy,Low ,2,electric_scooter,Meal,Urban ,16:06,16:16,(min) 47
20,3.8,12.971104893943668,77.5770770208262,13.073237937989864,77.6246977377635,conditions Sandstorms,Jam ,1,bicycle,Snack,Urban ,19:56,20:17,(min) 100
49,3.9,12.934373300148547,77.56091519751624,12.993505928579625,77.52146073141856,conditions Sandstorms,High ,2,motorcycle,Snack,Metropolitan ,09:21,09:42,(min) 71
29,4.4,12.972984209338575,77.58453473038077,12.913764553227137,77.66008943342544,conditions Sunny,Medium ,2,electric_scooter,Buffet,Metropolitan ,20:26,20:41,(min) 62
42,4.6,12.991358520051838,77.60407472175584,12.94567265942609,77.50695236697032,conditions Sunny,Jam ,0,scooter,Drinks,Metropolitan ,11:09,11:28,(min) 82
49,4.9,12.97809512110278,77.62493904287965,13.004980422911572,77.60681428045339,conditions Stormy,High ,2,bicycle,Snack,Metropolitan ,10:46,11:06,(min) 54
23,3.9,12.990890531091393,77.58475033716336,13.040636567561743,77.67509540557374,conditions Sunny,High ,0,motorcycle,Meal,Urban ,19:09,19:22,(min) 84
42,3.7,12.970070703288913,77.58087741536126,12.912097972874045,77.49355643739165,conditions Stormy,Low ,0,bicycle,Buffet,Metropolitan ,19:07,19:19,(min) 83
28,3.8,12.9575140294604,77.56337301070839,12.89449988531392,77.56211010533318,conditions Windy,Low ,1,electric_scooter,Meal,Metropolitan ,08:27,08:50,(min) 55
45,4.5,13.004088769702614,77.58287468032017,13.043458275968273,77.70801173414252,conditions Sunny,Low ,0,scooter,Buffet,Metropolitan ,19:44,20:05,(min) 78
47,3.9,12.952340238744766,77.5793820686549,12.978079153207243,77.51327233719832,conditions Stormy,Jam ,0,bicycle,Drinks,Metropolitan ,15:41,16:00,(min) 84
44,4.7,12.992625723218918,77.6154264070563,12.863782042151728,77.65599579206295,conditions Sandstorms,Medium ,0,bicycle,Snack,Urban ,08:29,08:40,(min) 88
48,4.9,12.989996053723992,77.58481036380901,12.901404542384782,77.54320994197292,conditions Sunny,High ,1,scooter,Buffet,Metropolitan ,12:34,12:44,(min) 71
20,4.9,12.997735185081511,77.56243324114978,12.969188910427938,77.60843241936008,conditions Sunny,Medium ,2,electric_scooter,Buffet,Metropolitan ,19:30,19:54,(min) 45
28,4.5,12.993385655021667,77.58091037889048,13.025185681352125,77.57882398726551,conditions Sandstorms,Low ,1,scooter,Buffet,Metropolitan ,21:40,21:56,(min) 43
32,4.6,12.960924765559286,77.61887800815552,12.964085273562905,77.70999679806395,conditions Foggy,High ,2,scooter,Meal,Urban ,12:11,12:35,(min) 75
43,4.1,12.995950260812789,77.63136484577358,13.02023400151788,77.61365101684784,conditions Sandstorms,Medium ,0,scooter,Drinks,Metropolitan ,19:59,20:19,(min) 57
31,3.9,12.964015276765824,77.61204406996295,12.87368532962245,77.66252237770958,conditions Stormy,High ,0,motorcycle,Buffet,Metropolitan ,22:37,22:50,(min) 85
42,4.7,12.991552417965979,77.63200025799722,13.040776696429793,77.57112479530706,conditions Foggy,Low ,1,bicycle,Meal,Metropolitan ,09:35,09:56,(min) 54
21,4.2,12.950676323397458,77.6306885909386,12.879104036495942,77.58973316754854,conditions Cloudy,Medium ,1,scooter,Meal,Metropolitan ,14:33,14:45,(min) 68
42,4.9,12.999399488995225,77.59790521345138,13.081846654894763,77.6842857819625,conditions Stormy,High ,2,motorcycle,Snack,Metropolitan ,18:55,19:17,(min) 81
20,4.8,12.967858535459639,77.61222139117345,13.027553707324026,77.73815777493748,conditions Cloudy,Jam ,2,electric_scooter,Meal,Metropolitan ,10:33,10:44,(min) 86
32,4,12.941967405544966,77.57920017312318,12.998398681648746,77.56254610267187,conditions Cloudy,High ,0,electric_scooter,Buffet,Metropolitan ,13:04,13:21,(min) 69
26,4.8,13.011433449684084,77.62632083685175,13.007727781052141,77.66994375303419,conditions Cloudy,Jam ,0,scooter,Drinks,Urban ,11:01,11:20,(min) 61
20,4.1,12.938430498054624,77.58825981018171,12.88084700179666,77.59272733309035,conditions Cloudy,Medium ,1,electric_scooter,Drinks,Urban ,13:03,13:14,(min) 60
25,4.6,12.974711388571562,77.55754751437381,12.86551412473927,77.60519361919161,conditions Stormy,Low ,2,bicycle,Drinks,Metropolitan ,12:06,12:30,(min) 80
23,4.5,12.9968054781653,77.56202853164673,13.06139796482548,77.58410211532653,conditions Windy,Medium ,1,motorcycle,Snack,Metropolitan ,19:46,20:01,(min) 56
50,4.2,12.966298908403516,77.57399579999074,13.063747762648314,77.58856029356983,conditions Sunny,Medium ,1,electric_scooter,Buffet,Metropolitan ,22:23,22:33,(min) 61
49,4.8,12.957173706757278,77.5677255947426,13.07105855608421,77.55107063429065,conditions Sandstorms,Low ,2,scooter,Buffet,Metropolitan ,21:49,22:01,(min) 77
27,4.8,12.998990586696566,77.60980653793588,13.0871697733125,77.69995203892353,conditions Foggy,Low ,2,scooter,Buffet,Metropolitan ,20:04,20:14,(min) 72
25,4.5,12.96181453725174,77.62610439150632,13.094272437440107,77.60358890870532,conditions Sandstorms,NaN ,0,motorcycle,Meal,Urban ,20:45,21:08,(min) 88
22,4.6,12.935412511116267,77.59355124090835,12.88394506511059,77.68258385086567,conditions Foggy,Low ,2,motorcycle,Buffet,Metropolitan ,10:57,11:13,(min) 64
39,5,12.96740788841471,77.57894893425554,12.99657398875545,77.70725876351564,conditions Stormy,Medium ,1,scooter,Buffet,Urban ,19:18,19:39,(min) 91
42,3.6,12.96209950586632,77.56348757236302,12.906477857027285,77.54324294929967,conditions Sunny,Low ,1,motorcycle,Snack,Metropolitan ,16:45,16:57,(min) 51
44,3.5,12.996474299913645,77.58754919742272,12.967929974066676,77.61598988560803,conditions Sandstorms,Medium ,1,motorcycle,Snack,Metropolitan ,20:14,20:29,(min) 59
21,3.9,13.00544631505236,77.57104796784967,12.991632943744357,77.52337885365286,conditions Stormy,Low ,1,bicycle,Drinks,Metropolitan ,15:21,15:43,(min) 51
34,3.5,12.985205078496039,77.60676905700043,12.94212150657201,77.55656073091977,conditions Stormy,NaN ,0,scooter,Meal,Urban ,15:23,15:41,(min) 65
40,4.9,12.944401885847002,77.59252491927742,12.8711533985397,77.66704269908145,conditions Windy,Medium ,1,motorcycle,Meal,Metropolitan ,16:27,16:39,(min) 65
33,3.7,12.978711487612129,77.5824030156158,13.036114729857427,77.55223407997403,conditions Windy,High ,2,bicycle,Meal,Urban ,09:30,09:44,(min) 63
29,NaN ,12.948907982482016,77.62302631565407,13.038060697644587,77.58591264113358,conditions Foggy,Medium ,2,motorcycle,Buffet,Metropolitan ,14:14,14:38,(min) 69
43,4,12.948830106107891,77.59585467443839,12.935734333767092,77.5332549843709,conditions Cloudy,Low ,2,bicycle,Drinks,Metropolitan ,10:39,10:54,(min) 47
37,3.8,12.950914548391848,77.60214737995565,12.952828596025807,77.63131096419635,conditions Sandstorms,Low ,0,bicycle,Meal,Metropolitan ,19:11,19:33,(min) 49
50,4,12.99413680497408,77.56878491689488,13.056779343174732,77.63053019659935,conditions Foggy,Jam ,1,scooter,Buffet,Metropolitan ,18:20,18:31,(min) 80
39,3.6,13.00281977036819,77.62175754698961,13.06148125925382,77.7304613272453,conditions Stormy,Medium ,1,bicycle,Buffet,Metropolitan ,20:56,21:07,(min) 93
37,NaN ,13.007705078645051,77.5795170905538,12.99936233043876,77.66224956509586,conditions Cloudy,Medium ,1,bicycle,Buffet,Metropolitan ,09:07,09:25,(min) 58
33,3.9,12.991749032734335,77.62219755590931,12.99103167346019,77.73754827679802,conditions Sunny,Low ,0,bicycle,Snack,Metropolitan ,08:12,08:28,(min) 64
47,3.7,12.999061936641485,77.57357360481322,12.935623510530498,77.60697088416676,conditions Sandstorms,High ,1,electric_scooter,Meal,Metropolitan ,20:30,20:48,(min) 77
45,4.6,12.942710315769911,77.61184234862253,12.816966032960122,77.6675771447801,conditions Sandstorms,Low ,1,motorcycle,Meal,Metropolitan ,13:57,14:19,(min) 82
25,4.6,12.967243648114056,77.55686248588412,12.948844759714772,77.45873879433212,conditions Sandstorms,Jam ,1,motorcycle,Meal,Metropolitan ,19:18,19:33,(min) 88
48,3.8,12.944204225017131,77.62113207676485,12.840719198014105,77.63345612893546,conditions Sunny,Medium ,2,motorcycle,Snack,Metropolitan ,15:23,15:36,(min) 66
40,4.9,12.97472203699723,77.60211825019717,12.92313929692842,77.47531803082302,conditions Sandstorms,Low ,1,scooter,Snack,Metropolitan ,13:54,14:08,(min) 83
34,4.2,12.971249006649852,77.61627928239331,12.859167017263788,77.54947238737854,conditions Sunny,Medium ,2,motorcycle,Snack,Metropolitan ,22:40,22:57,(min) 72
47,NaN ,12.99670489223525,77.5742333161369,12.966714162481292,77.58907609240177,conditions Sunny,Jam ,2,electric_scooter,Meal,Metropolitan ,18:36,19:00,(min) 53
27,3.7,12.938815548511595,77.63437169971913,12.95925703147803,77.62132233883925,conditions Sunny,Medium ,1,scooter,Meal,Metropolitan ,09:10,09:20,(min) 34
29,4.2,12.941862605436146,77.61679903917984,12.929319844075328,77.69185405928096,conditions Windy,Low ,2,motorcycle,Buffet,Metropolitan ,14:37,14:55,(min) 60
30,4.2,12.947948167750985,77.58741114518642,12.971294780426136,77.56521603731431,conditions Windy,Low ,2,electric_scooter,Meal,Metropolitan ,20:52,21:10,(min) 44
49,4.5,12.970344880631567,77.55591869530305,12.94694501422425,77.60256494461407,conditions Sandstorms,Low ,0,motorcycle,Meal,Metropolitan ,15:00,15:18,(min) 52
20,3.6,12.968445576297492,77.55637202034741,12.960372471476822,77.47961351573609,conditions Stormy,Medium ,2,scooter,Snack,Metropolitan ,19:41,19:56,(min) 76
35,4.6,12.966961610613764,77.61839231223837,12.987396292093479,77.5871332047375,conditions Stormy,High ,0,scooter,Snack,Urban ,11:20,11:44,(min) 61
NaN ,4.9,12.958878726771474,77.6161647253953,12.931325107617228,77.66303585331693,conditions Foggy,Low ,0,bicycle,Snack,Metropolitan ,11:24,11:39,(min) 49
32,4.6,12.983039749747515,77.60293391977474,12.959109718665383,77.58971534886706,conditions Stormy,Low ,1,scooter,Meal,Metropolitan ,17:22,17:40,(min) 40
26,3.5,12.9808433684133,77.59129358488173,13.052535994715937,77.65884231505486,conditions Foggy,Medium ,1,motorcycle,Snack,Metropolitan ,09:39,10:02,(min) 72
34,3.7,12.936739691270889,77.59809811242893,12.816985051402769,77.66961843576529,conditions Windy,High ,1,electric_scooter,Snack,Metropolitan ,22:29,22:52,(min) 90
30,3.7,12.98965356586352,77.58520441330076,13.013795005784095,77.54373385747816,conditions Stormy,High ,2,motorcycle,Buffet,Metropolitan ,17:22,17:38,(min) 65
37,4.4,12.941264038047194,77.60641594422087,12.862370595007656,77.58496414583784,conditions Stormy,NaN ,1,scooter,Snack,Metropolitan ,17:42,18:04,(min) 59
49,4.5,12.96370416764021,77.60312675704286,12.999557495356012,77.58939055872716,conditions Cloudy,High ,1,motorcycle,Meal,Metropolitan ,20:43,20:56,(min) 54
39,4.3,13.01027427950725,77.59858224245757,13.09393939231762,77.59020311910288,conditions Foggy,High ,2,electric_scooter,Buffet,Metropolitan ,10:25,10:36,(min) 71
50,NaN ,12.953865778370202,77.59822709762528,12.871596826909647,77.64750774033615,conditions Cloudy,High ,1,bicycle,Meal,Urban ,10:48,11:09,(min) 68
36,3.8,12.96210993839279,77.56868869355917,13.085655696120668,77.51417439983318,conditions Foggy,High ,0,electric_scooter,Buffet,Metropolitan ,15:02,15:21,(min) 92
31,4.7,12.939778866878152,77.58187579360828,12.839711762709932,77.52367188750394,conditions Sandstorms,Low ,0,bicycle,Meal,Metropolitan ,08:51,09:08,(min) 67
45,4.7,12.981314739155025,77.55967745463401,12.912045434686497,77.54553188356783,conditions Foggy,High ,0,scooter,Snack,Semi-Urban ,13:34,13:44,(min) 73
41,4,12.933208333978802,77.56560150316953,12.976548710308458,77.48326692288484,conditions Sandstorms,High ,1,motorcycle,Snack,Metropolitan ,14:39,14:58,(min) 79
NaN ,3.9,12.971307479253412,77.58538972226009,12.896602895531247,77.6443638334991,conditions Foggy,Low ,1,bicycle,Snack,Urban ,14:09,14:32,(min) 75
26,4.3,12.98452435033247,77.55772259037047,13.089108690438472,77.61793102277673,conditions Foggy,Jam ,2,electric_scooter,Buffet,Metropolitan ,19:53,20:15,(min) 95
35,3.6,12.974247758983076,77.59450674177185,12.981923886682823,77.61423394759971,conditions Windy,High ,0,bicycle,Meal,Metropolitan ,16:23,16:46,(min) 47
47,3.6,12.948174244070799,77.57709738313258,12.950477952756433,77.50262734846856,conditions Windy,High ,2,bicycle,Meal,Metropolitan ,15:45,16:06,(min) 70
46,3.7,12.997832480853797,77.5936786026232,12.964336628512983,77.54572888763873,conditions Foggy,Medium ,2,motorcycle,Buffet,Metropolitan ,15:44,16:05,(min) 57
42,3.9,12.955204846801609,77.63110788571686,13.054419959955435,77.5719031600937,conditions Windy,Low ,1,scooter,Drinks,Metropolitan ,09:36,09:54,(min) 73
24,4.9,12.999921897722782,77.56029244937972,12.90657878983316,77.61620460095679,conditions Foggy,Low ,0,motorcycle,Drinks,Metropolitan ,22:20,22:31,(min) 67
NaN ,4.9,12.941789504567534,77.61857571191192,12.885171989271075,77.6698486613398,conditions Stormy,Medium ,1,electric_scooter,Buffet,Urban ,22:45,22:55,(min) 64
33,4.4,13.002355239650608,77.59876486462578,12.925886318597632,77.55634258933624,conditions Cloudy,Medium ,0,bicycle,Buffet,Metropolitan ,15:05,15:25,(min) 64
32,3.9,12.951296101527662,77.58688076789528,12.887989170409966,77.57342057459418,conditions Sunny,High ,0,scooter,Meal,Metropolitan ,22:09,22:22,(min) 64
46,4.2,13.0044976194188,77.5634485156931,13.026158424415206,77.5112622803612,conditions Windy,NaN ,2,electric_scooter,Buffet,Metropolitan ,13:18,13:35,(min) 48
NaN ,3.6,12.999805219395459,77.5862996637173,12.946959082355436,77.459952931606,conditions Cloudy,Medium ,0,scooter,Buffet,Metropolitan ,20:41,21:03,(min) 91
30,3.9,13.009515806137026,77.58069566995874,13.07752289101408,77.64384470400726,conditions Windy,Jam ,0,bicycle,Snack,Urban ,18:15,18:28,(min) 85
42,4.5,12.964155028274655,77.59192430851087,12.970232315752726,77.67452449881522,conditions Sandstorms,Medium ,0,bicycle,Buffet,Metropolitan ,09:58,10:19,(min) 65
23,3.9,12.940642204748839,77.58934499929697,12.910341364681816,77.68175571578203,conditions Cloudy,Medium ,0,bicycle,Snack,Urban ,17:52,18:09,(min) 72
21,4.8,12.962602430412918,77.57396850070954,12.913350067288944,77.57998283898472,conditions Sunny,Low ,0,electric_scooter,Snack,Metropolitan ,21:12,21:28,(min) 45
43,4.5,12.982483643701674,77.63051796433552,12.920881227375084,77.51462673647005,conditions Sunny,Medium ,0,motorcycle,Snack,Metropolitan ,22:49,23:09,(min) 78
25,4.1,13.00166713880226,77.59770026992112,12.984755587808614,77.55769361174774,conditions Sandstorms,Medium ,1,electric_scooter,Drinks,Metropolitan ,22:58,23:20,(min) 51
49,4.8,13.007700384555758,77.60608810932413,13.078986403152593,77.67719562879367,conditions Sandstorms,Jam ,2,scooter,Drinks,Urban ,20:50,21:03,(min) 90
44,4.6,12.962561831882596,77.59669981596097,12.915369492166805,77.55339823296494,conditions Sandstorms,Medium ,1,electric_scooter,Buffet,Metropolitan ,13:03,13:24,(min) 59
39,4.1,12.987296870218962,77.60638665626794,13.090415344005013,77.62074381894082,conditions Foggy,Medium ,0,motorcycle,Buffet,Metropolitan ,16:39,16:56,(min) 75
28,4.4,13.002941202817858,77.58910583169236,13.037309893633054,77.67007594012813,conditions Stormy,High ,0,bicycle,Meal,Metropolitan ,11:29,11:42,(min) 83
32,4.1,12.958717457259446,77.57903021781742,12.975062469017976,77.56614284138492,conditions Sunny,High ,2,scooter,Meal,Urban ,15:05,15:29,(min) 37
38,4.9,12.985109523998947,77.59391978333741,12.94358935766341,77.53947761291191,conditions Sandstorms,Low ,2,bicycle,Buffet,Metropolitan ,13:53,14:07,(min) 56
36,4.7,12.948635207115114,77.58160872251764,12.8701764156133,77.4876524930229,conditions Stormy,Low ,0,scooter,Snack,Metropolitan ,18:19,18:37,(min) 75
28,4.4,12.940734908784181,77.57752942650616,12.898833536573202,77.54994344615295,conditions Sandstorms,Medium ,0,motorcycle,Drinks,Metropolitan ,22:57,23:16,(min) 54
30,4.1,12.979754225498437,77.56568322514221,12.86223262191069,77.60169374656942,conditions Sunny,High ,2,motorcycle,Snack,Urban ,21:01,21:22,(min) 84
26,3.8,12.994548022447526,77.57054990679994,12.953613113201495,77.47360437391143,conditions Stormy,Medium ,1,electric_scooter,Snack,Metropolitan ,19:57,20:14,(min) 81
31,3.7,12.981402567828447,77.59270008294881,13.051372273281695,77.57798843456001,conditions Stormy,Low ,0,motorcycle,Buffet,Metropolitan ,21:33,21:50,(min) 71
40,4.4,12.962304661756754,77.61059609864876,12.90349466250607,77.55131985529768,conditions Foggy,High ,0,motorcycle,Meal,Metropolitan ,16:41,17:01,(min) 74
39,4.6,13.009224379303307,77.61344527381509,12.988647813822169,77.5648657355188,conditions Sunny,Jam ,0,bicycle,Meal,Metropolitan ,18:27,18:40,(min) 58
47,4,12.971271932496132,77.61692355939225,13.062477550391197,77.59284310759634,conditions Cloudy,Medium ,0,scooter,Snack,Urban ,14:20,14:44,(min) 72
40,4.8,12.960437678581476,77.57042626951858,12.942244726544837,77.58936910445007,conditions Foggy,High ,1,motorcycle,Drinks,Metropolitan ,08:37,08:59,(min) 48
50,4,12.941898731233925,77.58909258621782,13.0125794088017,77.69952753405073,conditions Windy,Low ,2,motorcycle,Buffet,Metropolitan ,08:02,08:16,(min) 72
30,3.8,12.996302351130545,77.61450100847557,12.887628557666634,77.68168628404347,conditions Cloudy,Jam ,1,scooter,Drinks,Semi-Urban ,09:35,09:51,(min) 97
45,4.6,12.947043900972606,77.6127518627517,12.890592860118064,77.6318859428675,conditions Foggy,Medium ,2,scooter,Meal,Urban ,20:31,20:53,(min) 56
38,4.3,12.971255584655703,77.60553447038903,12.94735480462124,77.5661038375934,conditions Windy,Jam ,0,motorcycle,Snack,Metropolitan ,08:27,08:46,(min) 62
49,NaN ,13.007338040078432,77.59464698880016,13.001578428060624,77.65291540854327,conditions Windy,Medium ,1,motorcycle,Buffet,Metropolitan ,15:53,16:12,(min) 49
24,3.8,13.002714368680865,77.61801395393015,12.999331642476177,77.58452531484822,conditions Foggy,Jam ,1,electric_scooter,Buffet,Metropolitan ,21:31,21:51,(min) 69
23,4.1,12.94131279643476,77.5659710068725,12.943204620837317,77.59257056678476,conditions Sandstorms,High ,2,motorcycle,Snack,Metropolitan ,17:24,17:37,(min) 51
30,3.5,12.950919183509797,77.55741708244234,12.93009611885818,77.55946075751847,conditions Sunny,Jam ,1,scooter,Meal,Metropolitan ,19:55,20:15,(min) 55
33,4.8,12.932675845472515,77.625170575241,12.926619513396982,77.65086591762432,conditions Cloudy,High ,1,scooter,Snack,Metropolitan ,13:01,13:24,(min) 50
49,4.6,12.958496898169072,77.57291030987203,12.98149769155957,77.59689606000416,conditions Stormy,Medium ,1,motorcycle,Meal,Metropolitan ,08:03,08:18,(min) 50
20,4.6,13.010740036404133,77.58258102704808,12.970624872388345,77.57791641662142,conditions Cloudy,Jam ,0,motorcycle,Meal,Metropolitan ,20:00,20:14,(min) 69
25,4.7,12.950769780667871,77.59265162619799,12.888447096667363,77.65782663335595,conditions Sandstorms,Low ,0,bicycle,Meal,Metropolitan ,10:47,10:58,(min) 59
40,3.8,12.975331793351472,77.59681379579976,13.09513772171504,77.63770544178465,conditions Cloudy,Jam ,2,bicycle,Buffet,Metropolitan ,22:24,22:45,(min) 90
32,4.6,12.941057096848636,77.6276174151063,12.946304502367694,77.59039353687618,conditions Foggy,NaN ,0,bicycle,Drinks,Metropolitan ,16:14,16:32,(min) 41
47,3.6,12.975843199992925,77.56595366119444,12.973055311689139,77.47246690983714,conditions Stormy,Jam ,2,motorcycle,Buffet,Urban ,08:53,09:04,(min) 92
50,4.1,13.002230438756198,77.62455609778911,13.030240929056768,77.54938390633485,conditions Sunny,Low ,0,electric_scooter,Buffet,Metropolitan ,10:28,10:45,(min) 56
32,3.8,12.956088047026098,77.57996155322567,13.002570929888114,77.6164839186038,conditions Stormy,Medium ,0,motorcycle,Meal,Metropolitan ,09:48,10:02,(min) 68
29,4.1,13.010799570585043,77.55871350525915,12.939059239163472,77.56664106213734,conditions Sunny,Low ,1,bicycle,Drinks,Metropolitan ,15:57,16:09,(min) 46
42,4,12.94822972137332,77.60045436267778,12.939782029177548,77.5182914614699,conditions Stormy,Low ,2,motorcycle,Drinks,Metropolitan ,11:32,11:45,(min) 59
20,4.6,12.985101057829707,77.5817694323048,12.969993567526732,77.56541541909289,conditions Sandstorms,Jam ,0,bicycle,Meal,Metropolitan ,21:38,21:57,(min) 66
48,4.9,12.978992782308161,77.56445692994669,12.982175037330903,77.52506558429289,conditions Sunny,Medium ,2,electric_scooter,Drinks,Metropolitan ,08:07,08:25,(min) 36
46,4,12.987365070263296,77.60706545121074,13.075052102424271,77.64059192666558,conditions Stormy,High ,0,bicycle,Buffet,Urban ,19:00,19:19,(min) 94
48,3.6,12.998097446503492,77.59562665986866,12.98391864649466,77.58128751258049,conditions Stormy,High ,1,scooter,Drinks,Metropolitan ,17:03,17:13,(min) 54
45,3.9,12.935969688369335,77.58901840307787,12.902567076811176,77.53113406997447,conditions Stormy,Medium ,2,bicycle,Snack,Urban ,18:13,18:31,(min) 67
23,3.7,12.972456417864562,77.62243144636079,12.935286867687031,77.57112192038613,conditions Windy,Low ,0,electric_scooter,Snack,Metropolitan ,08:30,08:47,(min) 55
41,NaN ,13.010937890353054,77.55542535471767,13.048516053106722,77.53432279824729,conditions Sunny,Low ,1,bicycle,Snack,Metropolitan ,16:25,16:47,(min) 39
33,4.3,12.994533521252126,77.59294763202816,12.886039417740035,77.5618501636217,conditions Foggy,Medium ,0,electric_scooter,Buffet,Metropolitan ,22:29,22:43,(min) 76
39,3.9,12.991261743454636,77.55700926438942,12.967932441822226,77.47326956912751,conditions Sandstorms,Medium ,2,motorcycle,Drinks,Metropolitan ,14:20,14:31,(min) 72
48,3.6,12.989677385146171,77.63299586786925,12.983253389737799,77.51187917836249,conditions Sandstorms,Medium ,2,scooter,Drinks,Metropolitan ,08:10,08:32,(min) 77
31,3.7,13.000679992175103,77.58746069987342,13.071258170672477,77.5824858612796,conditions Windy,High ,0,bicycle,Drinks,Metropolitan ,08:16,08:29,(min) 68
39,4.1,12.980518175455183,77.57948497596234,13.055706985326589,77.47716143098731,conditions Sunny,High ,0,electric_scooter,Meal,Metropolitan ,13:04,13:28,(min) 86
34,4.4,12.980205614192784,77.63344968133643,13.014721561782446,77.71209522134232,conditions Sunny,Jam ,2,motorcycle,Meal,Semi-Urban ,11:13,11:35,(min) 68
47,4.6,13.001113538479805,77.55612353523298,13.00661822286269,77.6512765786574,conditions Sandstorms,Jam ,0,bicycle,Snack,Metropolitan ,19:19,19:31,(min) 89
32,4.2,12.986651046367735,77.5764406913802,12.936265305596962,77.57216780399925,conditions Stormy,High ,2,bicycle,Drinks,Metropolitan ,21:02,21:14,(min) 64
46,3.8,12.992959841115773,77.60301866942123,13.011429495637653,77.57503303914278,conditions Cloudy,Jam ,0,scooter,Drinks,Metropolitan ,18:32,18:43,(min) 69
31,4.7,12.949981015155466,77.63273708722592,12.926280731984656,77.70840785854355,conditions Windy,High ,2,motorcycle,Buffet,Semi-Urban ,10:56,11:18,(min) 59
34,3.8,12.974786175581068,77.56239451470822,12.96093374688751,77.54069562483069,conditions Cloudy,Low ,0,electric_scooter,Meal,Metropolitan ,12:43,12:56,(min) 47
48,4.7,12.939052996261418,77.59208747440054,12.821947415816986,77.66414398419072,conditions Sandstorms,High ,2,electric_scooter,Snack,Metropolitan ,11:08,11:25,(min) 90
34,4.8,12.962384876439721,77.60994126341343,13.041294912496873,77.51171313371209,conditions Sandstorms,Low ,2,scooter,Buffet,Metropolitan ,21:50,22:03,(min) 75
NaN ,4.8,12.950106081774832,77.56925168809518,12.938362593559372,77.54009987735277,conditions Foggy,Jam ,2,scooter,Buffet,Metropolitan ,10:06,10:26,(min) 58
28,4.2,12.96635015833974,77.6007958916299,13.035834565242881,77.49484240523648,conditions Stormy,High ,1,bicycle,Meal,Metropolitan ,11:44,11:57,(min) 92
36,4.6,12.972717409970612,77.57031676965804,12.963639633135934,77.62686106271822,conditions Cloudy,Jam ,0,bicycle,Snack,Metropolitan ,10:38,10:54,(min) 65
49,3.6,12.975364850534499,77.58132137426212,13.008917682272953,77.52029947031893,conditions Cloudy,Jam ,1,bicycle,Snack,Metropolitan ,22:32,22:44,(min) 78
24,4.7,12.979390728453547,77.55576457775236,13.08176828358102,77.5532907678052,conditions Sunny,Jam ,2,motorcycle,Drinks,Metropolitan ,08:42,09:06,(min) 74
49,3.9,12.983119902572037,77.57931415570006,12.987370233469068,77.62661623884702,conditions Stormy,High ,0,scooter,Buffet,Metropolitan ,13:05,13:20,(min) 76
27,5,12.993735036271065,77.61473453308493,13.084121987638069,77.70164498267418,conditions Sunny,Low ,0,motorcycle,Meal,Metropolitan ,22:13,22:37,(min) 66
23,3.7,12.986814747302235,77.58073868916408,13.023681748815669,77.55674119540002,conditions Foggy,Low ,2,motorcycle,Drinks,Urban ,16:31,16:54,(min) 49
45,4.9,12.957215005120636,77.58988386285529,12.958115308230711,77.51524745098793,conditions Sunny,Jam ,0,motorcycle,Snack,Urban ,14:19,14:35,(min) 79
43,4.9,12.979343534483016,77.56022077926472,13.066235543502092,77.53053344254702,conditions Cloudy,Jam ,0,bicycle,Meal,Metropolitan ,21:36,21:50,(min) 86
36,4.7,12.98870658395663,77.6301458457768,12.99726457533546,77.57248662100032,conditions Foggy,Jam ,2,scooter,Buffet,Metropolitan ,09:51,10:09,(min) 66
32,3.7,12.955999133548142,77.5812546564363,13.083519911617326,77.61544230569714,conditions Sunny,Medium ,1,scooter,Snack,Metropolitan ,14:04,14:22,(min) 84
41,3.6,12.941447517292946,77.57220747972876,12.841337195455248,77.4917564905745,conditions Windy,Jam ,2,bicycle,Drinks,Metropolitan ,11:28,11:38,(min) 93
34,3.7,12.942900708167256,77.56474753783122,12.89638638667779,77.54885286192746,conditions Foggy,Jam ,1,bicycle,Meal,Metropolitan ,12:41,12:52,(min) 79
23,3.9,12.998899675960095,77.56661291285455,12.957065046777963,77.59051171776854,conditions Foggy,NaN ,2,bicycle,Drinks,Metropolitan ,08:52,09:06,(min) 51
NaN ,4.7,12.956754616031796,77.58073576263189,13.004065909607325,77.62385154861276,conditions Foggy,Low ,1,motorcycle,Meal,Metropolitan ,12:23,12:43,(min) 52
44,3.8,12.995567122603209,77.56823654233516,13.02885172484256,77.58946645202576,conditions Sandstorms,Medium ,0,motorcycle,Snack,Metropolitan ,19:23,19:40,(min) 59
29,3.7,12.944038092082739,77.5687094587557,12.968643523225493,77.56817042270019,conditions Foggy,Medium ,1,scooter,Buffet,Metropolitan ,15:26,15:50,(min) 46
29,5,12.983891327323764,77.55509902703614,13.056585345671392,77.57182800872414,conditions Cloudy,Jam ,1,electric_scooter,Drinks,Metropolitan ,09:38,09:53,(min) 72
48,4.9,12.93380309946686,77.56762551345899,12.88651298601597,77.49286270185442,conditions Windy,Low ,1,bicycle,Snack,Metropolitan ,15:04,15:23,(min) 52
23,4.6,12.952115961591154,77.62445295400023,13.016502794805756,77.57685190631227,conditions Sunny,Jam ,2,bicycle,Drinks,Semi-Urban ,17:30,17:53,(min) 64
20,4.7,12.935709890069813,77.62825389253945,12.919429786116822,77.64876708094195,conditions Foggy,Low ,1,bicycle,Snack,Urban ,10:15,10:27,(min) 37
46,4,12.932627080584318,77.57479504882396,13.043460894388105,77.61751314815831,conditions Sandstorms,Medium ,2,electric_scooter,Meal,Urban ,21:11,21:31,(min) 86
45,4.5,12.932064289020747,77.59416769663841,12.928125835414464,77.54180497480037,conditions Stormy,Low ,2,scooter,Snack,Metropolitan ,22:16,22:33,(min) 47
43,4.2,12.98642053782791,77.56921343804375,12.995704774930068,77.600945952557,conditions Foggy,High ,2,bicycle,Drinks,Metropolitan ,22:51,23:14,(min) 57
NaN ,4.8,12.94777494897917,77.58043498932422,12.932211979533886,77.55945177160012,conditions Foggy,Jam ,0,motorcycle,Meal,Urban ,15:51,16:15,(min) 58
25,3.8,12.985237450784446,77.5712524158232,13.116723310174084,77.58990891507143,conditions Sandstorms,Medium ,2,scooter,Buffet,Urban ,09:33,09:48,(min) 86
48,4.4,12.960364587901534,77.58916223646179,13.038018574605472,77.51552550243663,conditions Foggy,High ,0,motorcycle,Buffet,Metropolitan ,08:12,08:28,(min) 86
31,NaN ,12.998272243643553,77.58983622132838,13.025717696212174,77.48805213836435,conditions Stormy,High ,2,bicycle,Snack,Metropolitan ,18:55,19:17,(min) 82
39,4.4,12.956163978854567,77.57038833565116,13.032504590122562,77.6277255812856,conditions Cloudy,Low ,2,motorcycle,Buffet,Metropolitan ,18:03,18:19,(min) 55
49,3.9,13.000106259843708,77.55565178436264,12.909886099951683,77.54125337274387,conditions Cloudy,Jam ,0,bicycle,Drinks,Urban ,16:33,16:52,(min) 87
47,3.8,12.9484953916803,77.57532208957747,12.952325961568338,77.47341778940479,conditions Sandstorms,Medium ,1,scooter,Snack,Metropolitan ,13:03,13:26,(min) 80
40,4.2,13.006802665273101,77.56989914483428,12.95259119275604,77.53924114808122,conditions Stormy,Low ,1,electric_scooter,Buffet,Metropolitan ,09:16,09:39,(min) 54
30,3.5,13.000935142299534,77.57122156781182,13.054683645215613,77.5634047855295,conditions Stormy,Low ,0,motorcycle,Meal,Urban ,15:04,15:23,(min) 62
41,4,12.9764874649778,77.56112761178092,13.041669303746513,77.521973469326,conditions Windy,High ,0,motorcycle,Meal,Metropolitan ,08:47,09:02,(min) 73
35,3.8,12.996174567023665,77.5546605033338,12.950396391340048,77.48513787080131,conditions Sunny,High ,0,motorcycle,Snack,Urban ,17:25,17:43,(min) 66
20,4.6,12.966799468936772,77.56951741683334,13.06473058072031,77.4769994052513,conditions Windy,Low ,2,motorcycle,Drinks,Metropolitan ,22:14,22:25,(min) 68
41,3.8,12.968238388372958,77.56689193525389,12.984517715954931,77.53417410729418,conditions Sunny,Low ,2,motorcycle,Snack,Semi-Urban ,22:35,22:57,(min) 35
20,4,12.94956303614974,77.57623258416578,12.90597905461667,77.60357026370484,conditions Stormy,Low ,1,motorcycle,Meal,Metropolitan ,22:24,22:38,(min) 56
30,4.5,12.967213612737508,77.56222733604758,12.990984225598865,77.5649346661237,conditions Stormy,Medium ,0,scooter,Drinks,Metropolitan ,10:03,10:13,(min) 45
22,4.4,12.939763786865772,77.6008181849964,12.967627641421673,77.60914598555063,conditions Sandstorms,Jam ,1,electric_scooter,Snack,Metropolitan ,19:04,19:15,(min) 64
25,4.5,12.948930516520887,77.61149736828207,12.97438174394352,77.60875542725667,conditions Stormy,Medium ,2,scooter,Buffet,Metropolitan ,13:11,13:26,(min) 47
49,3.9,12.976829382440448,77.57129212421403,12.98572395701948,77.6907835863973,conditions Stormy,Low ,0,motorcycle,Meal,Urban ,17:43,18:03,(min) 87
29,4.5,13.007079285456241,77.61110948600843,13.10852254484768,77.53103887824305,conditions Windy,High ,0,scooter,Buffet,Metropolitan ,13:38,13:56,(min) 86
21,3.8,12.961220814267547,77.59935412473082,12.983775586360345,77.5320533321154,conditions Sandstorms,Jam ,2,motorcycle,Meal,Semi-Urban ,17:12,17:32,(min) 73
43,3.8,13.008863128366322,77.58222938883155,12.911038990390892,77.57297254439388,conditions Stormy,Jam ,2,motorcycle,Buffet,Metropolitan ,09:41,10:02,(min) 89
21,4.2,12.986200509144366,77.56596896329,12.912074528001664,77.60239838884497,conditions Cloudy,Low ,2,bicycle,Meal,Metropolitan ,20:36,20:47,(min) 57
26,3.9,13.010056827346236,77.56402393049598,12.974867396574357,77.61073836261586,conditions Stormy,Low ,0,scooter,Meal,Semi-Urban ,18:52,19:11,(min) 58
36,NaN ,12.9477547501944,77.55905277240127,13.054793729195701,77.47596036018533,conditions Sunny,High ,0,bicycle,Meal,Metropolitan ,18:42,19:05,(min) 86
38,4.7,12.994905268865079,77.57614308293014,13.000839509265097,77.5995580662135,conditions Sandstorms,Low ,1,motorcycle,Meal,Metropolitan ,19:32,19:43,(min) 43
24,4.6,13.007923695592583,77.63289168075696,12.942522003246754,77.69903490146812,conditions Stormy,Medium ,0,motorcycle,Meal,Metropolitan ,09:50,10:03,(min) 69
28,NaN ,12.947737507278474,77.57778813674152,12.916499802947863,77.51273768944088,conditions Foggy,Low ,0,scooter,Buffet,Urban ,21:34,21:54,(min) 60
27,4.2,12.999107905960084,77.61065364499613,13.020254941714157,77.5926303984692,conditions Stormy,High ,1,motorcycle,Snack,Metropolitan ,19:35,19:46,(min) 64
31,3.8,12.970159227343649,77.5713796246335,13.05562076791357,77.54665623473508,conditions Foggy,Low ,0,electric_scooter,Buffet,Metropolitan ,14:09,14:31,(min) 70
48,4,12.982419333679974,77.62487909668162,12.960751315189754,77.68802147173595,conditions Foggy,Medium ,2,electric_scooter,Snack,Metropolitan ,19:48,20:12,(min) 61
NaN ,3.9,12.972694742510468,77.59976267418861,13.006138307616405,77.46780856371986,conditions Cloudy,Low ,0,bicycle,Meal,Metropolitan ,20:45,21:02,(min) 84
50,4.6,12.980654859746249,77.5739045604974,13.085672111526927,77.49148309789797,conditions Sandstorms,High ,0,scooter,Buffet,Metropolitan ,15:18,15:34,(min) 94
34,4.4,12.98579675603509,77.58882474516555,13.029658677847769,77.47565458053711,conditions Foggy,Jam ,2,scooter,Buffet,Metropolitan ,21:29,21:47,(min) 97
30,3.9,12.96732662582621,77.59533880966752,13.031291793355917,77.61527296307865,conditions Sandstorms,Low ,1,scooter,Buffet,Metropolitan ,12:46,13:07,(min) 61
48,3.5,12.977261098994315,77.61428894945458,12.95876425416086,77.65521486491959,conditions Sunny,High ,2,scooter,Snack,Metropolitan ,18:32,18:46,(min) 55
33,4.1,12.947133932689578,77.63279555655122,13.085298932935315,77.65053806564993,conditions Stormy,Low ,2,scooter,Meal,Metropolitan ,21:17,21:29,(min) 89
38,4.5,13.000459309181572,77.61510089230761,13.051688918089209,77.6236021712435,conditions Sandstorms,Jam ,1,motorcycle,Buffet,Metropolitan ,12:52,13:07,(min) 70
44,4.9,13.002512810247392,77.55896247710139,12.94179301581614,77.61011065177341,conditions Windy,High ,0,bicycle,Snack,Metropolitan ,21:19,21:38,(min) 77
37,4.3,12.965916319935024,77.62592528329269,12.97078720022657,77.53275634945557,conditions Cloudy,Jam ,0,scooter,Snack,Metropolitan ,13:01,13:16,(min) 90
23,3.5,12.99649729942754,77.63081506236493,13.063382748456755,77.68481796505867,conditions Sandstorms,Medium ,1,scooter,Meal,Metropolitan ,14:58,15:14,(min) 72
40,3.6,12.950520380175114,77.5792964189224,12.948450224158481,77.61909351967947,conditions Sandstorms,Low ,1,bicycle,Buffet,Urban ,11:28,11:48,(min) 43
42,3.8,12.999274852125348,77.57671938047781,13.078210054159674,77.57995127891253,conditions Foggy,Jam ,2,bicycle,Meal,Metropolitan ,08:03,08:21,(min) 81
49,4.8,12.9496093020387,77.62696140392721,12.953353297821968,77.57342206044953,conditions Cloudy,Low ,2,bicycle,Snack,Metropolitan ,21:15,21:33,(min) 44
42,3.6,12.953619865810872,77.63062427808568,12.974750654140678,77.73070561205834,conditions Sunny,Low ,0,scooter,Drinks,Metropolitan ,18:06,18:28,(min) 68
28,NaN ,13.007893231900782,77.56531508597583,13.00240866328251,77.46762290856873,conditions Windy,Medium ,2,bicycle,Snack,Metropolitan ,16:40,17:02,(min) 56
22,4.3,12.970266135501117,77.60268043379337,12.93385646322693,77.63461321169402,conditions Sandstorms,Medium ,2,scooter,Snack,Metropolitan ,22:25,22:42,(min) 47
30,4.2,12.94746202826351,77.59608075560108,12.927984087726049,77.7048681963676,conditions Cloudy,Jam ,1,scooter,Snack,Metropolitan ,15:29,15:46,(min) 88
33,4,12.969637488628178,77.60424425720275,12.839493348826823,77.55726034443063,conditions Foggy,Low ,0,scooter,Meal,Urban ,19:04,19:16,(min) 86
27,3.6,12.95681299643442,77.556375441356,12.983545970216259,77.63688649448537,conditions Sunny,Medium ,0,motorcycle,Snack,Urban ,08:03,08:17,(min) 63
29,3.7,12.979385602603108,77.58365837565661,13.047446365603994,77.64169399398386,conditions Sunny,High ,0,motorcycle,Drinks,Metropolitan ,09:22,09:41,(min) 69
22,4.8,12.934365429392457,77.5798449173294,12.95017732880023,77.62631931971303,conditions Cloudy,High ,0,scooter,Buffet,Metropolitan ,12:42,12:59,(min) 58
NaN ,4.2,12.946265435981006,77.5983117208913,12.898928666255276,77.53598717945407,conditions Stormy,Jam ,1,bicycle,Meal,Metropolitan ,22:13,22:33,(min) 84
39,3.7,12.951136862578243,77.56966848778576,12.88092847369058,77.52783945501344,conditions Sandstorms,High ,1,electric_scooter,Meal,Urban ,20:42,20:55,(min) 83
47,5,12.980114499831945,77.57131820558608,12.888320547366954,77.57614163221936,conditions Foggy,High ,0,electric_scooter,Meal,Metropolitan ,17:13,17:29,(min) 77
22,4.7,13.011223845070601,77.61420157914087,13.085732640487604,77.5365183400858,conditions Cloudy,Medium ,1,motorcycle,Buffet,Metropolitan ,14:19,14:37,(min) 68
42,3.6,12.937893016877025,77.57740266847462,12.858805658170729,77.60493323203578,conditions Windy,High ,1,bicycle,Drinks,Metropolitan ,16:41,17:02,(min) 73
27,3.8,12.957028533889353,77.60385761358812,12.895085480632156,77.53049930127285,conditions Stormy,Low ,2,motorcycle,Meal,Urban ,13:50,14:07,(min) 74
34,4.8,13.007632389849425,77.62719955091401,12.889765730203054,77.6453522420333,conditions Cloudy,High ,2,electric_scooter,Drinks,Metropolitan ,22:44,23:04,(min) 76
34,4,12.966993226351589,77.60357831644863,12.99031766559677,77.59594815191359,conditions Foggy,Jam ,0,electric_scooter,Drinks,Metropolitan ,11:26,11:50,(min) 64
50,4,12.951289680673183,77.61920796611383,12.891375219988527,77.62387115907097,conditions Stormy,Low ,0,motorcycle,Drinks,Metropolitan ,14:23,14:44,(min) 70
37,NaN ,12.969935511032492,77.58998679644465,12.983951908067201,77.63799632252054,conditions Sandstorms,Medium ,1,motorcycle,Meal,Metropolitan ,10:29,10:45,(min) 52
25,4.1,12.94505004292205,77.58618026270568,12.93472123275224,77.55693462043247,conditions Stormy,High ,1,electric_scooter,Buffet,Metropolitan ,10:46,11:07,(min) 57
47,5,12.93429468486309,77.58380717356727,12.84107342379344,77.54335646131884,conditions Sunny,Low ,1,scooter,Snack,Metropolitan ,08:02,08:14,(min) 58
31,4.8,12.997390161844343,77.58262939277142,13.03255091999358,77.6324745303102,conditions Foggy,High ,2,scooter,Buffet,Urban ,15:38,15:53,(min) 62
40,3.7,12.956066479737313,77.60067018642127,12.980063773638575,77.57531882402449,conditions Windy,Jam ,1,bicycle,Snack,Metropolitan ,12:11,12:28,(min) 69
38,4,12.990558309292794,77.63326102455184,12.947246346372022,77.60742775376973,conditions Sandstorms,Jam ,1,scooter,Buffet,Urban ,14:34,14:52,(min) 75
27,4.4,13.008274561314286,77.57765709773675,12.99375529938374,77.61081753277561,conditions Cloudy,Jam ,0,scooter,Snack,Urban ,14:12,14:31,(min) 68
41,4.7,12.978235854765773,77.55963943582996,13.02928068732644,77.64626788105096,conditions Foggy,Medium ,0,electric_scooter,Snack,Urban ,10:27,10:49,(min) 69
33,3.9,12.951235596610607,77.59493370630815,12.995248757582642,77.5008519163928,conditions Sunny,Low ,2,motorcycle,Meal,Metropolitan ,08:59,09:15,(min) 55
49,NaN ,12.95189505783692,77.60463143712879,13.005478278364455,77.57284100056245,conditions Windy,Jam ,1,scooter,Buffet,Metropolitan ,22:55,23:16,(min) 67
29,4.3,12.96269255405143,77.58701789273918,12.941698216610806,77.49605449076854,conditions Sunny,High ,2,electric_scooter,Meal,Metropolitan ,08:10,08:29,(min) 61
43,3.8,12.965546190476418,77.61618819673583,12.902425079640599,77.66019871432812,conditions Stormy,High ,1,scooter,Meal,Metropolitan ,14:05,14:20,(min) 81
32,4.4,12.939090471359343,77.57032484713048,12.937907065962705,77.67478215101941,conditions Cloudy,Low ,2,scooter,Meal,Metropolitan ,22:52,23:13,(min) 59
40,5,12.958031473977865,77.58270844155028,12.992406733184767,77.58154889033933,conditions Cloudy,Medium ,1,motorcycle,Snack,Metropolitan ,18:09,18:23,(min) 36
36,4.3,12.9494933657147,77.60805169723034,13.011649030704076,77.55236407118728,conditions Cloudy,Medium ,1,electric_scooter,Meal,Metropolitan ,18:47,19:09,(min) 58
50,4.5,12.980815106442572,77.58853675779923,12.93853000522659,77.68975444634422,conditions Foggy,Medium ,1,bicycle,Snack,Urban ,17:07,17:27,(min) 75
34,4.5,12.984445063693823,77.58313039594367,12.874870905231086,77.554589088567,conditions Sandstorms,Medium ,0,scooter,Meal,Metropolitan ,20:56,21:15,(min) 80
21,4.1,13.010799204538017,77.58941908142566,13.029730744619291,77.70961275298824,conditions Foggy,Medium ,0,scooter,Drinks,Urban ,18:10,18:31,(min) 84
28,3.8,13.000469677539915,77.5934925645873,12.98369533540728,77.67189114633041,conditions Sandstorms,High ,1,electric_scooter,Buffet,Urban ,17:52,18:12,(min) 76
32,4.6,12.93466154223159,77.58706847443283,13.003842945968334,77.51050375050339,conditions Foggy,Medium ,1,bicycle,Meal,Metropolitan ,12:30,12:44,(min) 70
49,4.2,13.010038968062402,77.59679950554893,13.044086864286792,77.56942076250347,conditions Stormy,Jam ,0,bicycle,Drinks,Urban ,08:30,08:49,(min) 71
20,3.6,12.979284522680938,77.57360092655793,13.00445296030614,77.58739274978277,conditions Cloudy,Low ,2,scooter,Drinks,Metropolitan ,18:34,18:53,(min) 33
22,4.4,12.95400500541404,77.58512224092185,12.928904618520612,77.55247424160784,conditions Sunny,Low ,1,bicycle,Buffet,Metropolitan ,13:37,13:58,(min) 38
21,3.7,12.996301982140542,77.56030792196319,12.874331286780839,77.5907882278682,conditions Windy,High ,0,bicycle,Meal,Metropolitan ,21:26,21:44,(min) 96
36,4.1,12.961107916923613,77.59890271368474,12.984211800593817,77.60579996970972,conditions Windy,NaN ,0,bicycle,Meal,Metropolitan ,15:44,15:54,(min) 39
47,NaN ,12.961916417943687,77.60906315217763,12.952061203070352,77.57620958466137,conditions Cloudy,Jam ,2,motorcycle,Meal,Metropolitan ,15:43,16:02,(min) 53
45,NaN ,13.00797845447287,77.58041689115613,13.124342456268991,77.62638810010318,conditions Stormy,High ,1,electric_scooter,Drinks,Metropolitan ,20:28,20:51,(min) 97
27,4.3,12.968418267386408,77.62000679637343,12.946931690048748,77.61861553743744,conditions Sandstorms,Jam ,2,scooter,Meal,Metropolitan ,21:07,21:18,(min) 61
42,4.3,13.006396302430332,77.56878828571216,13.036091854767028,77.56718407486005,conditions Sandstorms,Jam ,0,motorcycle,Meal,Metropolitan ,21:36,21:50,(min) 73
31,3.9,12.997700345868617,77.57169239803254,12.98259853406322,77.55491689070911,conditions Cloudy,Low ,2,electric_scooter,Drinks,Metropolitan ,16:34,16:50,(min) 34
29,4.1,12.981133748328686,77.57592224349305,13.022333927192145,77.52032848875709,conditions Sandstorms,High ,2,bicycle,Snack,Metropolitan ,20:03,20:27,(min) 68
45,3.7,12.95919891634807,77.61971970888823,12.913799538036557,77.59496107761035,conditions Foggy,High ,0,motorcycle,Buffet,Metropolitan ,18:27,18:47,(min) 68
32,4,12.959467356128991,77.56444604598954,12.971898273926772,77.62161296913624,conditions Foggy,High ,2,bicycle,Buffet,Urban ,12:03,12:16,(min) 63
33,3.6,12.946028430497647,77.57675953258797,12.927172644825985,77.59894903290505,conditions Stormy,Medium ,0,motorcycle,Meal,Metropolitan ,22:11,22:25,(min) 58
31,4.8,12.939694961699098,77.5996076295063,12.904687300887867,77.4849724233625,conditions Cloudy,Low ,0,scooter,Meal,Metropolitan ,15:57,16:15,(min) 67
39,3.8,13.004720438642801,77.571617344255,13.044718819835953,77.64269430275743,conditions Sandstorms,High ,1,motorcycle,Buffet,Metropolitan ,19:25,19:49,(min) 77
45,4.3,12.972031042108686,77.57385139635801,12.973411398353367,77.43556232011427,conditions Foggy,Medium ,1,motorcycle,Snack,Urban ,21:28,21:47,(min) 93
31,3.5,12.980103421600909,77.6113256892845,13.001728077478887,77.60518104403376,conditions Stormy,Jam ,1,scooter,Meal,Metropolitan ,12:49,13:06,(min) 71
29,4.3,12.970206980629266,77.617917365665,12.992020780340953,77.55591011754167,conditions Stormy,High ,1,electric_scooter,Meal,Metropolitan ,20:56,21:13,(min) 73
41,4.7,12.97363023115173,77.62399327090979,12.931408389352567,77.6204831446636,conditions Foggy,Low ,1,motorcycle,Buffet,Metropolitan ,12:41,12:55,(min) 51
26,4.6,12.991137559524178,77.5697524210535,12.956415441364914,77.64637632159221,conditions Sunny,Jam ,2,scooter,Buffet,Metropolitan ,20:54,21:15,(min) 71
43,3.7,12.984404264854641,77.59244260708839,12.869440352829578,77.6097884380497,conditions Sandstorms,Medium ,2,motorcycle,Snack,Metropolitan ,22:04,22:15,(min) 81
44,4,12.93965794980377,77.5923825574018,13.036820162223215,77.60148069694374,conditions Windy,Low ,1,motorcycle,Snack,Metropolitan ,18:57,19:20,(min) 63
22,4.5,13.00516422977522,77.63305203615725,12.935861242844151,77.60130982695077,conditions Windy,High ,2,electric_scooter,Drinks,Metropolitan ,13:25,13:41,(min) 66
34,4.4,12.994785077756644,77.59503831450864,12.985978158253157,77.55871107868606,conditions Foggy,Medium ,2,motorcycle,Snack,Urban ,20:33,20:47,(min) 53
49,4.3,12.943580637572706,77.56424114585892,12.968904774962276,77.54123148607341,conditions Windy,High ,2,electric_scooter,Snack,Metropolitan ,17:58,18:12,(min) 51
29,4.7,12.978401392603667,77.58150905429423,12.883462001911546,77.63523406937087,conditions Sunny,High ,1,electric_scooter,Buffet,Metropolitan ,22:11,22:25,(min) 72
43,4.1,12.99381401438117,77.55577325527594,13.12381847812048,77.52333773204471,conditions Foggy,Low ,1,motorcycle,Buffet,Metropolitan ,18:48,19:07,(min) 81
49,4.7,12.937078437747807,77.6100776051268,12.843647362127895,77.60423211207325,conditions Windy,High ,1,electric_scooter,Buffet,Metropolitan ,14:08,14:20,(min) 78
32,NaN ,13.006440788580477,77.61709735670165,13.046756482945547,77.60515700560636,conditions Windy,NaN ,1,electric_scooter,Buffet,Metropolitan ,19:21,19:34,(min) 40
21,NaN ,12.95172101566419,77.58708387377709,12.92275820175538,77.54535420439909,conditions Stormy,Medium ,1,bicycle,Drinks,Metropolitan ,14:17,14:34,(min) 57
40,4.9,12.984509468542784,77.58661161611825,12.980862358659653,77.6865388413445,conditions Stormy,Medium ,0,bicycle,Buffet,Metropolitan ,10:50,11:11,(min) 71
32,4.4,12.985678636728228,77.6162854901053,12.945985803116535,77.61094322225547,conditions Cloudy,High ,0,electric_scooter,Buffet,Metropolitan ,14:38,15:02,(min) 63
34,4.9,12.993529371226579,77.60012635915578,13.117403860317385,77.66025946752129,conditions Cloudy,Low ,2,scooter,Meal,Semi-Urban ,16:05,16:28,(min) 72
40,3.8,12.937741433846206,77.58365829299241,12.86793958539411,77.54418497197851,conditions Windy,Low ,1,bicycle,Buffet,Metropolitan ,10:29,10:53,(min) 61
40,3.6,12.971735800205172,77.5763219502665,12.926756824377563,77.68108731313087,conditions Windy,Low ,0,scooter,Snack,Metropolitan ,08:35,08:57,(min) 75
27,3.6,12.958969063962252,77.5846772035867,12.990974832948151,77.55835480926805,conditions Windy,Jam ,0,bicycle,Drinks,Urban ,19:10,19:28,(min) 70
20,3.9,12.980578196512909,77.56603608558923,12.86311243422907,77.53169517319539,conditions Stormy,Medium ,0,motorcycle,Buffet,Urban ,12:27,12:50,(min) 97
40,4.7,13.00089045388475,77.58623795232772,12.97005027591619,77.62785885119004,conditions Cloudy,Low ,2,scooter,Meal,Semi-Urban ,19:09,19:21,(min) 46
31,4.8,12.986028289290518,77.62171673658341,12.9560922293915,77.60343085233272,conditions Sandstorms,Low ,0,motorcycle,Drinks,Metropolitan ,10:07,10:21,(min) 45
48,5,12.969260618908704,77.57517444723322,13.054309962925121,77.50255991484916,conditions Sandstorms,Low ,2,scooter,Meal,Urban ,17:28,17:44,(min) 64
21,4.9,12.971749043798447,77.62061404724642,13.032888351407582,77.67003793228267,conditions Foggy,High ,0,electric_scooter,Snack,Semi-Urban ,10:18,10:35,(min) 67
30,4.8,12.956199948339165,77.60249468521252,12.99055286800549,77.65044389507213,conditions Stormy,Low ,2,motorcycle,Snack,Metropolitan ,22:20,22:30,(min) 54
49,4.8,13.000302547866852,77.56197350814044,13.089092977034118,77.51453628660003,conditions Foggy,High ,1,bicycle,Snack,Metropolitan ,22:17,22:33,(min) 77
38,4.1,12.935676700210571,77.58290343900248,12.920982772161565,77.61712492069034,conditions Foggy,Low ,0,electric_scooter,Buffet,Metropolitan ,08:25,08:45,(min) 44
22,4.8,12.93957515904531,77.62509533050508,12.937091393534029,77.57521054469366,conditions Sandstorms,Low ,0,scooter,Drinks,Metropolitan ,16:28,16:40,(min) 49
46,4.7,13.007312407715618,77.568938277895,13.099674229038781,77.64910462256542,conditions Foggy,Jam ,0,bicycle,Buffet,Metropolitan ,18:15,18:27,(min) 93
23,3.7,12.958319475481659,77.6084115465641,12.94911790429396,77.71429719142093,conditions Foggy,Medium ,1,electric_scooter,Buffet,Metropolitan ,21:43,22:04,(min) 79
36,4.9,12.980188808849455,77.58053557512387,13.058616595559531,77.62366236415885,conditions Windy,High ,2,scooter,Snack,Metropolitan ,12:10,12:27,(min) 74
32,4,12.97953572081253,77.61917091320306,12.986952718673708,77.59560058944956,conditions Stormy,Medium ,0,bicycle,Buffet,Urban ,11:34,11:46,(min) 50
27,4.3,12.985547402928026,77.57434420785904,13.038698656443735,77.51163957098751,conditions Cloudy,High ,0,bicycle,Meal,Urban ,09:07,09:29,(min) 69
24,4.2,12.984724812003225,77.63118510606736,13.06013473362003,77.62227841839433,conditions Sunny,Low ,1,scooter,Buffet,Urban ,21:13,21:31,(min) 53
28,3.9,12.952545126134902,77.57956513597667,12.922457434787988,77.5552214360817,conditions Stormy,High ,0,electric_scooter,Drinks,Metropolitan ,11:28,11:38,(min) 64
42,NaN ,13.003865309095383,77.62710742970035,12.967073069464142,77.49558500378447,conditions Foggy,Medium ,1,motorcycle,Snack,Metropolitan ,15:43,15:54,(min) 81
40,3.7,12.96259829800427,77.57547099468336,12.936918759233924,77.50122350779529,conditions Stormy,NaN ,2,electric_scooter,Drinks,Metropolitan ,16:58,17:10,(min) 64
41,4.5,12.936864921337367,77.56667451714203,12.914483441366281,77.61374435917448,conditions Windy,Medium ,0,bicycle,Snack,Metropolitan ,13:24,13:45,(min) 54
20,4,12.931678358557075,77.60326265352815,13.059174745432308,77.55871588376316,conditions Sandstorms,Low ,2,scooter,Buffet,Metropolitan ,12:12,12:27,(min) 82
34,3.8,13.009029890669883,77.56225272365883,12.98962626514528,77.6134345365123,conditions Sunny,High ,2,motorcycle,Drinks,Metropolitan ,08:38,08:49,(min) 52
43,4.8,12.988080685714634,77.56687458611131,12.909936274121948,77.46508489586664,conditions Cloudy,Medium ,1,motorcycle,Buffet,Metropolitan ,12:13,12:31,(min) 81
35,NaN ,12.939574997982383,77.59700206351503,12.954199521144618,77.53744405103662,conditions Windy,Medium ,0,scooter,Snack,Metropolitan ,17:36,17:51,(min) 52
34,3.8,12.94306219521761,77.56398002912327,12.941424033299208,77.61423713105503,conditions Windy,Low ,2,motorcycle,Drinks,Metropolitan ,19:53,20:08,(min) 47
20,4.8,12.935329183133693,77.61204104575366,12.8353953575428,77.63360413520418,conditions Stormy,Jam ,0,motorcycle,Buffet,Metropolitan ,13:06,13:27,(min) 95
48,4.9,12.943091574235261,77.58608938478902,12.921978925726313,77.66920269432197,conditions Sunny,High ,2,bicycle,Meal,Semi-Urban ,08:22,08:44,(min) 57
30,4.5,12.932349730169774,77.59809627939984,12.867441559194889,77.47818179553653,conditions Cloudy,Medium ,0,bicycle,Snack,Metropolitan ,16:52,17:05,(min) 76
43,3.6,12.98233905294761,77.59559305938929,12.917922865842106,77.59304872899507,conditions Stormy,Jam ,2,motorcycle,Snack,Metropolitan ,19:44,20:04,(min) 83
28,3.6,12.984257284922899,77.58067172431424,12.960305186595443,77.63991429177922,conditions Cloudy,High ,0,bicycle,Drinks,Metropolitan ,17:06,17:21,(min) 62
27,4.6,12.97462215198055,77.58101086131335,12.977380200953087,77.60291567662122,conditions Windy,Medium ,2,motorcycle,Buffet,Urban ,18:41,19:03,(min) 31
44,3.9,13.001175399812311,77.56585802468508,12.975241211658865,77.54990903332275,conditions Sunny,Low ,0,electric_scooter,Buffet,Urban ,09:30,09:53,(min) 41
31,3.9,12.937984349483997,77.60281028731764,12.812203523384264,77.54559256884949,conditions Foggy,Jam ,2,scooter,Drinks,Metropolitan ,16:19,16:39,(min) 99
20,4.1,12.99543621364832,77.58700840641782,13.025723923736106,77.58305168967439,conditions Sandstorms,Jam ,2,electric_scooter,Drinks,Metropolitan ,21:53,22:11,(min) 61
NaN ,4.6,12.948166348727794,77.55510156664103,12.947721723576283,77.58257482356215,conditions Sunny,Jam ,0,electric_scooter,Snack,Metropolitan ,14:36,14:55,(min) 54
25,4.1,12.992053668069095,77.57532814721614,13.00798990423116,77.63459059156543,conditions Sandstorms,High ,1,electric_scooter,Snack,Metropolitan ,22:35,22:55,(min) 66
NaN ,3.8,12.940241177080573,77.5887654763557,13.03684645731692,77.53564553104628,conditions Windy,Low ,1,scooter,Meal,Metropolitan ,08:15,08:29,(min) 64
42,4.8,12.947149879409373,77.61650932409837,12.975619672575387,77.51540321179533,conditions Windy,Medium ,2,motorcycle,Meal,Metropolitan ,18:06,18:26,(min) 67
50,3.7,12.950321490446479,77.56237086183428,12.955722235545887,77.53523184828848,conditions Sunny,High ,1,scooter,Meal,Urban ,11:18,11:28,(min) 48
42,3.9,13.003361062350125,77.57579377817959,13.022084411289534,77.65120651804622,conditions Stormy,Low ,1,electric_scooter,Drinks,Metropolitan ,08:07,08:29,(min) 64
23,3.9,12.981694229318203,77.63054131724908,12.94298261838364,77.52186380823011,conditions Stormy,Medium ,0,scooter,Meal,Urban ,17:16,17:36,(min) 87
37,4.7,12.999242846554518,77.58264659647867,13.079526860949379,77.60142655087806,conditions Windy,Low ,0,motorcycle,Meal,Metropolitan ,11:58,12:16,(min) 56
32,4.6,12.942393217625469,77.63405347156376,12.920962759194076,77.59453778134605,conditions Stormy,Jam ,2,motorcycle,Snack,Urban ,13:13,13:28,(min) 68
30,NaN ,12.976883674169333,77.62123214482367,12.996680955579924,77.59080680857093,conditions Sunny,Jam ,0,electric_scooter,Buffet,Metropolitan ,21:40,21:58,(min) 63
41,NaN ,12.95868992773667,77.59545131809115,12.918928663849307,77.50428265111678,conditions Sandstorms,Medium ,1,scooter,Drinks,Urban ,18:22,18:39,(min) 64
33,4.5,13.000590909382701,77.62692567807659,13.125597291139291,77.64777504582216,conditions Stormy,High ,2,bicycle,Drinks,Metropolitan ,16:18,16:32,(min) 87
35,3.5,12.992711013870688,77.58384854192883,13.011034994763682,77.53994659794346,conditions Stormy,Medium ,1,electric_scooter,Meal,Metropolitan ,14:13,14:31,(min) 62
28,3.8,12.997170931248368,77.6278216256298,12.930724503920644,77.65384059630873,conditions Foggy,Jam ,2,scooter,Buffet,Metropolitan ,13:11,13:25,(min) 80
36,4.6,12.944553047472985,77.6048304058522,13.034706855232363,77.56664628729533,conditions Cloudy,Low ,0,motorcycle,Snack,Metropolitan ,22:29,22:42,(min) 62
41,3.9,12.951849285101892,77.57476966221854,12.955840976726645,77.54853114982939,conditions Foggy,Medium ,1,bicycle,Drinks,Metropolitan ,09:48,10:06,(min) 51
31,4.9,12.995131710859388,77.61450366082639,12.993490963302856,77.65831569734623,conditions Windy,High ,2,scooter,Meal,Metropolitan ,12:31,12:42,(min) 54
45,4.3,12.988985628707708,77.6271101337023,12.921571068170044,77.66209937338871,conditions Stormy,High ,2,bicycle,Buffet,Metropolitan ,10:38,10:51,(min) 73
22,3.7,12.949132389257104,77.6337136175394,12.91648259127689,77.65992101437013,conditions Foggy,Medium ,1,bicycle,Meal,Metropolitan ,15:27,15:50,(min) 51
22,4.6,12.984367937853932,77.6052417546235,13.022568112129177,77.68716680626478,conditions Sunny,Jam ,2,bicycle,Meal,Urban ,15:48,15:59,(min) 66
46,3.9,12.968124743326008,77.60187016182617,13.047125930272125,77.52317533102826,conditions Sandstorms,Jam ,0,motorcycle,Buffet,Metropolitan ,15:35,15:55,(min) 98
26,4.9,12.945298762748392,77.58654920241833,12.846409874531105,77.6466096675565,conditions Cloudy,Medium ,2,bicycle,Snack,Metropolitan ,22:20,22:30,(min) 69
20,3.5,13.007213612607122,77.6020103066884,12.890248559785372,77.61134556449304,conditions Sandstorms,Low ,1,motorcycle,Buffet,Metropolitan ,11:59,12:10,(min) 77
45,3.5,12.992755075561256,77.56563403616697,12.994568403548918,77.4873840589966,conditions Foggy,Jam ,0,bicycle,Meal,Metropolitan ,17:14,17:31,(min) 85
25,4.8,12.970738663969934,77.57812999219671,12.907295016187568,77.52535587993107,conditions Windy,Jam ,0,bicycle,Snack,Metropolitan ,13:21,13:44,(min) 79
47,4.3,12.937074589336664,77.60430104761421,12.868119967060615,77.51059666767046,conditions Cloudy,Jam ,1,bicycle,Meal,Metropolitan ,09:30,09:51,(min) 88
37,3.8,12.967891842013598,77.61181312118694,12.94864705983034,77.50966784541224,conditions Foggy,High ,0,scooter,Snack,Metropolitan ,17:21,17:39,(min) 87
25,4.3,13.002104886414855,77.59954512554258,13.057215791457542,77.58458289211737,conditions Sandstorms,High ,2,motorcycle,Buffet,Metropolitan ,15:46,16:05,(min) 60
NaN ,3.6,12.999102827085554,77.55674002059773,13.070317711454278,77.59221091715816,conditions Sandstorms,Low ,0,bicycle,Buffet,Metropolitan ,13:14,13:32,(min) 70
20,4.8,12.99509965583533,77.61811474130526,12.90268305423682,77.51644261958889,conditions Sandstorms,Low ,0,scooter,Snack,Metropolitan ,09:47,10:06,(min) 82
50,3.8,12.99489404236749,77.60935718103349,12.986526595801807,77.51140767912318,conditions Stormy,Low ,0,bicycle,Drinks,Metropolitan ,20:46,21:08,(min) 85
33,4.6,12.962715119159222,77.62720394124314,13.035644238888338,77.66780802639883,conditions Sandstorms,Jam ,1,electric_scooter,Meal,Metropolitan ,09:40,10:03,(min) 76
33,4.9,12.948168106468767,77.60090536209792,12.83510043528816,77.63268468891513,conditions Foggy,Medium ,1,electric_scooter,Snack,Metropolitan ,21:02,21:25,(min) 78
44,4.7,12.992052202148736,77.61526706182435,13.007594508821509,77.49585818577167,conditions Cloudy,High ,0,motorcycle,Drinks,Metropolitan ,19:11,19:27,(min) 91
32,4.9,13.001299980411678,77.57338018707037,12.882299785106964,77.61200280838973,conditions Windy,Medium ,0,scooter,Drinks,Metropolitan ,19:10,19:24,(min) 79
24,3.6,12.942511093726754,77.60177096334323,12.902110097663506,77.54749721103664,conditions Sandstorms,High ,0,bicycle,Snack,Metropolitan ,09:55,10:15,(min) 71
43,4.2,12.976231995987147,77.60660594384223,13.003340734094714,77.48978945868458,conditions Sunny,Jam ,1,electric_scooter,Meal,Metropolitan ,16:51,17:01,(min) 89
37,3.5,12.960758466123044,77.60930889845864,12.882101671546708,77.59713302464618,conditions Windy,Low ,2,bicycle,Meal,Metropolitan ,19:57,20:12,(min) 60
50,3.6,12.998669168854505,77.56177298246921,12.976823040768107,77.56939079887492,conditions Windy,High ,2,bicycle,Meal,Metropolitan ,14:19,14:35,(min) 54
40,4.7,13.009646694844962,77.60822224681303,12.983151543259082,77.61519534645898,conditions Stormy,Low ,1,motorcycle,Drinks,Metropolitan ,20:14,20:35,(min) 46
43,4.3,12.991482671441883,77.61716723787636,12.923784543382453,77.66566671011022,conditions Windy,Medium ,0,bicycle,Buffet,Metropolitan ,12:52,13:11,(min) 68
27,4.8,12.957051291538775,77.56453401722983,12.898190981120505,77.62198652580082,conditions Stormy,Medium ,0,motorcycle,Drinks,Metropolitan ,15:26,15:50,(min) 68
48,4,12.957460229674727,77.61228476232887,12.993414642693262,77.54035903757062,conditions Stormy,Medium ,0,motorcycle,Drinks,Semi-Urban ,09:19,09:42,(min) 75
36,4.3,12.966016383113713,77.62358778941483,12.986573976936656,77.68664049153318,conditions Stormy,NaN ,2,electric_scooter,Meal,Metropolitan ,15:35,15:46,(min) 57
42,3.8,12.993756959157437,77.6259269707933,13.04359626707845,77.69657870187586,conditions Cloudy,Medium ,1,bicycle,Snack,Metropolitan ,08:43,08:59,(min) 68
34,4.6,12.970385653524101,77.58341764167919,12.955512864898463,77.68056581219061,conditions Cloudy,Medium ,0,motorcycle,Snack,Urban ,11:03,11:15,(min) 65
40,4.6,13.00876292731464,77.59507383746133,12.989346989994175,77.58370068158277,conditions Foggy,Jam ,0,bicycle,Snack,Metropolitan ,15:06,15:21,(min) 56
25,5,12.945702112632246,77.6125146251455,13.067658633703019,77.62274013616818,conditions Foggy,Low ,1,bicycle,Snack,Urban ,19:52,20:10,(min) 74
36,3.7,12.9382020190157,77.59918754524588,12.875210678397973,77.63292473524788,conditions Sandstorms,Jam ,2,scooter,Buffet,Metropolitan ,13:45,13:59,(min) 84
49,4,12.988105908891558,77.63148315948472,12.945472760185021,77.67418075953509,conditions Windy,Medium ,1,scooter,Meal,Urban ,14:59,15:17,(min) 60
36,4.6,12.95282987959534,77.55881886997297,12.865141351427914,77.56405568912898,conditions Windy,Medium ,2,motorcycle,Buffet,Metropolitan ,15:19,15:40,(min) 57
49,3.9,13.005266486684233,77.602233510679,13.082209247266933,77.57863958588187,conditions Stormy,Low ,0,electric_scooter,Meal,Metropolitan ,16:25,16:43,(min) 71
29,4.4,12.982782447597385,77.55707247418388,12.90973467682889,77.5677715471591,conditions Stormy,Medium ,1,motorcycle,Snack,Metropolitan ,10:13,10:28,(min) 68
27,4.7,12.968807202296704,77.57188835914285,12.940929669654858,77.69205563659129,conditions Foggy,Medium ,1,scooter,Drinks,Metropolitan ,08:56,09:16,(min) 78
29,3.5,13.010234580783546,77.5990641696848,13.05660881637841,77.66920825121724,conditions Sandstorms,High ,2,motorcycle,Buffet,Metropolitan ,10:17,10:35,(min) 72
37,3.8,12.961082676107436,77.58493316843212,12.998148780883676,77.64372932586093,conditions Cloudy,Jam ,2,motorcycle,Snack,Metropolitan ,13:07,13:26,(min) 78
49,3.6,12.9765287211895,77.59312338848636,12.978616396075575,77.53858689100404,conditions Foggy,Jam ,2,electric_scooter,Drinks,Metropolitan ,08:09,08:26,(min) 70
49,5,12.95858811924085,77.57266481402367,13.032522932526405,77.557027150755,conditions Stormy,High ,1,bicycle,Snack,Metropolitan ,08:30,08:44,(min) 75
35,4.7,12.950838674528898,77.62820564978793,13.036071820795089,77.5681842003275,conditions Sandstorms,Low ,0,motorcycle,Buffet,Metropolitan ,11:03,11:19,(min) 67
48,4.7,12.977845769951493,77.613713945961,12.897305039054176,77.65830629508582,conditions Cloudy,Medium ,0,scooter,Snack,Metropolitan ,12:49,13:03,(min) 73
49,4.4,12.941791466882826,77.60489857194051,12.958560541471487,77.54539576408072,conditions Foggy,Low ,0,electric_scooter,Snack,Semi-Urban ,17:00,17:17,(min) 60
33,4,12.942231054528058,77.62952375286297,12.873719003899504,77.52057245622225,conditions Stormy,Low ,0,electric_scooter,Drinks,Metropolitan ,16:20,16:43,(min) 86
44,4.5,12.947657620737703,77.56464386067391,12.958165468598494,77.48879476997823,conditions Windy,Medium ,1,motorcycle,Buffet,Metropolitan ,12:47,12:58,(min) 64
42,3.7,12.968578639438748,77.60329722044095,12.901801578044916,77.61657347123149,conditions Stormy,Jam ,0,motorcycle,Buffet,Metropolitan ,16:07,16:22,(min) 89
20,4.3,13.01018760965988,77.57445455024987,12.91050368509835,77.479246944738,conditions Cloudy,Medium ,2,scooter,Snack,Metropolitan ,20:27,20:40,(min) 84
26,4.4,12.97984393566698,77.61050151498094,12.977343874370666,77.72215891218072,conditions Foggy,Low ,2,bicycle,Drinks,Metropolitan ,10:24,10:48,(min) 68
39,4.5,12.979839092696459,77.62925600974857,13.032134087291684,77.63894999600849,conditions Cloudy,Medium ,1,scooter,Snack,Metropolitan ,20:55,21:05,(min) 55
NaN ,3.7,12.974127274042369,77.60431081031486,12.853167916177679,77.641667564222,conditions Cloudy,NaN ,1,scooter,Meal,Metropolitan ,08:58,09:18,(min) 70
21,4.2,12.983921066278965,77.61633343084752,13.073636707268138,77.54027474051551,conditions Sandstorms,Jam ,1,scooter,Snack,Metropolitan ,09:12,09:29,(min) 91
38,4.9,12.941581866180897,77.59929019500538,12.904394533618673,77.67382741496199,conditions Foggy,Medium ,1,scooter,Meal,Metropolitan ,11:29,11:48,(min) 57
28,4.3,12.934315839799494,77.59672768983096,12.859662205847108,77.51569455120145,conditions Foggy,High ,2,scooter,Drinks,Metropolitan ,08:43,08:55,(min) 82
21,3.6,12.994938443227113,77.59569804691746,12.933804033750295,77.55076953876107,conditions Cloudy,Medium ,0,bicycle,Drinks,Metropolitan ,11:00,11:22,(min) 66
NaN ,3.5,12.93651487244144,77.62153602710963,12.990881718090634,77.55616116414261,conditions Stormy,Medium ,1,motorcycle,Buffet,Metropolitan ,18:28,18:39,(min) 70
25,4.9,12.947501575256139,77.5830386626631,12.890689037240877,77.66068725666698,conditions Sunny,Low ,0,bicycle,Meal,Metropolitan ,16:38,16:48,(min) 57
38,3.6,12.994854549950361,77.63324156289026,12.863712791328103,77.61282882044088,conditions Sandstorms,Jam ,2,motorcycle,Meal,Metropolitan ,09:09,09:28,(min) 98
39,3.9,13.008287218155713,77.60528607416003,13.047963157966288,77.54601565639418,conditions Cloudy,Medium ,2,motorcycle,Meal,Metropolitan ,22:58,23:22,(min) 55
28,4.2,13.004438154174387,77.62206256010607,13.117876051575779,77.69722571622844,conditions Cloudy,Jam ,0,electric_scooter,Drinks,Metropolitan ,12:18,12:31,(min) 106
50,3.6,12.942874085585029,77.57079385644793,13.038122111173012,77.60830275727018,conditions Sandstorms,Jam ,1,bicycle,Meal,Metropolitan ,21:44,22:03,(min) 99
23,3.6,12.996903715988994,77.56134201747402,12.976652799720576,77.5867249612791,conditions Windy,Medium ,1,bicycle,Snack,Urban ,19:39,19:56,(min) 49
33,4.9,12.971694906426967,77.58760578372554,12.99682167173057,77.56346875329284,conditions Sunny,Low ,2,motorcycle,Buffet,Metropolitan ,15:47,16:04,(min) 28
20,4.2,13.010199020782858,77.60855402476192,12.98505471786617,77.58990813918655,conditions Sunny,Low ,0,electric_scooter,Meal,Urban ,17:55,18:12,(min) 34
46,3.9,12.97394399696812,77.57503879833072,13.049638379596226,77.58832482853913,conditions Windy,Low ,2,scooter,Meal,Metropolitan ,13:37,13:49,(min) 60
37,3.6,12.951343321277202,77.62533437111452,12.90356847192647,77.55348914558856,conditions Windy,Medium ,0,motorcycle,Meal,Metropolitan ,09:18,09:34,(min) 69
42,3.5,12.95606185881272,77.5890256798923,13.029344596426956,77.5752250453127,conditions Cloudy,Jam ,1,motorcycle,Snack,Metropolitan ,14:06,14:23,(min) 80
48,3.8,12.94068184222877,77.566921281638,12.922433542875014,77.51553557367676,conditions Sandstorms,Jam ,2,motorcycle,Meal,Metropolitan ,11:08,11:25,(min) 71
48,5,12.962409833984822,77.63239902372509,13.06865034626802,77.62694826607957,conditions Windy,Medium ,2,scooter,Snack,Metropolitan ,14:14,14:29,(min) 75
25,4.9,12.95557172432393,77.58791572467462,13.031895664871675,77.57101451676421,conditions Stormy,Low ,2,motorcycle,Buffet,Metropolitan ,16:29,16:51,(min) 53
21,3.6,12.993060079867393,77.57292670979201,12.938256901572872,77.48967123211271,conditions Sunny,Jam ,1,electric_scooter,Buffet,Metropolitan ,17:45,18:05,(min) 75
39,4.6,12.971283937430382,77.59943674405143,13.025103779799986,77.54073642849167,conditions Sandstorms,High ,2,electric_scooter,Snack,Metropolitan ,21:26,21:43,(min) 73
41,NaN ,12.959646052213758,77.5685465437457,13.016194404022137,77.64727656589082,conditions Stormy,Jam ,1,motorcycle,Meal,Metropolitan ,22:56,23:07,(min) 85
20,4.3,12.96376370774433,77.58911856900006,12.955294932451968,77.61431373513939,conditions Stormy,High ,1,bicycle,Meal,Metropolitan ,20:27,20:42,(min) 60
35,4.2,12.988987105189265,77.60475059718863,12.94752800901322,77.66174217591833,conditions Sandstorms,Low ,2,motorcycle,Drinks,Metropolitan ,19:28,19:39,(min) 58
45,4.9,12.95577920159176,77.5790149620086,13.014389858773761,77.60120988085772,conditions Sandstorms,High ,1,scooter,Buffet,Semi-Urban ,16:02,16:17,(min) 65
48,3.8,12.994408545362205,77.56745446096211,12.858672483805613,77.53830068135103,conditions Windy,Medium ,1,bicycle,Snack,Urban ,15:20,15:38,(min) 81
30,NaN ,12.94493601364866,77.62160397193432,12.971867053225392,77.71778320810935,conditions Foggy,Low ,0,bicycle,Buffet,Metropolitan ,13:36,13:58,(min) 71
41,4.6,12.99134294828251,77.60447538285554,12.985786620163584,77.67760542631154,conditions Foggy,High ,0,electric_scooter,Buffet,Metropolitan ,17:47,18:04,(min) 70
47,3.8,12.994712734109164,77.57722849284336,12.991449417891165,77.6938904322623,conditions Windy,Medium ,0,scooter,Snack,Metropolitan ,17:55,18:08,(min) 80
24,4.5,12.996132223250717,77.63239183741659,12.885627951147084,77.60682396508908,conditions Stormy,High ,0,bicycle,Meal,Metropolitan ,10:25,10:49,(min) 84
37,3.7,12.98387670494467,77.61578346499279,12.972022107645989,77.63509621643306,conditions Sandstorms,Medium ,1,electric_scooter,Buffet,Urban ,15:23,15:38,(min) 46
49,4.8,13.007781511431933,77.6038016751878,12.979839850389261,77.67292041454557,conditions Stormy,Medium ,1,electric_scooter,Buffet,Metropolitan ,17:16,17:38,(min) 66
27,4.5,12.971260035874694,77.57469976383298,12.890823560850325,77.53487729448004,conditions Cloudy,High ,0,electric_scooter,Buffet,Metropolitan ,21:38,21:52,(min) 76
20,5,12.937733264936508,77.58630387672261,12.842840322724012,77.50286099263506,conditions Stormy,Low ,0,bicycle,Buffet,Metropolitan ,15:50,16:00,(min) 81
32,4.3,13.006668190935999,77.57400318182111,12.991976127252816,77.61524350633672,conditions Sandstorms,Low ,1,electric_scooter,Meal,Urban ,08:24,08:46,(min) 48
26,4,12.944063934924454,77.62476556378454,12.941561276207874,77.49872301147866,conditions Windy,Low ,0,electric_scooter,Snack,Metropolitan ,20:32,20:50,(min) 75
49,4.8,12.963219768776,77.62910730847194,12.912916649997555,77.62560964059247,conditions Cloudy,High ,0,motorcycle,Buffet,Metropolitan ,08:15,08:35,(min) 55
21,4.4,12.960575844029337,77.6302683702767,12.868983763868277,77.66454198614596,conditions Stormy,NaN ,2,bicycle,Drinks,Metropolitan ,14:47,15:02,(min) 73
NaN ,4,12.962211472148448,77.61416333361566,13.023787622907271,77.57524300846468,conditions Windy,Low ,0,bicycle,Drinks,Metropolitan ,22:41,22:56,(min) 53
34,4.4,12.973717382679135,77.5698894243598,12.874032161301741,77.66149272171505,conditions Foggy,Jam ,2,motorcycle,Snack,Urban ,08:45,08:57,(min) 98
33,3.9,12.994776393564791,77.61998387071341,12.938377932094859,77.7377384877787,conditions Sandstorms,High ,1,motorcycle,Drinks,Urban ,08:24,08:38,(min) 92
26,4,12.933505695218594,77.57081916614473,12.91243091265449,77.52860946138647,conditions Cloudy,Medium ,2,bicycle,Meal,Metropolitan ,19:03,19:24,(min) 50
46,NaN ,12.932917834556104,77.62204993476198,12.989529943758619,77.59734503932144,conditions Foggy,Low ,1,scooter,Buffet,Urban ,12:56,13:18,(min) 60
40,NaN ,12.947720864208788,77.55498257014007,12.98548373764826,77.46564107713043,conditions Cloudy,Jam ,1,electric_scooter,Buffet,Metropolitan ,16:46,17:00,(min) 74
47,4.3,12.997193100618572,77.56929256479293,12.976076722665136,77.56187595088997,conditions Sunny,Jam ,2,electric_scooter,Buffet,Metropolitan ,21:30,21:40,(min) 54
32,4.5,12.9404491955027,77.60062956691756,12.889570405992306,77.58996686736263,conditions Cloudy,Medium ,2,electric_scooter,Drinks,Urban ,08:33,08:53,(min) 44
44,4.1,13.001958689799904,77.61162462440356,12.96747990867115,77.64487061835594,conditions Foggy,High ,0,scooter,Drinks,Metropolitan ,09:18,09:39,(min) 64
38,3.6,12.951830629276484,77.56168187777548,12.888320540696737,77.50776763551424,conditions Sandstorms,Low ,2,electric_scooter,Drinks,Metropolitan ,13:25,13:41,(min) 70
20,4.5,13.008839961884917,77.58104192734733,12.977250181276418,77.59423092657644,conditions Stormy,NaN ,0,motorcycle,Drinks,Metropolitan ,20:07,20:29,(min) 54
47,4.3,12.953473302198947,77.59182813921049,12.97755646377968,77.62763837972425,conditions Stormy,Medium ,0,scooter,Meal,Urban ,14:06,14:18,(min) 61
48,5,12.993930602258445,77.61920967404768,12.918300652145167,77.69570741547486,conditions Windy,Low ,1,scooter,Drinks,Metropolitan ,22:07,22:30,(min) 59
41,3.9,13.00770054453835,77.63238313305229,13.01814484674112,77.61155754928888,conditions Stormy,High ,2,electric_scooter,Buffet,Metropolitan ,13:09,13:23,(min) 61
39,3.6,12.961835858894885,77.59651244559363,12.913813577679234,77.69336219782886,conditions Sunny,High ,1,motorcycle,Snack,Metropolitan ,13:26,13:50,(min) 77
NaN ,4.6,12.951241674701125,77.63206732696891,12.982028825686603,77.65286297393175,conditions Sunny,High ,2,bicycle,Drinks,Metropolitan ,15:22,15:42,(min) 45
40,4.5,12.946675487215073,77.5788421054095,12.891057434032154,77.62481074767051,conditions Sunny,Medium ,2,scooter,Buffet,Metropolitan ,20:10,20:22,(min) 56
22,4.2,12.978189542627335,77.59192720194385,13.024189169356523,77.56530497860537,conditions Stormy,Medium ,2,bicycle,Buffet,Urban ,10:35,10:55,(min) 52
40,3.6,13.002518434076011,77.55996581033841,12.985960536902939,77.54466903028475,conditions Cloudy,High ,1,bicycle,Meal,Urban ,10:52,11:16,(min) 48
50,3.6,12.94071151520908,77.59833882969842,13.02509145327183,77.59891419373633,conditions Stormy,High ,0,motorcycle,Buffet,Urban ,20:08,20:26,(min) 89
21,4.3,12.99788439757973,77.61036683716848,12.920988111706224,77.55614872579581,conditions Windy,Low ,0,electric_scooter,Buffet,Metropolitan ,10:03,10:20,(min) 63
49,3.7,12.933298161307723,77.56543617433906,12.935343329024523,77.58917540607997,conditions Sandstorms,Jam ,1,bicycle,Drinks,Metropolitan ,14:58,15:21,(min) 72
48,4.7,12.969430107137562,77.61256858629211,13.02385007192941,77.62377265512363,conditions Cloudy,High ,2,bicycle,Snack,Metropolitan ,17:29,17:43,(min) 56
23,4.1,12.985377628522366,77.62060162956864,12.968819302936371,77.70500735593204,conditions Cloudy,Medium ,0,bicycle,Drinks,Metropolitan ,21:21,21:41,(min) 74
38,4.8,13.00182903483361,77.55769185260907,13.01346510938007,77.42259703596046,conditions Sunny,High ,2,scooter,Meal,Metropolitan ,13:01,13:17,(min) 85
NaN ,3.5,12.959883336479217,77.57413850619496,12.98492217881033,77.60051536217134,conditions Windy,Medium ,2,bicycle,Meal,Metropolitan ,08:54,09:09,(min) 44
49,4.8,12.975299182961136,77.55600382289886,12.914871384632841,77.5323461917311,conditions Stormy,Low ,0,scooter,Buffet,Metropolitan ,19:49,20:05,(min) 66
27,4.9,12.991003188303113,77.58549567696676,12.932842568642387,77.67829384172381,conditions Sunny,Medium ,2,bicycle,Drinks,Metropolitan ,13:56,14:10,(min) 65
NaN ,4.7,12.943925582634659,77.5739203913048,12.910838644462288,77.53005570139025,conditions Sunny,High ,1,bicycle,Snack,Metropolitan ,10:52,11:10,(min) 53
48,4.1,12.943555038215965,77.59347186702341,12.852478147243009,77.5886395031813,conditions Cloudy,Medium ,0,scooter,Buffet,Metropolitan ,11:46,12:06,(min) 68
30,3.6,12.99019783295542,77.61138555833176,13.013167595211643,77.60316767385042,conditions Foggy,Medium ,1,motorcycle,Buffet,Urban ,09:07,09:27,(min) 47
30,4.5,12.941321853882075,77.60231849764511,12.890166942055146,77.57174351551707,conditions Sunny,Medium ,2,scooter,Snack,Metropolitan ,15:18,15:37,(min) 39
30,3.5,12.98978041553721,77.60965750950426,12.884175239370743,77.69324263791604,conditions Sandstorms,Jam ,1,motorcycle,Buffet,Metropolitan ,13:05,13:23,(min) 105
39,5,12.994926737917961,77.63191832968072,12.96344622579584,77.73539912696558,conditions Stormy,Medium ,0,electric_scooter,Snack,Metropolitan ,18:12,18:34,(min) 79
45,4.5,12.96474446831122,77.60960117197632,12.980140146424791,77.63152213098161,conditions Foggy,High ,0,scooter,Meal,Urban ,18:48,19:04,(min) 55
48,3.5,12.984033441784232,77.62817133802027,12.934277861899988,77.53138962991747,conditions Stormy,Jam ,1,motorcycle,Snack,Metropolitan ,13:36,13:58,(min) 105
45,3.9,12.986480899228155,77.5622731835492,13.01457481763542,77.58249762424822,conditions Sandstorms,Medium ,0,motorcycle,Meal,Semi-Urban ,13:06,13:23,(min) 62
41,3.6,12.948556820636988,77.58535621975585,12.9543615086652,77.61171080559718,conditions Windy,Medium ,1,scooter,Snack,Metropolitan ,18:04,18:24,(min) 41
33,3.7,12.99014224195704,77.55877897757142,13.041309001519675,77.65861537036523,conditions Windy,High ,1,motorcycle,Drinks,Urban ,09:00,09:22,(min) 83
36,4.1,12.992653244937213,77.58601454942524,13.022139193763225,77.52490636974389,conditions Sunny,High ,0,electric_scooter,Drinks,Metropolitan ,15:42,15:54,(min) 63
42,NaN ,13.000079424864055,77.60815727685615,13.093350190638606,77.5975534375521,conditions Sunny,Low ,0,motorcycle,Meal,Metropolitan ,22:44,23:08,(min) 60
32,3.5,12.994217107853293,77.55493494105562,13.07349975676104,77.64953896419512,conditions Cloudy,Medium ,1,scooter,Buffet,Metropolitan ,22:16,22:35,(min) 78
23,4.5,12.967451190965622,77.57712749089151,12.959011606566346,77.65441040416206,conditions Stormy,Low ,2,motorcycle,Snack,Metropolitan ,21:34,21:57,(min) 65
27,4.5,12.965432156173886,77.5632407735385,12.96155818987121,77.53462844145992,conditions Sunny,Medium ,2,electric_scooter,Meal,Metropolitan ,11:33,11:57,(min) 33
33,4.5,12.938792304749041,77.58454783662259,12.889945729687472,77.53829855676005,conditions Sandstorms,NaN ,2,motorcycle,Drinks,Metropolitan ,18:00,18:19,(min) 53
NaN ,NaN ,12.945289832482487,77.60189834944009,12.989494086436201,77.61201946088597,conditions Cloudy,Jam ,1,scooter,Drinks,Metropolitan ,17:57,18:20,(min) 60
31,4.8,12.979293239785731,77.60343978145197,12.987411391819945,77.65832198116179,conditions Cloudy,Jam ,1,bicycle,Meal,Metropolitan ,17:13,17:27,(min) 59
50,NaN ,12.949555815140158,77.55668160921931,12.97515712996693,77.49449426390122,conditions Windy,NaN ,2,scooter,Buffet,Metropolitan ,12:22,12:36,(min) 50
42,4.3,12.963440976960957,77.59566137486175,12.976776463264018,77.71780532143663,conditions Cloudy,Medium ,1,electric_scooter,Snack,Metropolitan ,17:23,17:38,(min) 76
20,4,13.009670343825967,77.61254235408306,13.021278850026956,77.74306399496794,conditions Windy,High ,2,electric_scooter,Snack,Metropolitan ,20:52,21:16,(min) 87
37,4.7,13.00223470311463,77.60268731531724,12.970873356158517,77.53168657256866,conditions Stormy,Jam ,2,motorcycle,Meal,Metropolitan ,10:13,10:34,(min) 74
23,3.6,12.96771301375553,77.6277068615988,12.916919891025964,77.56680162814477,conditions Sandstorms,High ,1,electric_scooter,Buffet,Metropolitan ,17:52,18:14,(min) 75
24,3.6,12.962358837424219,77.62734898538366,12.99924638528795,77.592668924176,conditions Foggy,Jam ,1,bicycle,Drinks,Metropolitan ,17:56,18:15,(min) 71
36,3.9,13.008528003299983,77.5981783392936,13.030861258018685,77.50797562653639,conditions Sandstorms,Low ,1,scooter,Snack,Metropolitan ,20:58,21:19,(min) 69
47,4.9,12.985795851832629,77.6037571433656,12.982274617868914,77.55875366003585,conditions Windy,Medium ,2,scooter,Snack,Urban ,14:48,15:12,(min) 52
38,4.4,12.97529298454374,77.55858310789839,13.027945098003212,77.53380342999063,conditions Sunny,Medium ,0,motorcycle,Meal,Semi-Urban ,10:00,10:14,(min) 51
24,4.9,12.933191860726476,77.58546117481812,13.0070276684232,77.575528640191,conditions Cloudy,Jam ,0,electric_scooter,Buffet,Metropolitan ,21:28,21:39,(min) 75
43,4.7,12.969695132838934,77.63447416554243,13.01084666036491,77.69599237143292,conditions Sunny,Low ,2,electric_scooter,Drinks,Urban ,21:48,22:06,(min) 53
24,4.1,13.000325836370141,77.60626944563388,13.001365118745861,77.56253294379026,conditions Sandstorms,Jam ,2,scooter,Buffet,Metropolitan ,17:45,18:07,(min) 62
33,4.4,12.97791589241326,77.61430461701974,12.88860556728511,77.63443470309014,conditions Sunny,Jam ,1,electric_scooter,Drinks,Metropolitan ,19:56,20:20,(min) 83
48,4.9,12.952105107175559,77.55700683484822,13.032306714585237,77.61848000068143,conditions Cloudy,High ,2,bicycle,Snack,Metropolitan ,09:56,10:18,(min) 67
37,5,12.970138024388254,77.55853029579893,12.931652133365606,77.5394175234406,conditions Cloudy,Medium ,1,scooter,Buffet,Metropolitan ,17:00,17:21,(min) 42
29,4.6,12.935091374719889,77.61399105935395,13.015932747999614,77.60102263022524,conditions Sunny,High ,0,motorcycle,Meal,Metropolitan ,20:53,21:16,(min) 69
23,4.7,12.96118687618375,77.58856519137547,12.86975720812227,77.62247972542758,conditions Sunny,Low ,1,bicycle,Drinks,Metropolitan ,13:48,14:11,(min) 61
NaN ,3.7,12.985924579741805,77.63458016711324,13.076855454941684,77.56397541634871,conditions Foggy,High ,2,bicycle,Snack,Metropolitan ,08:27,08:50,(min) 82
NaN ,4.4,13.001341981308908,77.56492364670187,13.016948833702063,77.46245087302664,conditions Stormy,Medium ,2,motorcycle,Meal,Metropolitan ,16:58,17:11,(min) 73
29,4.9,12.994467332752794,77.5805357823059,12.936359239465393,77.5732224980916,conditions Sandstorms,High ,2,motorcycle,Meal,Metropolitan ,18:32,18:55,(min) 55
44,3.6,12.952498624248802,77.61601317607835,12.932200405720884,77.5893911531326,conditions Cloudy,Medium ,2,electric_scooter,Snack,Metropolitan ,17:12,17:36,(min) 44
47,5,12.931691594848783,77.55540110639333,12.9820791136752,77.56163014816886,conditions Foggy,Low ,0,motorcycle,Drinks,Metropolitan ,09:20,09:34,(min) 51
39,4.4,12.99708843242228,77.58646313396319,13.086902907486094,77.56363299352729,conditions Foggy,High ,2,motorcycle,Snack,Urban ,19:56,20:19,(min) 75
28,NaN ,12.935025876684488,77.63087368332818,12.904695606179981,77.58628802035918,conditions Windy,Low ,2,bicycle,Drinks,Metropolitan ,14:30,14:41,(min) 46
28,4.7,13.006941544412078,77.61769794941917,13.075043134957536,77.49612302417538,conditions Foggy,High ,0,scooter,Buffet,Urban ,22:48,23:07,(min) 94
50,4.7,12.978479105344416,77.57630884972438,13.044204701580869,77.61169579379951,conditions Sandstorms,High ,0,electric_scooter,Meal,Urban ,18:13,18:34,(min) 70
47,NaN ,12.944974088592827,77.55830041372255,12.917004740107833,77.57937418129666,conditions Sunny,Jam ,1,electric_scooter,Meal,Metropolitan ,20:59,21:11,(min) 61
30,4.9,12.971314061282575,77.58134181619658,12.859052908335947,77.64357072623955,conditions Foggy,Medium ,2,motorcycle,Drinks,Metropolitan ,12:05,12:26,(min) 80
24,4.9,12.937140589857847,77.62381856977045,12.876116307928179,77.68308791688,conditions Sandstorms,Jam ,1,scooter,Snack,Urban ,15:21,15:32,(min) 80
31,4.5,13.004319211410731,77.55885888497383,13.006469166287756,77.52956597624393,conditions Stormy,Medium ,0,motorcycle,Snack,Metropolitan ,16:39,17:02,(min) 52
36,4.9,12.947917107938231,77.56757632018105,12.95360607664353,77.52805254141121,conditions Stormy,High ,2,bicycle,Meal,Metropolitan ,18:47,19:05,(min) 59
47,4.3,12.958459722901136,77.6137474507004,13.067938065772855,77.5722544679387,conditions Windy,Jam ,0,scooter,Snack,Metropolitan ,17:07,17:29,(min) 94
28,4.5,12.969268562978506,77.59827723567412,13.003422533681896,77.56286654046106,conditions Windy,Jam ,0,scooter,Meal,Metropolitan ,11:33,11:56,(min) 62
35,3.6,12.979132569970936,77.60451630937904,13.056857236022935,77.6623104129378,conditions Sunny,Medium ,0,bicycle,Buffet,Metropolitan ,13:53,14:12,(min) 75
40,4.2,12.968441805912555,77.60047203221396,12.965126210772587,77.65945621093464,conditions Foggy,Jam ,2,electric_scooter,Buffet,Metropolitan ,10:03,10:22,(min) 70
22,4.9,13.005482900420576,77.5883079976499,13.058818110280505,77.54060828373025,conditions Sandstorms,Low ,1,electric_scooter,Buffet,Metropolitan ,13:17,13:27,(min) 61
23,4,12.968692692777514,77.60793093008026,12.942586051797049,77.58044950082304,conditions Foggy,Low ,1,motorcycle,Snack,Metropolitan ,08:33,08:51,(min) 45
48,3.8,12.953757626729459,77.57711728985458,13.025148336901864,77.56002061377626,conditions Foggy,Jam ,2,electric_scooter,Drinks,Metropolitan ,14:34,14:57,(min) 89
30,3.9,12.974987532643974,77.60625964836255,12.909514647585857,77.58366367613476,conditions Stormy,Jam ,0,motorcycle,Meal,Metropolitan ,19:12,19:26,(min) 87
23,4.5,12.967138342315705,77.63272848441302,13.019036292264932,77.58340396033007,conditions Windy,Low ,1,bicycle,Drinks,Metropolitan ,11:46,12:07,(min) 44
32,4.4,12.93507562789917,77.56301430364176,12.913778068629258,77.62029752605794,conditions Stormy,High ,1,bicycle,Buffet,Metropolitan ,10:36,10:59,(min) 71
26,NaN ,12.990966083499044,77.58362168434114,12.993376605329049,77.53321060906258,conditions Sandstorms,Jam ,1,scooter,Buffet,Metropolitan ,19:27,19:38,(min) 73
37,3.6,13.006851631867141,77.55601908992082,12.941495032103052,77.65718713166845,conditions Foggy,Jam ,2,electric_scooter,Drinks,Metropolitan ,20:16,20:36,(min) 98
41,5,12.9693525633201,77.57894582779184,13.007568673279037,77.65729105124996,conditions Cloudy,Low ,2,bicycle,Drinks,Urban ,15:19,15:38,(min) 57
28,4.1,13.008978758266569,77.57108909723387,13.033471404319082,77.62769846000757,conditions Sandstorms,NaN ,1,scooter,Meal,Metropolitan ,10:42,10:56,(min) 50
NaN ,3.7,12.970723523384333,77.57624674414322,12.992758025975544,77.506949018686,conditions Foggy,Jam ,0,motorcycle,Meal,Metropolitan ,19:13,19:32,(min) 90
NaN ,4.5,12.958734516462684,77.57450048637614,13.010160151142957,77.46314132406661,conditions Stormy,Jam ,2,scooter,Snack,Metropolitan ,14:49,15:11,(min) 100
28,4.2,12.972765021955967,77.62165669371412,13.022533057807351,77.52725362867956,conditions Foggy,Low ,1,bicycle,Drinks,Urban ,12:19,12:30,(min) 73
42,4,12.987870831339063,77.61902008877173,12.963028623220096,77.63738877294053,conditions Stormy,High ,2,scooter,Snack,Urban ,21:48,21:58,(min) 63
34,4.6,12.992223997673392,77.57321274113879,12.968142339466212,77.55078358405355,conditions Windy,Low ,1,bicycle,Buffet,Urban ,17:29,17:40,(min) 31
32,3.9,12.954930458439888,77.62482009002045,12.865786304898618,77.61276617828103,conditions Stormy,Low ,1,electric_scooter,Meal,Urban ,15:20,15:36,(min) 69
37,3.5,13.001261712795497,77.55597636078521,13.068097085242211,77.47208621863038,conditions Foggy,Low ,0,bicycle,Buffet,Metropolitan ,16:37,16:57,(min) 71
23,4.9,12.997343269827217,77.6096945859775,12.990624632681909,77.74946642604137,conditions Cloudy,Medium ,1,motorcycle,Drinks,Urban ,11:17,11:39,(min) 79
22,4.9,13.00836055179909,77.5909688159734,12.972291203111784,77.5681752672686,conditions Cloudy,High ,2,scooter,Meal,Metropolitan ,13:03,13:23,(min) 53
41,4.8,12.991154678350687,77.58446711515114,12.956709699235152,77.70948230632965,conditions Cloudy,Jam ,0,bicycle,Snack,Metropolitan ,13:38,13:53,(min) 99
40,4.8,12.93672019744143,77.63013163226694,12.954383617516559,77.53876634280115,conditions Stormy,High ,0,bicycle,Drinks,Metropolitan ,15:01,15:14,(min) 81
31,4,13.003087304009497,77.57819184609725,12.98028081592772,77.69796724658495,conditions Windy,Jam ,0,scooter,Buffet,Urban ,19:42,19:55,(min) 100
50,3.9,13.001317724472285,77.58881266688034,13.008464519723857,77.45896098501136,conditions Cloudy,Low ,0,motorcycle,Meal,Metropolitan ,20:56,21:10,(min) 86
29,4.4,12.952171648981423,77.59750623959154,12.867576514363392,77.67333251800449,conditions Foggy,Low ,1,motorcycle,Snack,Semi-Urban ,10:55,11:16,(min) 71
41,4.3,12.935517097914964,77.60089234321416,12.934760637618838,77.5721361674466,conditions Sandstorms,Medium ,0,motorcycle,Snack,Metropolitan ,12:35,12:52,(min) 57
40,4.2,13.004641476160288,77.57659114097282,13.101157442188457,77.58375213446853,conditions Cloudy,Low ,0,scooter,Drinks,Metropolitan ,18:39,18:56,(min) 64
49,4.9,13.007525749447197,77.5615840329513,13.026617715052188,77.5848931451124,conditions Stormy,Jam ,1,scooter,Drinks,Metropolitan ,09:15,09:37,(min) 66
22,NaN ,12.951982674969733,77.6055394322522,12.833438536265518,77.60469559873262,conditions Sandstorms,Low ,0,bicycle,Buffet,Metropolitan ,10:36,10:49,(min) 74
36,3.8,12.950447488872708,77.60990128026381,12.949519912915083,77.5306751624113,conditions Sandstorms,Medium ,1,bicycle,Meal,Metropolitan ,20:08,20:18,(min) 68
35,5,12.959059035534413,77.58460835441053,12.941407899230388,77.65346191765514,conditions Stormy,Medium ,2,bicycle,Meal,Metropolitan ,18:36,18:50,(min) 61
34,4.4,12.96830987278223,77.59447827984616,12.991195609438593,77.53156600106173,conditions Sunny,High ,0,electric_scooter,Drinks,Metropolitan ,17:50,18:12,(min) 64
48,3.6,12.97618386009559,77.56321105035991,12.996679485712603,77.44896872724131,conditions Foggy,High ,2,bicycle,Snack,Urban ,16:15,16:27,(min) 88
32,NaN ,12.981823137754947,77.56185699089467,12.912218006069956,77.61697543548989,conditions Cloudy,Jam ,0,motorcycle,Snack,Metropolitan ,20:05,20:17,(min) 86
30,4.3,12.991820173392446,77.55760149708986,13.007367823121191,77.67828434722716,conditions Sunny,Medium ,0,bicycle,Meal,Urban ,18:28,18:45,(min) 71
36,4,12.940726383718104,77.62734381350725,12.91553107065958,77.55160835217148,conditions Stormy,Jam ,0,bicycle,Drinks,Urban ,10:13,10:33,(min) 88
20,4.7,12.952348775620013,77.62922434075773,12.851986492846711,77.63829963524391,conditions Cloudy,Medium ,1,electric_scooter,Meal,Metropolitan ,19:00,19:16,(min) 67
24,4.6,12.991563592588902,77.59243947912977,13.014148351677479,77.61070754327649,conditions Sandstorms,Medium ,2,bicycle,Drinks,Metropolitan ,15:35,15:45,(min) 41
34,NaN ,12.941704759391397,77.59811140331477,12.918324258829522,77.5888040036097,conditions Stormy,Low ,0,electric_scooter,Meal,Metropolitan ,22:31,22:42,(min) 47
27,4.9,13.002203445004673,77.57278183917552,13.044827033127893,77.5138667632594,conditions Sandstorms,Jam ,1,motorcycle,Snack,Metropolitan ,17:21,17:33,(min) 74
22,4.4,13.01086492061466,77.61547155440822,13.061612121419891,77.5897504733426,conditions Sunny,Jam ,1,scooter,Snack,Urban ,09:29,09:46,(min) 61
34,3.6,12.939241942873597,77.61844711211548,12.951118022212267,77.59925587040206,conditions Sunny,Low ,1,motorcycle,Drinks,Metropolitan ,13:24,13:44,(min) 38
47,4.5,12.980302124785633,77.55774424175769,12.919525187978646,77.5674859842538,conditions Sunny,Jam ,1,scooter,Meal,Metropolitan ,10:05,10:19,(min) 66
41,4.6,12.967695475815237,77.55536679447665,13.06747399182416,77.48477391368813,conditions Foggy,Low ,0,motorcycle,Meal,Metropolitan ,19:33,19:52,(min) 80
42,4.9,12.998183895850927,77.57272670148909,13.01847958389524,77.57644495613783,conditions Foggy,Low ,0,bicycle,Buffet,Metropolitan ,16:51,17:13,(min) 36
50,4,12.98297375637889,77.59532200817988,12.89132235063523,77.57331857814658,conditions Cloudy,Low ,2,bicycle,Buffet,Semi-Urban ,18:01,18:17,(min) 59
NaN ,3.5,12.96288937330097,77.59757923425212,12.954433522096597,77.62907286891746,conditions Windy,Medium ,2,scooter,Drinks,Metropolitan ,15:27,15:50,(min) 46
46,4.8,12.93844637580067,77.61716504671648,12.997194136403163,77.6200014137696,conditions Sandstorms,Low ,0,scooter,Buffet,Urban ,13:52,14:08,(min) 61
29,3.7,12.989566627329589,77.5938412201874,13.022118359310117,77.64262157614151,conditions Sunny,Medium ,2,scooter,Drinks,Metropolitan ,19:11,19:34,(min) 53
23,4.2,12.972862114252896,77.63421223807185,13.003433901034875,77.71702028504617,conditions Cloudy,High ,0,bicycle,Meal,Urban ,13:30,13:51,(min) 81
33,3.9,13.010690936351567,77.6143160307318,12.960215287841905,77.74146245398423,conditions Foggy,Low ,1,motorcycle,Meal,Metropolitan ,21:04,21:26,(min) 86
NaN ,4,13.011292860096694,77.6114378858082,13.140468720783788,77.5735564742038,conditions Cloudy,Medium ,0,electric_scooter,Snack,Metropolitan ,08:46,09:05,(min) 78
43,4.5,13.00718198980987,77.60507371288762,12.9887185008872,77.51926483482914,conditions Sandstorms,Medium ,1,scooter,Meal,Metropolitan ,13:00,13:20,(min) 68
40,3.9,12.972541463690252,77.58333445305973,12.947907783655806,77.63608889625193,conditions Windy,Medium ,2,scooter,Meal,Metropolitan ,22:06,22:22,(min) 50
22,4.2,12.970312600283325,77.58447203890458,12.878013564247567,77.51381194081709,conditions Sandstorms,High ,1,bicycle,Snack,Urban ,13:08,13:31,(min) 89
43,5,12.952383583447338,77.56772311669812,12.985211335100319,77.45426718616847,conditions Cloudy,Low ,0,bicycle,Buffet,Metropolitan ,10:44,10:57,(min) 66
49,4.9,12.9652899924092,77.56810036058575,12.86882750240144,77.58534879643632,conditions Cloudy,Jam ,2,bicycle,Drinks,Semi-Urban ,08:24,08:43,(min) 77
42,4.6,12.982265602032095,77.57470791108013,13.060476798189551,77.65372581925993,conditions Sandstorms,High ,2,electric_scooter,Drinks,Urban ,19:17,19:38,(min) 80
39,4.7,12.949638450684398,77.58561088609547,12.813830149544795,77.57758495823732,conditions Cloudy,Low ,2,motorcycle,Meal,Metropolitan ,10:37,10:47,(min) 66
NaN ,4.8,12.967101680709423,77.56856828787402,12.955025538834962,77.43971467528735,conditions Cloudy,High ,2,scooter,Snack,Metropolitan ,16:39,16:56,(min) 75
30,4.8,12.958942353872954,77.60506581799164,12.963675564402859,77.57754785653097,conditions Windy,Low ,0,bicycle,Buffet,Metropolitan ,16:54,17:15,(min) 39
NaN ,NaN ,13.007850420529396,77.58471712960899,12.923392724826986,77.6228813853062,conditions Cloudy,Medium ,1,bicycle,Snack,Metropolitan ,09:39,09:51,(min) 57
33,3.5,12.97443323880285,77.610303752134,12.923872730335189,77.49782392389146,conditions Stormy,Jam ,1,electric_scooter,Meal,Metropolitan ,15:34,15:53,(min) 97
40,3.8,13.006753575409205,77.61859344272912,13.025061909386094,77.50085039577817,conditions Sandstorms,Jam ,0,motorcycle,Buffet,Metropolitan ,12:37,12:59,(min) 102
46,3.6,12.98342466223836,77.57939774309322,12.84581890322962,77.58708634948788,conditions Sunny,High ,1,electric_scooter,Buffet,Metropolitan ,17:08,17:18,(min) 91
36,4.2,12.935363984944672,77.62052546697706,12.904131710673333,77.65944381561316,conditions Foggy,Medium ,2,bicycle,Buffet,Metropolitan ,21:32,21:56,(min) 58
36,4.4,12.979130295290053,77.57825311311558,13.06708652727432,77.62905480054947,conditions Cloudy,Low ,1,scooter,Buffet,Metropolitan ,21:05,21:29,(min) 67
50,4.7,12.949751346091182,77.58283786094785,12.996514640110766,77.46072637851776,conditions Sunny,Jam ,0,scooter,Meal,Metropolitan ,09:16,09:38,(min) 89
33,4.6,12.981593561133742,77.5858315802835,12.946697379602739,77.50217669503213,conditions Sunny,Medium ,0,bicycle,Drinks,Urban ,22:10,22:23,(min) 58
45,4.7,12.951035866512358,77.61919192084149,12.926537398605678,77.67752072645528,conditions Sunny,High ,2,scooter,Drinks,Metropolitan ,20:14,20:29,(min) 57
45,4.7,12.953796328286082,77.59682582772375,12.976642791988182,77.54087835109944,conditions Foggy,Jam ,1,bicycle,Drinks,Urban ,17:54,18:12,(min) 68
36,4.8,12.993209637048096,77.63459291893095,13.054894843285707,77.70875890789654,conditions Stormy,Low ,2,scooter,Snack,Metropolitan ,14:05,14:20,(min) 66
32,4.6,12.956368256582321,77.59577312358692,12.964831091582813,77.70314036052459,conditions Windy,Medium ,0,bicycle,Meal,Metropolitan ,19:06,19:23,(min) 75
42,4.9,12.933898744563013,77.57127918756605,13.031567974221499,77.57148102336795,conditions Sandstorms,High ,0,motorcycle,Buffet,Metropolitan ,19:58,20:12,(min) 86
NaN ,4.4,12.983650038203598,77.60332628023848,12.934708398698973,77.6902885303716,conditions Foggy,Low ,0,electric_scooter,Buffet,Metropolitan ,22:20,22:32,(min) 67
29,3.9,12.980243800914288,77.59620229234025,12.971519799935887,77.55752429327488,conditions Stormy,High ,1,scooter,Buffet,Metropolitan ,12:25,12:39,(min) 71
28,4.5,13.006241698654742,77.58693872067184,12.987632241561899,77.64229860907481,conditions Stormy,High ,2,motorcycle,Meal,Metropolitan ,13:31,13:52,(min) 69
38,4.8,13.009871067924799,77.56282296144441,13.06237188451069,77.55418283048537,conditions Sandstorms,High ,0,scooter,Meal,Metropolitan ,16:11,16:32,(min) 60
NaN ,3.9,12.98888754201904,77.55936467937231,12.981249197015465,77.4866930473704,conditions Stormy,Medium ,2,bicycle,Buffet,Metropolitan ,18:21,18:32,(min) 65
34,4.6,12.955534444952757,77.61547042428553,12.956145103697654,77.66085804801047,conditions Foggy,High ,1,scooter,Drinks,Urban ,13:13,13:36,(min) 59
43,4.1,12.99359323160574,77.57732397954017,12.971113856366925,77.57940635683543,conditions Sunny,Medium ,1,motorcycle,Drinks,Urban ,11:59,12:13,(min) 37
46,4.4,12.960628637800367,77.58682009152174,13.05943743022649,77.6256273444999,conditions Foggy,High ,2,motorcycle,Snack,Metropolitan ,14:03,14:18,(min) 89
27,3.9,13.010996717324854,77.6343905886732,13.022923231858975,77.73911805696612,conditions Sunny,Medium ,1,scooter,Snack,Urban ,15:30,15:43,(min) 65
28,4.6,12.951666600628197,77.57189608776048,12.987680743103162,77.57031828761852,conditions Windy,Jam ,1,scooter,Meal,Metropolitan ,21:32,21:46,(min) 58
42,4.5,12.951600995788723,77.57100066236258,12.865201896938958,77.56808365876655,conditions Foggy,Medium ,2,electric_scooter,Snack,Metropolitan ,13:10,13:21,(min) 71
28,3.9,13.009690551868081,77.5693336555086,13.033241771958266,77.61270615389051,conditions Stormy,Low ,1,motorcycle,Buffet,Metropolitan ,11:30,11:47,(min) 58
22,4.7,12.991947573589535,77.61841455618888,12.879390353312324,77.60596746129772,conditions Sandstorms,Low ,2,bicycle,Buffet,Urban ,08:34,08:54,(min) 62
39,4.5,12.963757740984112,77.57729701689482,12.958686657246597,77.64930861817284,conditions Sunny,Medium ,2,scooter,Snack,Urban ,17:25,17:49,(min) 51
NaN ,4.9,12.944626636894792,77.61626274201124,13.002457014011922,77.59949813765114,conditions Stormy,Jam ,1,scooter,Drinks,Metropolitan ,21:15,21:38,(min) 80
44,NaN ,12.975541706251354,77.56208347122222,13.021945589270066,77.59172469946064,conditions Foggy,Low ,2,electric_scooter,Buffet,Urban ,09:04,09:23,(min) 45
35,4.1,13.010204327701032,77.56205199838654,13.06778063377568,77.64467719168826,conditions Sandstorms,Medium ,2,electric_scooter,Buffet,Urban ,10:44,11:06,(min) 68
49,4.3,12.994143345466256,77.57559765783176,12.916858459443343,77.66707543471914,conditions Cloudy,Medium ,1,scooter,Snack,Metropolitan ,17:34,17:52,(min) 72
24,4.5,12.945517980026453,77.59918897072822,13.051910386799182,77.59010932779121,conditions Windy,Medium ,1,scooter,Meal,Metropolitan ,17:56,18:10,(min) 65
46,4.8,12.934434327481688,77.62243689299598,12.919786199567318,77.52966709865699,conditions Sandstorms,Low ,1,bicycle,Snack,Metropolitan ,12:27,12:50,(min) 65
46,3.9,12.93891905059889,77.5961835545212,12.908633474944653,77.46240257133682,conditions Sunny,High ,1,electric_scooter,Buffet,Metropolitan ,09:46,10:04,(min) 84
NaN ,4.4,12.94305293340087,77.58745451991483,12.942921054192091,77.55235638721315,conditions Stormy,High ,2,scooter,Buffet,Metropolitan ,20:22,20:42,(min) 62
46,4.5,13.006375048419834,77.63095646065698,12.98745812730893,77.62075979440519,conditions Sandstorms,Medium ,0,motorcycle,Buffet,Metropolitan ,21:03,21:24,(min) 51
29,4.2,13.00881843181178,77.58369694049507,13.114459716789048,77.56450378586374,conditions Foggy,Jam ,1,bicycle,Buffet,Metropolitan ,20:36,20:56,(min) 94
38,4.5,12.931930475978554,77.57901363925114,12.911650646624981,77.65444719609967,conditions Sunny,Medium ,2,electric_scooter,Drinks,Metropolitan ,20:58,21:17,(min) 58
NaN ,4.3,13.010234950239212,77.57403236105144,13.020849576330928,77.62546275922683,conditions Stormy,Jam ,2,scooter,Drinks,Urban ,17:04,17:23,(min) 71
46,3.6,12.937909636831284,77.5617320301108,13.016887461599502,77.47185374848002,conditions Cloudy,Low ,0,scooter,Buffet,Metropolitan ,20:30,20:51,(min) 81
42,4.3,12.958728056641668,77.62196691039055,12.895547324832057,77.58139135634347,conditions Sunny,Jam ,0,bicycle,Snack,Metropolitan ,13:50,14:02,(min) 78
46,4.5,12.983776864035429,77.58809400790408,12.968342257844705,77.69464597355004,conditions Windy,Low ,1,scooter,Buffet,Metropolitan ,08:54,09:16,(min) 60
NaN ,3.7,12.979557782242448,77.62097254714966,12.892447818956882,77.63419107748554,conditions Sandstorms,Medium ,2,bicycle,Snack,Metropolitan ,20:32,20:47,(min) 73
27,NaN ,12.933790234530717,77.59361767976581,13.01635524903467,77.65006640625714,conditions Sunny,Low ,2,motorcycle,Meal,Metropolitan ,08:11,08:21,(min) 50
24,4.9,12.991712205985934,77.60315417385698,13.008457809660827,77.64710930710292,conditions Sandstorms,Low ,1,electric_scooter,Meal,Urban ,20:48,21:09,(min) 48
24,4.5,12.973499634506554,77.60261245864481,12.99680884236436,77.60210750864167,conditions Windy,Low ,2,scooter,Snack,Metropolitan ,16:48,17:06,(min) 31
26,4.8,12.95170330799967,77.63223358937576,13.066460715387496,77.5703723301363,conditions Windy,High ,0,scooter,Snack,Urban ,16:45,16:59,(min) 88
42,3.6,12.991473225837947,77.57472334479019,12.957278435032473,77.55402087541947,conditions Stormy,Jam ,2,motorcycle,Drinks,Metropolitan ,19:52,20:03,(min) 81
44,3.8,12.953256505968422,77.60908252495378,13.007743222540201,77.64438705797488,conditions Cloudy,Jam ,2,electric_scooter,Drinks,Metropolitan ,12:06,12:30,(min) 79
37,4.5,12.978064293040335,77.59085840174035,12.905607768090835,77.63668139956013,conditions Stormy,Low ,0,motorcycle,Snack,Metropolitan ,20:07,20:24,(min) 72
42,3.7,12.939346237758548,77.61989048338532,12.894428709722881,77.63069869499103,conditions Sandstorms,High ,2,scooter,Buffet,Metropolitan ,16:27,16:42,(min) 64
36,4,12.960318060478569,77.58310352635607,13.038932964894117,77.52570833902413,conditions Foggy,High ,1,scooter,Meal,Metropolitan ,13:29,13:47,(min) 82
41,4.9,12.967678072469681,77.62706303442866,13.038586809509779,77.56154414822987,conditions Stormy,Low ,1,scooter,Snack,Metropolitan ,22:11,22:27,(min) 68
26,4.6,12.93757293805331,77.5981986235179,12.919266626066511,77.654265228074,conditions Sandstorms,High ,1,scooter,Drinks,Metropolitan ,16:27,16:37,(min) 58
29,3.5,12.993751871342212,77.55713133319318,13.001229008431208,77.62036936190242,conditions Foggy,Medium ,1,electric_scooter,Buffet,Metropolitan ,20:11,20:27,(min) 62
49,4.2,12.937600963747501,77.60766724755094,12.878829229547463,77.63532294728192,conditions Cloudy,Jam ,2,scooter,Buffet,Metropolitan ,20:24,20:35,(min) 74
35,NaN ,12.987064096721262,77.58908039602488,13.072142208037636,77.58159663641189,conditions Sandstorms,High ,0,electric_scooter,Snack,Urban ,11:36,11:58,(min) 69
34,4.5,12.998858322425187,77.61262022160962,12.913397855250478,77.50740044931352,conditions Foggy,Jam ,2,bicycle,Drinks,Metropolitan ,22:55,23:18,(min) 94
33,3.7,13.000962700972707,77.6033220314145,13.030344886938575,77.61397697647836,conditions Cloudy,Jam ,1,motorcycle,Meal,Metropolitan ,13:26,13:46,(min) 66
32,4.7,12.981882593145967,77.56684172776565,12.9942427490598,77.51990091409104,conditions Foggy,High ,2,electric_scooter,Meal,Metropolitan ,11:11,11:21,(min) 55
22,4.9,12.988225892352313,77.58695317129641,13.112971229170046,77.53934976851956,conditions Foggy,Jam ,2,electric_scooter,Buffet,Metropolitan ,09:58,10:09,(min) 90
30,4.8,12.940276178120078,77.60887075842395,12.947054318190421,77.48575759209807,conditions Sunny,Low ,0,bicycle,Buffet,Metropolitan ,18:53,19:17,(min) 67
20,4.5,12.938858918453008,77.58472343086302,12.966033125091547,77.54348473284583,conditions Cloudy,Low ,1,scooter,Buffet,Metropolitan ,10:32,10:49,(min) 40